{"mean":{"confidence_interval":{"confidence_level":0.95,"lower_bound":4437269919.337501,"upper_bound":4924347899.9},"point_estimate":4684094601.7,"standard_error":125431502.71754594},"median":{"confidence_interval":{"confidence_level":0.95,"lower_bound":4249776036.0,"upper_bound":5093254793.0},"point_estimate":4708898169.0,"standard_error":309836612.35833055},"median_abs_dev":{"confidence_interval":{"confidence_level":0.95,"lower_bound":3663258.4233641624,"upper_bound":625218926.4097452},"point_estimate":570949568.6226189,"standard_error":207627137.80597445},"slope":null,"std_dev":{"confidence_interval":{"confidence_level":0.95,"lower_bound":298000735.5030034,"upper_bound":443385575.1609144},"point_estimate":417726538.48650396,"standard_error":38561607.31176024}}