{"mean":{"confidence_interval":{"confidence_level":0.95,"lower_bound":1012126508.7,"upper_bound":1055983025.0},"point_estimate":1032760045.6,"standard_error":11237797.439464804},"median":{"confidence_interval":{"confidence_level":0.95,"lower_bound":997002893.0,"upper_bound":1059327554.0},"point_estimate":1030260126.5,"standard_error":11410113.586627465},"median_abs_dev":{"confidence_interval":{"confidence_level":0.95,"lower_bound":366305.2341967821,"upper_bound":60197332.14828372},"point_estimate":28370746.954518557,"standard_error":20096342.183971137},"slope":null,"std_dev":{"confidence_interval":{"confidence_level":0.95,"lower_bound":16977706.893959872,"upper_bound":48106180.44231418},"point_estimate":37508401.366697885,"standard_error":8220676.889777964}}