{"mean":{"confidence_interval":{"confidence_level":0.95,"lower_bound":395817269.81,"upper_bound":424849854.8},"point_estimate":409958745.3,"standard_error":7432047.896091012},"median":{"confidence_interval":{"confidence_level":0.95,"lower_bound":390147363.25,"upper_bound":433156852.0},"point_estimate":405157749.25,"standard_error":11991678.130975591},"median_abs_dev":{"confidence_interval":{"confidence_level":0.95,"lower_bound":3856370.776435733,"upper_bound":41400425.59799552},"point_estimate":25973005.475386977,"standard_error":9793540.005662257},"slope":null,"std_dev":{"confidence_interval":{"confidence_level":0.95,"lower_bound":14524474.483268961,"upper_bound":30086906.90274049},"point_estimate":24827825.644464165,"standard_error":3907254.05152713}}