{"mean":{"confidence_interval":{"confidence_level":0.95,"lower_bound":6628402445.4,"upper_bound":7519100003.3},"point_estimate":7052962900.0,"standard_error":226460309.58214593},"median":{"confidence_interval":{"confidence_level":0.95,"lower_bound":6462393270.0,"upper_bound":8026840101.0},"point_estimate":6506740551.0,"standard_error":493473770.06263614},"median_abs_dev":{"confidence_interval":{"confidence_level":0.95,"lower_bound":6640738.74630332,"upper_bound":1138050861.4646583},"point_estimate":72657452.22067237,"standard_error":365857441.9705898},"slope":null,"std_dev":{"confidence_interval":{"confidence_level":0.95,"lower_bound":486958609.82778406,"upper_bound":819730667.1604236},"point_estimate":755992128.3247534,"standard_error":101816306.9928623}}