{"mean":{"confidence_interval":{"confidence_level":0.95,"lower_bound":3430574000.9025,"upper_bound":3782820611.3},"point_estimate":3602970923.3,"standard_error":89520885.07315284},"median":{"confidence_interval":{"confidence_level":0.95,"lower_bound":3353124343.5,"upper_bound":3938464037.0},"point_estimate":3429187706.0,"standard_error":197667278.71021777},"median_abs_dev":{"confidence_interval":{"confidence_level":0.95,"lower_bound":7238747.669586539,"upper_bound":467889991.02389216},"point_estimate":147781610.54085195,"standard_error":140798772.8664172},"slope":null,"std_dev":{"confidence_interval":{"confidence_level":0.95,"lower_bound":176584617.56325945,"upper_bound":326625563.27163804},"point_estimate":298968178.934161,"standard_error":36261059.16913399}}