{"mean":{"confidence_interval":{"confidence_level":0.95,"lower_bound":47052432.55208333,"upper_bound":47644800.02206994},"point_estimate":47363591.92271826,"standard_error":151865.3158560314},"median":{"confidence_interval":{"confidence_level":0.95,"lower_bound":46919775.75,"upper_bound":47634072.025},"point_estimate":47573053.440972224,"standard_error":180378.1335609979},"median_abs_dev":{"confidence_interval":{"confidence_level":0.95,"lower_bound":17141.87031567907,"upper_bound":812909.7050029816},"point_estimate":159033.7336765892,"standard_error":244421.49606359183},"slope":{"confidence_interval":{"confidence_level":0.95,"lower_bound":47301280.056040965,"upper_bound":47592597.5106383},"point_estimate":47496356.38051948,"standard_error":75773.71311265172},"std_dev":{"confidence_interval":{"confidence_level":0.95,"lower_bound":216975.95994023475,"upper_bound":647935.7022313048},"point_estimate":506196.9422635675,"standard_error":108670.64158674267}}