{"mean":{"confidence_interval":{"confidence_level":0.95,"lower_bound":3534571725.8,"upper_bound":3871843684.2},"point_estimate":3707083977.5,"standard_error":85006904.9039163},"median":{"confidence_interval":{"confidence_level":0.95,"lower_bound":3396759562.5,"upper_bound":3926860314.0},"point_estimate":3921215570.5,"standard_error":186187928.2770976},"median_abs_dev":{"confidence_interval":{"confidence_level":0.95,"lower_bound":2094374.837717414,"upper_bound":391871443.89139116},"point_estimate":13084802.45179832,"standard_error":140114991.02541354},"slope":null,"std_dev":{"confidence_interval":{"confidence_level":0.95,"lower_bound":165727640.87405387,"upper_bound":310792512.0827312},"point_estimate":285086637.55453837,"standard_error":37630758.46790407}}