{"mean":{"confidence_interval":{"confidence_level":0.95,"lower_bound":1685034408.0,"upper_bound":1730418126.6},"point_estimate":1708838967.4,"standard_error":11606934.770493623},"median":{"confidence_interval":{"confidence_level":0.95,"lower_bound":1691852440.0,"upper_bound":1729805126.5},"point_estimate":1714864728.0,"standard_error":9589241.34319195},"median_abs_dev":{"confidence_interval":{"confidence_level":0.95,"lower_bound":2677977.3370563984,"upper_bound":58091381.91127181},"point_estimate":23874113.155549765,"standard_error":13082063.89315922},"slope":null,"std_dev":{"confidence_interval":{"confidence_level":0.95,"lower_bound":13722633.122972067,"upper_bound":54288420.25173165},"point_estimate":38625722.506927766,"standard_error":10675543.603986667}}