{"mean":{"confidence_interval":{"confidence_level":0.95,"lower_bound":11562517646.6625,"upper_bound":12406113547.4},"point_estimate":12006796136.2,"standard_error":210929621.84222493},"median":{"confidence_interval":{"confidence_level":0.95,"lower_bound":11875681694.5,"upper_bound":12229819091.0},"point_estimate":11996793497.0,"standard_error":108045095.73624194},"median_abs_dev":{"confidence_interval":{"confidence_level":0.95,"lower_bound":40220384.99004543,"upper_bound":1027681178.6596119},"point_estimate":285347890.0621623,"standard_error":212797749.7107636},"slope":null,"std_dev":{"confidence_interval":{"confidence_level":0.95,"lower_bound":136283939.30197266,"upper_bound":1019280770.1729445},"point_estimate":700711806.1667751,"standard_error":232459633.80634084}}