{"mean":{"confidence_interval":{"confidence_level":0.95,"lower_bound":904111079.7225,"upper_bound":1269848597.36},"point_estimate":1084422935.7,"standard_error":93755454.6914496},"median":{"confidence_interval":{"confidence_level":0.95,"lower_bound":795470301.0,"upper_bound":1386571560.0},"point_estimate":1031988570.5,"standard_error":223117432.9555802},"median_abs_dev":{"confidence_interval":{"confidence_level":0.95,"lower_bound":795653.5844743252,"upper_bound":373603926.3485044},"point_estimate":352122083.1368834,"standard_error":151729017.03309062},"slope":null,"std_dev":{"confidence_interval":{"confidence_level":0.95,"lower_bound":210354299.89325416,"upper_bound":344128081.1085589},"point_estimate":311277418.8455958,"standard_error":33154597.721676037}}