{"mean":{"confidence_interval":{"confidence_level":0.95,"lower_bound":19729045.512136508,"upper_bound":20363270.100396823},"point_estimate":20072574.71756349,"standard_error":163317.11312347287},"median":{"confidence_interval":{"confidence_level":0.95,"lower_bound":19706827.16,"upper_bound":20420767.520833336},"point_estimate":20251834.37142857,"standard_error":170409.4373849812},"median_abs_dev":{"confidence_interval":{"confidence_level":0.95,"lower_bound":79774.05204372862,"upper_bound":841938.4475699379},"point_estimate":352929.0294382568,"standard_error":198611.629918231},"slope":{"confidence_interval":{"confidence_level":0.95,"lower_bound":19886326.251654267,"upper_bound":20503973.08483833},"point_estimate":20229206.09090909,"standard_error":158295.38834895263},"std_dev":{"confidence_interval":{"confidence_level":0.95,"lower_bound":200651.13083754806,"upper_bound":719650.2155780195},"point_estimate":544011.47037638,"standard_error":135627.64319983413}}