{"mean":{"confidence_interval":{"confidence_level":0.95,"lower_bound":862189025.2,"upper_bound":972494166.3},"point_estimate":912148075.1,"standard_error":28213809.46165788},"median":{"confidence_interval":{"confidence_level":0.95,"lower_bound":842933892.0,"upper_bound":996804062.5},"point_estimate":870632505.0,"standard_error":33392520.316548966},"median_abs_dev":{"confidence_interval":{"confidence_level":0.95,"lower_bound":5963232.071131468,"upper_bound":124925639.55872655},"point_estimate":49776258.50649476,"standard_error":30678710.399640568},"slope":null,"std_dev":{"confidence_interval":{"confidence_level":0.95,"lower_bound":28218952.408855136,"upper_bound":117378429.0070753},"point_estimate":94257388.3007427,"standard_error":23449544.82455814}}