{"mean":{"confidence_interval":{"confidence_level":0.95,"lower_bound":0.5527963868882363,"upper_bound":0.6245101103510264},"point_estimate":0.5862256534831602,"standard_error":0.018861128407512955},"median":{"confidence_interval":{"confidence_level":0.95,"lower_bound":0.5417399572766282,"upper_bound":0.6492467983079548},"point_estimate":0.5672820223006383,"standard_error":0.033494411736022016}}