{"mean":{"confidence_interval":{"confidence_level":0.95,"lower_bound":214035412.86249998,"upper_bound":221447446.0666667},"point_estimate":217786447.23333335,"standard_error":1888982.8675724126},"median":{"confidence_interval":{"confidence_level":0.95,"lower_bound":213997698.6666667,"upper_bound":223204218.66666666},"point_estimate":218008097.1666667,"standard_error":2088911.615978821},"median_abs_dev":{"confidence_interval":{"confidence_level":0.95,"lower_bound":993169.5065677239,"upper_bound":10657518.68559122},"point_estimate":6797061.369428024,"standard_error":2602487.6301619355},"slope":null,"std_dev":{"confidence_interval":{"confidence_level":0.95,"lower_bound":3215434.4038065486,"upper_bound":8209302.348043492},"point_estimate":6288379.1385658495,"standard_error":1278405.6208004707}}