{"mean":{"confidence_interval":{"confidence_level":0.95,"lower_bound":-0.022061942692076116,"upper_bound":0.000442533320524484},"point_estimate":-0.010095575659128553,"standard_error":0.005782572886276817},"median":{"confidence_interval":{"confidence_level":0.95,"lower_bound":-0.026507368263254394,"upper_bound":0.005395251579522586},"point_estimate":-0.003029180375996421,"standard_error":0.007184633127976548}}