{"mean":{"confidence_interval":{"confidence_level":0.95,"lower_bound":1901167183.3,"upper_bound":1941295291.3},"point_estimate":1920980460.9,"standard_error":10229395.656159531},"median":{"confidence_interval":{"confidence_level":0.95,"lower_bound":1892662844.0,"upper_bound":1948989225.5},"point_estimate":1926576571.0,"standard_error":13226777.26891058},"median_abs_dev":{"confidence_interval":{"confidence_level":0.95,"lower_bound":3552047.116738558,"upper_bound":62548770.54763734},"point_estimate":41705715.171575546,"standard_error":17088254.673472665},"slope":null,"std_dev":{"confidence_interval":{"confidence_level":0.95,"lower_bound":19234890.379073758,"upper_bound":42788094.65021778},"point_estimate":34068306.504698336,"standard_error":6076919.577652388}}