{"mean":{"confidence_interval":{"confidence_level":0.95,"lower_bound":1044085442.0,"upper_bound":1060857486.74},"point_estimate":1052967931.6,"standard_error":4352454.767215417},"median":{"confidence_interval":{"confidence_level":0.95,"lower_bound":1033935158.0,"upper_bound":1063539887.0},"point_estimate":1060970368.5,"standard_error":7514802.048850842},"median_abs_dev":{"confidence_interval":{"confidence_level":0.95,"lower_bound":1058337.6826107502,"upper_bound":22804813.87003362},"point_estimate":6688432.504856586,"standard_error":5770098.5521135945},"slope":null,"std_dev":{"confidence_interval":{"confidence_level":0.95,"lower_bound":4981712.472915571,"upper_bound":16530594.68157182},"point_estimate":14539186.882944874,"standard_error":2518782.7742904886}}