{"mean":{"confidence_interval":{"confidence_level":0.95,"lower_bound":-0.009432136067954027,"upper_bound":-0.0006500241211149383},"point_estimate":-0.0050090342520463516,"standard_error":0.002248713479243179},"median":{"confidence_interval":{"confidence_level":0.95,"lower_bound":-0.011276090818077376,"upper_bound":-0.0007043840056220052},"point_estimate":-0.0029637067013088547,"standard_error":0.0028764639161616957}}