{"mean":{"confidence_interval":{"confidence_level":0.95,"lower_bound":1299917181.4,"upper_bound":1433807973.575},"point_estimate":1387402474.5,"standard_error":40618622.75514659},"median":{"confidence_interval":{"confidence_level":0.95,"lower_bound":1420391704.0,"upper_bound":1434365411.0},"point_estimate":1429948674.0,"standard_error":10226678.893049415},"median_abs_dev":{"confidence_interval":{"confidence_level":0.95,"lower_bound":1836639.658293128,"upper_bound":20003450.856667757},"point_estimate":6005182.97868669,"standard_error":13024213.90062492},"slope":null,"std_dev":{"confidence_interval":{"confidence_level":0.95,"lower_bound":3885114.6235966696,"upper_bound":208759233.83389634},"point_estimate":136089572.2297856,"standard_error":74548916.54352641}}