{"mean":{"confidence_interval":{"confidence_level":0.95,"lower_bound":2492235973.04,"upper_bound":2519190524.7},"point_estimate":2506205585.1,"standard_error":6827110.091675668},"median":{"confidence_interval":{"confidence_level":0.95,"lower_bound":2500479546.0,"upper_bound":2519057738.0},"point_estimate":2504412629.0,"standard_error":4926693.433715246},"median_abs_dev":{"confidence_interval":{"confidence_level":0.95,"lower_bound":1875183.5511088371,"upper_bound":34634072.08632231},"point_estimate":7165286.323490739,"standard_error":8271851.736199379},"slope":null,"std_dev":{"confidence_interval":{"confidence_level":0.95,"lower_bound":6376840.9486853145,"upper_bound":32293945.664276898},"point_estimate":22627281.957238484,"standard_error":6769007.661230949}}