{"mean":{"confidence_interval":{"confidence_level":0.95,"lower_bound":19962404828.2275,"upper_bound":20410782961.07},"point_estimate":20181327486.8,"standard_error":114794739.00650172},"median":{"confidence_interval":{"confidence_level":0.95,"lower_bound":19874633732.5,"upper_bound":20640898296.0},"point_estimate":20104589129.0,"standard_error":188693192.55142066},"median_abs_dev":{"confidence_interval":{"confidence_level":0.95,"lower_bound":26451462.725892663,"upper_bound":650790042.7689672},"point_estimate":371624268.4250504,"standard_error":162682643.86260656},"slope":null,"std_dev":{"confidence_interval":{"confidence_level":0.95,"lower_bound":229303882.27891856,"upper_bound":456972242.3064936},"point_estimate":381649895.55899614,"standard_error":57235978.7315838}}