{"mean":{"confidence_interval":{"confidence_level":0.95,"lower_bound":229918307.21083334,"upper_bound":235318785.37000003},"point_estimate":232603060.1666667,"standard_error":1380917.3473323109},"median":{"confidence_interval":{"confidence_level":0.95,"lower_bound":228771399.33333334,"upper_bound":235555594.66666666},"point_estimate":232631549.1666667,"standard_error":1653553.5626783727},"median_abs_dev":{"confidence_interval":{"confidence_level":0.95,"lower_bound":650296.7649549098,"upper_bound":8133786.849096447},"point_estimate":5006176.723122553,"standard_error":1897706.2793245807},"slope":null,"std_dev":{"confidence_interval":{"confidence_level":0.95,"lower_bound":2551987.7025226764,"upper_bound":5964198.252037562},"point_estimate":4617935.84851506,"standard_error":890743.9264152683}}