{"mean":{"confidence_interval":{"confidence_level":0.95,"lower_bound":1847891195.7025,"upper_bound":1923566843.4},"point_estimate":1885314322.7,"standard_error":19385803.114658672},"median":{"confidence_interval":{"confidence_level":0.95,"lower_bound":1830832841.0,"upper_bound":1944187539.5},"point_estimate":1868880662.5,"standard_error":29840833.712170467},"median_abs_dev":{"confidence_interval":{"confidence_level":0.95,"lower_bound":8324019.745919108,"upper_bound":103371828.72048318},"point_estimate":91872684.7317338,"standard_error":26560778.500033364},"slope":null,"std_dev":{"confidence_interval":{"confidence_level":0.95,"lower_bound":39343594.436943695,"upper_bound":78068780.85715981},"point_estimate":64469303.17143228,"standard_error":9897478.57818745}}