{"mean":{"confidence_interval":{"confidence_level":0.95,"lower_bound":6117393.702206349,"upper_bound":6149207.991364021},"point_estimate":6132594.589243386,"standard_error":8196.169652802317},"median":{"confidence_interval":{"confidence_level":0.95,"lower_bound":6109122.433333334,"upper_bound":6151873.090476191},"point_estimate":6127067.675000001,"standard_error":10143.479570148038},"median_abs_dev":{"confidence_interval":{"confidence_level":0.95,"lower_bound":6926.267788146147,"upper_bound":46839.11379844061},"point_estimate":28768.073369264326,"standard_error":10302.710801674837},"slope":{"confidence_interval":{"confidence_level":0.95,"lower_bound":6114012.78796748,"upper_bound":6145460.043537423},"point_estimate":6126853.52051948,"standard_error":7960.9576325234675},"std_dev":{"confidence_interval":{"confidence_level":0.95,"lower_bound":13162.699328934817,"upper_bound":34618.295384862235},"point_estimate":27337.037252614413,"standard_error":5473.187889487152}}