{"mean":{"confidence_interval":{"confidence_level":0.95,"lower_bound":9768009.516777778,"upper_bound":9972670.260234822},"point_estimate":9878604.503575398,"standard_error":52946.74770134839},"median":{"confidence_interval":{"confidence_level":0.95,"lower_bound":9816998.611111112,"upper_bound":10005885.0875},"point_estimate":9898979.763333334,"standard_error":43693.33996788373},"median_abs_dev":{"confidence_interval":{"confidence_level":0.95,"lower_bound":6792.460120409028,"upper_bound":247409.14241761007},"point_estimate":140021.5424612037,"standard_error":67344.15748883608},"slope":{"confidence_interval":{"confidence_level":0.95,"lower_bound":9830359.88383943,"upper_bound":9953955.169781312},"point_estimate":9891183.952987013,"standard_error":31082.387736683337},"std_dev":{"confidence_interval":{"confidence_level":0.95,"lower_bound":71028.5594701641,"upper_bound":246631.4917368516},"point_estimate":175926.08941871134,"standard_error":50804.927272796725}}