{"mean":{"confidence_interval":{"confidence_level":0.95,"lower_bound":4458180953.0975,"upper_bound":4921773609.6},"point_estimate":4691870234.6,"standard_error":118546721.28010646},"median":{"confidence_interval":{"confidence_level":0.95,"lower_bound":4231472091.0,"upper_bound":5008360439.0},"point_estimate":4927330917.5,"standard_error":273709197.5133256},"median_abs_dev":{"confidence_interval":{"confidence_level":0.95,"lower_bound":6745241.288048029,"upper_bound":554311891.7632967},"point_estimate":194875545.46846747,"standard_error":184253109.8392451},"slope":null,"std_dev":{"confidence_interval":{"confidence_level":0.95,"lower_bound":245220410.03513744,"upper_bound":422274414.216539},"point_estimate":395218355.5214514,"standard_error":46325784.00458455}}