{"mean":{"confidence_interval":{"confidence_level":0.95,"lower_bound":-0.0035475549060399254,"upper_bound":0.13138697264764482},"point_estimate":0.06795784825672158,"standard_error":0.03436461728501639},"median":{"confidence_interval":{"confidence_level":0.95,"lower_bound":-0.010186311082239885,"upper_bound":0.14621236570990304},"point_estimate":0.13625273806277471,"standard_error":0.03560581436613149}}