{"mean":{"confidence_interval":{"confidence_level":0.95,"lower_bound":633938823.065,"upper_bound":645841599.37},"point_estimate":639957825.8,"standard_error":3024512.9620637484},"median":{"confidence_interval":{"confidence_level":0.95,"lower_bound":635196729.0,"upper_bound":647341873.5},"point_estimate":639195533.5,"standard_error":2812939.760724553},"median_abs_dev":{"confidence_interval":{"confidence_level":0.95,"lower_bound":1517083.7664663792,"upper_bound":17433901.98608637},"point_estimate":5926035.120391846,"standard_error":4153569.4182180814},"slope":null,"std_dev":{"confidence_interval":{"confidence_level":0.95,"lower_bound":3731587.043926409,"upper_bound":13745497.906332823},"point_estimate":10130235.980790464,"standard_error":2413777.4003042793}}