{"mean":{"confidence_interval":{"confidence_level":0.95,"lower_bound":453183391.9,"upper_bound":472015705.4775},"point_estimate":462740703.85,"standard_error":4818527.677878792},"median":{"confidence_interval":{"confidence_level":0.95,"lower_bound":447391091.0,"upper_bound":474838684.0},"point_estimate":466162625.25,"standard_error":7648135.908529952},"median_abs_dev":{"confidence_interval":{"confidence_level":0.95,"lower_bound":2716292.168176174,"upper_bound":26320607.710915804},"point_estimate":16277105.58052361,"standard_error":6127703.557628487},"slope":null,"std_dev":{"confidence_interval":{"confidence_level":0.95,"lower_bound":9602111.539585965,"upper_bound":19652475.65048853},"point_estimate":16066038.571666522,"standard_error":2538507.4601899968}}