{"mean":{"confidence_interval":{"confidence_level":0.95,"lower_bound":212707231.5991667,"upper_bound":220145076.64666668},"point_estimate":216388131.6333333,"standard_error":1893861.304121996},"median":{"confidence_interval":{"confidence_level":0.95,"lower_bound":211151783.5,"upper_bound":220341926.8333333},"point_estimate":217076902.16666666,"standard_error":2338353.4589537145},"median_abs_dev":{"confidence_interval":{"confidence_level":0.95,"lower_bound":1013298.7664103581,"upper_bound":10887999.476799354},"point_estimate":5620597.781014413,"standard_error":2494982.288019801},"slope":null,"std_dev":{"confidence_interval":{"confidence_level":0.95,"lower_bound":3214897.6302530076,"upper_bound":8301281.167520781},"point_estimate":6305201.825676755,"standard_error":1295980.54118359}}