{"mean":{"confidence_interval":{"confidence_level":0.95,"lower_bound":412132790.9275,"upper_bound":437930661.65},"point_estimate":427811339.35,"standard_error":7071487.02868572},"median":{"confidence_interval":{"confidence_level":0.95,"lower_bound":426013832.5,"upper_bound":441527916.5},"point_estimate":434791219.0,"standard_error":3938695.6469347626},"median_abs_dev":{"confidence_interval":{"confidence_level":0.95,"lower_bound":1524469.7088852525,"upper_bound":16822681.6144377},"point_estimate":10178823.47778976,"standard_error":4062466.3302931837},"slope":null,"std_dev":{"confidence_interval":{"confidence_level":0.95,"lower_bound":4523183.63652909,"upper_bound":35740784.91056352},"point_estimate":23507292.17662935,"standard_error":10447319.542818496}}