{"mean":{"confidence_interval":{"confidence_level":0.95,"lower_bound":290407508.75,"upper_bound":295471262.44},"point_estimate":293111484.4,"standard_error":1306520.159322353},"median":{"confidence_interval":{"confidence_level":0.95,"lower_bound":288448373.5,"upper_bound":296481639.25},"point_estimate":294739785.25,"standard_error":1867913.71865026},"median_abs_dev":{"confidence_interval":{"confidence_level":0.95,"lower_bound":613741.9035539031,"upper_bound":6631848.70621115},"point_estimate":2784745.6622108817,"standard_error":1637926.3264552928},"slope":null,"std_dev":{"confidence_interval":{"confidence_level":0.95,"lower_bound":1425645.114002494,"upper_bound":5224588.394425053},"point_estimate":4365532.831335864,"standard_error":819276.4657302132}}