{"mean":{"confidence_interval":{"confidence_level":0.95,"lower_bound":1.173588259267174,"upper_bound":1.3162865829033634},"point_estimate":1.2463580971119392,"standard_error":0.037286995306795065},"median":{"confidence_interval":{"confidence_level":0.95,"lower_bound":1.1554609602521735,"upper_bound":1.3436026177902956},"point_estimate":1.272284845975296,"standard_error":0.05611482947240008}}