{"mean":{"confidence_interval":{"confidence_level":0.95,"lower_bound":826685217.4,"upper_bound":837792521.575},"point_estimate":832411547.0,"standard_error":2863207.70258563},"median":{"confidence_interval":{"confidence_level":0.95,"lower_bound":822812505.0,"upper_bound":839668609.0},"point_estimate":834849163.0,"standard_error":4087885.7132289964},"median_abs_dev":{"confidence_interval":{"confidence_level":0.95,"lower_bound":1637062.4280363321,"upper_bound":16168818.702346087},"point_estimate":8782372.940781713,"standard_error":3779191.6422653366},"slope":null,"std_dev":{"confidence_interval":{"confidence_level":0.95,"lower_bound":5102791.069137383,"upper_bound":11483676.894173795},"point_estimate":9481538.562207695,"standard_error":1558313.1678568723}}