{"mean":{"confidence_interval":{"confidence_level":0.95,"lower_bound":7029672278.6,"upper_bound":7269791049.23},"point_estimate":7160899108.5,"standard_error":61832587.26198617},"median":{"confidence_interval":{"confidence_level":0.95,"lower_bound":7063564316.0,"upper_bound":7319216435.0},"point_estimate":7191720188.5,"standard_error":82007887.34150751},"median_abs_dev":{"confidence_interval":{"confidence_level":0.95,"lower_bound":29687943.62733364,"upper_bound":330509710.3409797},"point_estimate":184634974.66697395,"standard_error":73962298.7899901},"slope":null,"std_dev":{"confidence_interval":{"confidence_level":0.95,"lower_bound":96755473.91236204,"upper_bound":286307963.9784618},"point_estimate":206168468.5713903,"standard_error":56374893.73494459}}