{"mean":{"confidence_interval":{"confidence_level":0.95,"lower_bound":-0.016854577640841938,"upper_bound":-0.011916190135839458},"point_estimate":-0.014403193953869908,"standard_error":0.0012558378297384352},"median":{"confidence_interval":{"confidence_level":0.95,"lower_bound":-0.01739025336801192,"upper_bound":-0.011288277045281125},"point_estimate":-0.015651198344359907,"standard_error":0.0015956880721201081}}