{"mean":{"confidence_interval":{"confidence_level":0.95,"lower_bound":1029095782.11,"upper_bound":1094795306.05},"point_estimate":1063023677.6,"standard_error":16783908.020706605},"median":{"confidence_interval":{"confidence_level":0.95,"lower_bound":1019410479.0,"upper_bound":1104085071.5},"point_estimate":1071562484.0,"standard_error":25807081.747539602},"median_abs_dev":{"confidence_interval":{"confidence_level":0.95,"lower_bound":5909111.241692305,"upper_bound":94927257.2881043},"point_estimate":50381890.958842635,"standard_error":22406927.75283864},"slope":null,"std_dev":{"confidence_interval":{"confidence_level":0.95,"lower_bound":31305458.773393493,"upper_bound":71565518.05756302},"point_estimate":55901455.61403146,"standard_error":10543168.677999798}}