{"mean":{"confidence_interval":{"confidence_level":0.95,"lower_bound":459839756.89625,"upper_bound":471958576.3},"point_estimate":466171932.55,"standard_error":3118354.6427867366},"median":{"confidence_interval":{"confidence_level":0.95,"lower_bound":457583924.25,"upper_bound":475187797.0},"point_estimate":468490170.25,"standard_error":4578356.37619692},"median_abs_dev":{"confidence_interval":{"confidence_level":0.95,"lower_bound":1739685.7743144035,"upper_bound":17237955.64316511},"point_estimate":10332516.462761164,"standard_error":3998708.3005665173},"slope":null,"std_dev":{"confidence_interval":{"confidence_level":0.95,"lower_bound":5340216.032189322,"upper_bound":12788353.952610264},"point_estimate":10354477.18948252,"standard_error":1882820.8790372259}}