{"mean":{"confidence_interval":{"confidence_level":0.95,"lower_bound":476429917.51124996,"upper_bound":518448070.75},"point_estimate":491503717.2,"standard_error":12382526.12666895},"median":{"confidence_interval":{"confidence_level":0.95,"lower_bound":474571905.5,"upper_bound":484448150.75},"point_estimate":477672625.75,"standard_error":3767615.9241427626},"median_abs_dev":{"confidence_interval":{"confidence_level":0.95,"lower_bound":745996.1222559214,"upper_bound":11076573.344251513},"point_estimate":4770511.156256497,"standard_error":4400833.059230026},"slope":null,"std_dev":{"confidence_interval":{"confidence_level":0.95,"lower_bound":2260045.7984177917,"upper_bound":63598841.52461066},"point_estimate":41410112.64218401,"standard_error":21673159.3828203}}