{"mean":{"confidence_interval":{"confidence_level":0.95,"lower_bound":2716136672.4,"upper_bound":3152965572.5},"point_estimate":2984521333.4,"standard_error":124440627.8298367},"median":{"confidence_interval":{"confidence_level":0.95,"lower_bound":2974833030.5,"upper_bound":3163290949.0},"point_estimate":3132448309.0,"standard_error":47588501.97849329},"median_abs_dev":{"confidence_interval":{"confidence_level":0.95,"lower_bound":5696550.883466005,"upper_bound":230461660.97358763},"point_estimate":34799840.848079324,"standard_error":58575501.3068342},"slope":null,"std_dev":{"confidence_interval":{"confidence_level":0.95,"lower_bound":20623997.053121146,"upper_bound":631520010.8679292},"point_estimate":415032608.96309716,"standard_error":196736573.23831505}}