{"mean":{"confidence_interval":{"confidence_level":0.95,"lower_bound":388321482.79625,"upper_bound":397916844.4},"point_estimate":393145317.45,"standard_error":2467679.132750978},"median":{"confidence_interval":{"confidence_level":0.95,"lower_bound":384821634.5,"upper_bound":399710007.5},"point_estimate":394300016.75,"standard_error":4318056.654528095},"median_abs_dev":{"confidence_interval":{"confidence_level":0.95,"lower_bound":1976258.3217144012,"upper_bound":13173074.97163117},"point_estimate":10727067.450356483,"standard_error":2980316.378682118},"slope":null,"std_dev":{"confidence_interval":{"confidence_level":0.95,"lower_bound":5242218.195414842,"upper_bound":9760009.767408736},"point_estimate":8199063.541104284,"standard_error":1158326.790163903}}