{"mean":{"confidence_interval":{"confidence_level":0.95,"lower_bound":0.03943018394914346,"upper_bound":0.05887026895959618},"point_estimate":0.050485307475024666,"standard_error":0.005065296470900677},"median":{"confidence_interval":{"confidence_level":0.95,"lower_bound":0.0487975661701201,"upper_bound":0.05995157127882833},"point_estimate":0.05492077556511754,"standard_error":0.002800064426264755}}