{"mean":{"confidence_interval":{"confidence_level":0.95,"lower_bound":0.6378234106659654,"upper_bound":0.679477183826305},"point_estimate":0.6594505707092506,"standard_error":0.010687393162464424},"median":{"confidence_interval":{"confidence_level":0.95,"lower_bound":0.625145801401801,"upper_bound":0.6912582321186991},"point_estimate":0.6735073743758715,"standard_error":0.018175305925293785}}