{"mean":{"confidence_interval":{"confidence_level":0.95,"lower_bound":0.23261465044858684,"upper_bound":0.4893337182790702},"point_estimate":0.37911484029975595,"standard_error":0.061979787185540494},"median":{"confidence_interval":{"confidence_level":0.95,"lower_bound":0.2522931462732143,"upper_bound":0.5093415838832009},"point_estimate":0.4637529199013384,"standard_error":0.052685220972332046}}