{"mean":{"confidence_interval":{"confidence_level":0.95,"lower_bound":1555799726.6525,"upper_bound":1656472351.4924998},"point_estimate":1609291182.9,"standard_error":25880371.299953386},"median":{"confidence_interval":{"confidence_level":0.95,"lower_bound":1543356707.0,"upper_bound":1661603221.0},"point_estimate":1626097542.0,"standard_error":23948941.597756367},"median_abs_dev":{"confidence_interval":{"confidence_level":0.95,"lower_bound":10981671.37863636,"upper_bound":140871158.689937},"point_estimate":39237067.6074028,"standard_error":33549021.355222788},"slope":null,"std_dev":{"confidence_interval":{"confidence_level":0.95,"lower_bound":30036912.295130406,"upper_bound":111311269.45841247},"point_estimate":86278840.96557665,"standard_error":20296518.765791174}}