{"mean":{"confidence_interval":{"confidence_level":0.95,"lower_bound":0.6269513279175947,"upper_bound":0.8399646314957745},"point_estimate":0.7228903219237099,"standard_error":0.05484965119543974},"median":{"confidence_interval":{"confidence_level":0.95,"lower_bound":0.5989232170061956,"upper_bound":0.9082747401042595},"point_estimate":0.6302255431847186,"standard_error":0.07967385204052195}}