{"mean":{"confidence_interval":{"confidence_level":0.95,"lower_bound":209312843.04833332,"upper_bound":214290538.39999998},"point_estimate":211873941.79999998,"standard_error":1277247.055361512},"median":{"confidence_interval":{"confidence_level":0.95,"lower_bound":207559447.0,"upper_bound":215331637.6666667},"point_estimate":213596590.0,"standard_error":2184749.0515130004},"median_abs_dev":{"confidence_interval":{"confidence_level":0.95,"lower_bound":594979.7244370132,"upper_bound":6546953.42556835},"point_estimate":4735238.0025327355,"standard_error":1698384.9218702312},"slope":null,"std_dev":{"confidence_interval":{"confidence_level":0.95,"lower_bound":2552051.5548157785,"upper_bound":5081680.790560078},"point_estimate":4245926.653415007,"standard_error":646267.7702991047}}