{"mean":{"confidence_interval":{"confidence_level":0.95,"lower_bound":1229347059.2,"upper_bound":1251565357.0049999},"point_estimate":1239957507.1,"standard_error":5691540.713829619},"median":{"confidence_interval":{"confidence_level":0.95,"lower_bound":1224289255.0,"upper_bound":1244478480.0},"point_estimate":1242394953.0,"standard_error":4864886.350881326},"median_abs_dev":{"confidence_interval":{"confidence_level":0.95,"lower_bound":335776.27683877945,"upper_bound":28263767.729517817},"point_estimate":3985669.8027402163,"standard_error":8817353.68255423},"slope":null,"std_dev":{"confidence_interval":{"confidence_level":0.95,"lower_bound":6669930.883532478,"upper_bound":26699952.05161914},"point_estimate":18964675.66150327,"standard_error":5233456.346896426}}