{"mean":{"confidence_interval":{"confidence_level":0.95,"lower_bound":305603813.85,"upper_bound":338086004.4},"point_estimate":321666345.6,"standard_error":8276638.253561916},"median":{"confidence_interval":{"confidence_level":0.95,"lower_bound":299897987.75,"upper_bound":352674427.25},"point_estimate":301639349.25,"standard_error":19004012.630069796},"median_abs_dev":{"confidence_interval":{"confidence_level":0.95,"lower_bound":712698.7800970674,"upper_bound":39998419.388236105},"point_estimate":3858142.854054272,"standard_error":14263571.221869592},"slope":null,"std_dev":{"confidence_interval":{"confidence_level":0.95,"lower_bound":16413197.698071782,"upper_bound":29148586.583734047},"point_estimate":27612742.05676487,"standard_error":3395043.3726919447}}