{"mean":{"confidence_interval":{"confidence_level":0.95,"lower_bound":-0.1109568670778735,"upper_bound":0.041726887335047966},"point_estimate":-0.03995995815510767,"standard_error":0.03919069651332051},"median":{"confidence_interval":{"confidence_level":0.95,"lower_bound":-0.12291296073224456,"upper_bound":0.038790749839781924},"point_estimate":-0.034305884128461916,"standard_error":0.039649821306188104}}