{"mean":{"confidence_interval":{"confidence_level":0.95,"lower_bound":1358076417.5,"upper_bound":1399713117.5800002},"point_estimate":1379342914.3,"standard_error":10699555.983568078},"median":{"confidence_interval":{"confidence_level":0.95,"lower_bound":1340036025.5,"upper_bound":1409697872.0},"point_estimate":1393827470.0,"standard_error":21236268.200228274},"median_abs_dev":{"confidence_interval":{"confidence_level":0.95,"lower_bound":4438246.046805382,"upper_bound":53757886.00040674},"point_estimate":38771055.301076174,"standard_error":14005876.124840492},"slope":null,"std_dev":{"confidence_interval":{"confidence_level":0.95,"lower_bound":22993863.75560126,"upper_bound":40401259.34769449},"point_estimate":35692816.76499891,"standard_error":4406793.09998143}}