{"mean":{"confidence_interval":{"confidence_level":0.95,"lower_bound":417009350.04375,"upper_bound":426246430.41125},"point_estimate":421189256.5,"standard_error":2378051.000451412},"median":{"confidence_interval":{"confidence_level":0.95,"lower_bound":415749353.75,"upper_bound":425373876.25},"point_estimate":418682827.25,"standard_error":2429581.4024102553},"median_abs_dev":{"confidence_interval":{"confidence_level":0.95,"lower_bound":842017.0802012086,"upper_bound":11808400.258558989},"point_estimate":6811021.654330194,"standard_error":2830331.453465073},"slope":null,"std_dev":{"confidence_interval":{"confidence_level":0.95,"lower_bound":3320406.460754182,"upper_bound":10819221.837666718},"point_estimate":7900798.9289870765,"standard_error":2120527.070938389}}