{"mean":{"confidence_interval":{"confidence_level":0.95,"lower_bound":0.5045226572255992,"upper_bound":1.074953549500055},"point_estimate":0.7804218143267307,"standard_error":0.14623636122801367},"median":{"confidence_interval":{"confidence_level":0.95,"lower_bound":0.2842121132406634,"upper_bound":1.3840040890934873},"point_estimate":0.9316373948571384,"standard_error":0.28245226666074147}}