{"mean":{"confidence_interval":{"confidence_level":0.95,"lower_bound":462352359.525,"upper_bound":477880349.85},"point_estimate":469826790.7,"standard_error":3959869.0212226403},"median":{"confidence_interval":{"confidence_level":0.95,"lower_bound":461449456.0,"upper_bound":475634956.0},"point_estimate":470152597.75,"standard_error":3555182.354201716},"median_abs_dev":{"confidence_interval":{"confidence_level":0.95,"lower_bound":993955.0374537706,"upper_bound":22910853.12665105},"point_estimate":10476550.308904052,"standard_error":5627143.0187891545},"slope":null,"std_dev":{"confidence_interval":{"confidence_level":0.95,"lower_bound":5958754.247444345,"upper_bound":17865167.57632219},"point_estimate":13123482.43403469,"standard_error":3121507.0614885753}}