{"mean":{"confidence_interval":{"confidence_level":0.95,"lower_bound":224753076.76749998,"upper_bound":230922088.13333336},"point_estimate":227806713.7,"standard_error":1579629.0798305983},"median":{"confidence_interval":{"confidence_level":0.95,"lower_bound":222571156.66666666,"upper_bound":231746943.0},"point_estimate":228811246.3333333,"standard_error":2357608.4870479577},"median_abs_dev":{"confidence_interval":{"confidence_level":0.95,"lower_bound":420385.0450366883,"upper_bound":9779612.431377143},"point_estimate":6419803.18082571,"standard_error":2304951.651619175},"slope":null,"std_dev":{"confidence_interval":{"confidence_level":0.95,"lower_bound":3150288.078115328,"upper_bound":6579807.351476374},"point_estimate":5270519.609321459,"standard_error":893057.0337918184}}