{"mean":{"confidence_interval":{"confidence_level":0.95,"lower_bound":19018782622.4,"upper_bound":19066473337.98},"point_estimate":19043284171.4,"standard_error":12174792.09516837},"median":{"confidence_interval":{"confidence_level":0.95,"lower_bound":19012105446.0,"upper_bound":19070534026.5},"point_estimate":19049537866.5,"standard_error":11864735.96195379},"median_abs_dev":{"confidence_interval":{"confidence_level":0.95,"lower_bound":3939507.5699597597,"upper_bound":71343255.58890402},"point_estimate":26737319.120317698,"standard_error":18555968.193919186},"slope":null,"std_dev":{"confidence_interval":{"confidence_level":0.95,"lower_bound":20079030.958441526,"upper_bound":53120697.873819135},"point_estimate":40649026.295207,"standard_error":8479368.552497411}}