{"mean":{"confidence_interval":{"confidence_level":0.95,"lower_bound":445386363.5,"upper_bound":456773447.4225},"point_estimate":450838565.3,"standard_error":2918155.653398878},"median":{"confidence_interval":{"confidence_level":0.95,"lower_bound":442408722.0,"upper_bound":458284378.5},"point_estimate":449107000.5,"standard_error":5167423.506604167},"median_abs_dev":{"confidence_interval":{"confidence_level":0.95,"lower_bound":1098969.8174893856,"upper_bound":18061572.54574299},"point_estimate":10186446.265554428,"standard_error":4784273.251024622},"slope":null,"std_dev":{"confidence_interval":{"confidence_level":0.95,"lower_bound":5666335.554463958,"upper_bound":12070095.617772957},"point_estimate":9688313.025216857,"standard_error":1711120.275362677}}