{"mean":{"confidence_interval":{"confidence_level":0.95,"lower_bound":13470727649.8,"upper_bound":13689429359.4},"point_estimate":13581451333.3,"standard_error":55759820.44320302},"median":{"confidence_interval":{"confidence_level":0.95,"lower_bound":13437603602.0,"upper_bound":13707204862.0},"point_estimate":13618403331.5,"standard_error":76520243.37759137},"median_abs_dev":{"confidence_interval":{"confidence_level":0.95,"lower_bound":34263617.796099186,"upper_bound":318375510.2208048},"point_estimate":199253081.27025068,"standard_error":71614926.55182174},"slope":null,"std_dev":{"confidence_interval":{"confidence_level":0.95,"lower_bound":103891420.21709804,"upper_bound":238344688.12317377},"point_estimate":186017549.99486777,"standard_error":34724996.93214863}}