{"mean":{"confidence_interval":{"confidence_level":0.95,"lower_bound":-0.009793815763878846,"upper_bound":0.002984046765346498},"point_estimate":-0.003284176743911349,"standard_error":0.003216745183636075},"median":{"confidence_interval":{"confidence_level":0.95,"lower_bound":-0.008376400453304234,"upper_bound":0.00463229260715603},"point_estimate":-0.0011926263399633097,"standard_error":0.0032414225223359083}}