{"mean":{"confidence_interval":{"confidence_level":0.95,"lower_bound":494428660.1,"upper_bound":527043635.6175},"point_estimate":511660419.05,"standard_error":8370665.599506565},"median":{"confidence_interval":{"confidence_level":0.95,"lower_bound":485658393.5,"upper_bound":534937218.5},"point_estimate":520898644.75,"standard_error":13151388.9335431},"median_abs_dev":{"confidence_interval":{"confidence_level":0.95,"lower_bound":5215417.169357836,"upper_bound":45800974.687220156},"point_estimate":26399676.991412044,"standard_error":10820432.744470421},"slope":null,"std_dev":{"confidence_interval":{"confidence_level":0.95,"lower_bound":15086665.583915312,"upper_bound":34798093.84418791},"point_estimate":27810073.027562026,"standard_error":5224297.338938066}}