{"mean":{"confidence_interval":{"confidence_level":0.95,"lower_bound":1204622226.0675,"upper_bound":1235619014.2949998},"point_estimate":1219549929.5,"standard_error":7947454.272018919},"median":{"confidence_interval":{"confidence_level":0.95,"lower_bound":1200306242.0,"upper_bound":1242120208.0},"point_estimate":1213643384.0,"standard_error":10233598.327338077},"median_abs_dev":{"confidence_interval":{"confidence_level":0.95,"lower_bound":6306985.477128625,"upper_bound":44307022.07489312},"point_estimate":21561573.731705546,"standard_error":10139642.19851252},"slope":null,"std_dev":{"confidence_interval":{"confidence_level":0.95,"lower_bound":13598273.189323056,"upper_bound":34504251.97193202},"point_estimate":26539930.13956393,"standard_error":5446586.410810993}}