{"mean":{"confidence_interval":{"confidence_level":0.95,"lower_bound":3536451982.0,"upper_bound":3885784569.4},"point_estimate":3707873290.5,"standard_error":89723315.15022069},"median":{"confidence_interval":{"confidence_level":0.95,"lower_bound":3475972292.0,"upper_bound":4042940394.0},"point_estimate":3529919195.0,"standard_error":195538827.13198793},"median_abs_dev":{"confidence_interval":{"confidence_level":0.95,"lower_bound":26412393.99268627,"upper_bound":447002336.07542217},"point_estimate":158904521.8059808,"standard_error":137161913.89527574},"slope":null,"std_dev":{"confidence_interval":{"confidence_level":0.95,"lower_bound":184161211.72313318,"upper_bound":324745904.67247295},"point_estimate":297704473.59633595,"standard_error":35675215.29747412}}