{"mean":{"confidence_interval":{"confidence_level":0.95,"lower_bound":212558287.225,"upper_bound":219783248.3333333},"point_estimate":216575330.93333334,"standard_error":1861051.7290892184},"median":{"confidence_interval":{"confidence_level":0.95,"lower_bound":212754693.5,"upper_bound":220618332.1666667},"point_estimate":218546110.6666667,"standard_error":1585312.1946681452},"median_abs_dev":{"confidence_interval":{"confidence_level":0.95,"lower_bound":552151.3647973537,"upper_bound":8034203.574064381},"point_estimate":2375702.383422844,"standard_error":1878292.2333129065},"slope":null,"std_dev":{"confidence_interval":{"confidence_level":0.95,"lower_bound":1477096.1467396333,"upper_bound":8154968.862485787},"point_estimate":6219358.693589141,"standard_error":1764149.070597234}}