{"mean":{"confidence_interval":{"confidence_level":0.95,"lower_bound":984783220.0,"upper_bound":1044105956.06},"point_estimate":1010368638.6,"standard_error":15441493.089631936},"median":{"confidence_interval":{"confidence_level":0.95,"lower_bound":977820195.0,"upper_bound":1024734055.0},"point_estimate":1001837809.5,"standard_error":14530601.61394709},"median_abs_dev":{"confidence_interval":{"confidence_level":0.95,"lower_bound":5450140.543940663,"upper_bound":60168121.963602304},"point_estimate":31725133.842766285,"standard_error":13485420.146423416},"slope":null,"std_dev":{"confidence_interval":{"confidence_level":0.95,"lower_bound":17867601.468150984,"upper_bound":75030816.96639891},"point_estimate":51477032.32509001,"standard_error":17804494.991198435}}