{"mean":{"confidence_interval":{"confidence_level":0.95,"lower_bound":501674563.28999996,"upper_bound":528142748.39875},"point_estimate":514526707.8,"standard_error":6783863.304042406},"median":{"confidence_interval":{"confidence_level":0.95,"lower_bound":497850212.75,"upper_bound":531182928.0},"point_estimate":512292949.25,"standard_error":8237089.562596704},"median_abs_dev":{"confidence_interval":{"confidence_level":0.95,"lower_bound":4080260.422360897,"upper_bound":37362475.61368346},"point_estimate":17025067.63034463,"standard_error":8694174.457763098},"slope":null,"std_dev":{"confidence_interval":{"confidence_level":0.95,"lower_bound":11725408.811019428,"upper_bound":29100356.154756337},"point_estimate":22590612.106415816,"standard_error":4485733.866454495}}