{"mean":{"confidence_interval":{"confidence_level":0.95,"lower_bound":3778629290.0875,"upper_bound":3972005781.3},"point_estimate":3897798504.4,"standard_error":53856195.46888776},"median":{"confidence_interval":{"confidence_level":0.95,"lower_bound":3899074711.0,"upper_bound":3994074687.0},"point_estimate":3949696532.0,"standard_error":24410833.765738457},"median_abs_dev":{"confidence_interval":{"confidence_level":0.95,"lower_bound":8341913.986301422,"upper_bound":101793529.1424036},"point_estimate":56824340.854266286,"standard_error":28620519.21947498},"slope":null,"std_dev":{"confidence_interval":{"confidence_level":0.95,"lower_bound":26156157.81184962,"upper_bound":273792710.42475253},"point_estimate":179111602.27992404,"standard_error":83142509.40458018}}