{"mean":{"confidence_interval":{"confidence_level":0.95,"lower_bound":478932531.85,"upper_bound":488607595.69124997},"point_estimate":483137242.5,"standard_error":2512971.901598293},"median":{"confidence_interval":{"confidence_level":0.95,"lower_bound":478456368.75,"upper_bound":487835882.25},"point_estimate":478960489.5,"standard_error":2187468.013620556},"median_abs_dev":{"confidence_interval":{"confidence_level":0.95,"lower_bound":160153.41435670853,"upper_bound":9369878.7552014},"point_estimate":1486902.8494521976,"standard_error":2398244.8416023967},"slope":null,"std_dev":{"confidence_interval":{"confidence_level":0.95,"lower_bound":905836.2151488452,"upper_bound":11058740.28884027},"point_estimate":8362650.098944157,"standard_error":2646272.301362593}}