{"mean":{"confidence_interval":{"confidence_level":0.95,"lower_bound":17173520290.33,"upper_bound":19798441406.3375},"point_estimate":18496148701.8,"standard_error":638326291.6178828},"median":{"confidence_interval":{"confidence_level":0.95,"lower_bound":15503340102.0,"upper_bound":19833516369.0},"point_estimate":19788869385.0,"standard_error":1090110560.4181073},"median_abs_dev":{"confidence_interval":{"confidence_level":0.95,"lower_bound":1820275.4610836506,"upper_bound":3272622881.4825296},"point_estimate":83210575.11171699,"standard_error":964092908.2124285},"slope":null,"std_dev":{"confidence_interval":{"confidence_level":0.95,"lower_bound":54121710.963925466,"upper_bound":2327555708.0066447},"point_estimate":2121962088.6891456,"standard_error":436892831.2967062}}