{"mean":{"confidence_interval":{"confidence_level":0.95,"lower_bound":16947141134.9,"upper_bound":19732249783.8},"point_estimate":18343430278.5,"standard_error":697088127.4211164},"median":{"confidence_interval":{"confidence_level":0.95,"lower_bound":15765131145.5,"upper_bound":20415678352.5},"point_estimate":19318653472.5,"standard_error":1712762686.6226048},"median_abs_dev":{"confidence_interval":{"confidence_level":0.95,"lower_bound":5174177.539139986,"upper_bound":3434055715.864724},"point_estimate":1712452774.579686,"standard_error":1232626801.442156},"slope":null,"std_dev":{"confidence_interval":{"confidence_level":0.95,"lower_bound":1554482075.810029,"upper_bound":2461587046.857311},"point_estimate":2316717219.834339,"standard_error":249367009.700436}}