{"mean":{"confidence_interval":{"confidence_level":0.95,"lower_bound":813490386.4,"upper_bound":825941115.2724999},"point_estimate":819580176.6,"standard_error":3207273.2015025206},"median":{"confidence_interval":{"confidence_level":0.95,"lower_bound":809769138.5,"upper_bound":829591243.5},"point_estimate":817999392.5,"standard_error":5887464.29214297},"median_abs_dev":{"confidence_interval":{"confidence_level":0.95,"lower_bound":1973608.9155614376,"upper_bound":17812449.048265815},"point_estimate":12949113.419607282,"standard_error":4089009.043160554},"slope":null,"std_dev":{"confidence_interval":{"confidence_level":0.95,"lower_bound":6803448.874015499,"upper_bound":12554601.891273556},"point_estimate":10686637.021204473,"standard_error":1457900.5178132583}}