{"mean":{"confidence_interval":{"confidence_level":0.95,"lower_bound":16399741061.93,"upper_bound":19030194387.7},"point_estimate":17717186755.8,"standard_error":687205261.6973375},"median":{"confidence_interval":{"confidence_level":0.95,"lower_bound":15494457951.0,"upper_bound":19888848143.5},"point_estimate":17802164266.5,"standard_error":1860125346.2224543},"median_abs_dev":{"confidence_interval":{"confidence_level":0.95,"lower_bound":3639722.148782015,"upper_bound":3244099125.0216274},"point_estimate":3100854926.4507203,"standard_error":1322676917.0258942},"slope":null,"std_dev":{"confidence_interval":{"confidence_level":0.95,"lower_bound":1796263646.3295,"upper_bound":2314670781.082581},"point_estimate":2289717490.286258,"standard_error":196475470.75648853}}