{"mean":{"confidence_interval":{"confidence_level":0.95,"lower_bound":267258799.76666668,"upper_bound":273250241.0},"point_estimate":270238153.76666665,"standard_error":1535097.2535494487},"median":{"confidence_interval":{"confidence_level":0.95,"lower_bound":266446056.66666666,"upper_bound":276490873.3333333},"point_estimate":269210849.8333333,"standard_error":2555336.4365304317},"median_abs_dev":{"confidence_interval":{"confidence_level":0.95,"lower_bound":454928.3889234066,"upper_bound":8969837.082153529},"point_estimate":4423929.814359516,"standard_error":2209088.9059449406},"slope":null,"std_dev":{"confidence_interval":{"confidence_level":0.95,"lower_bound":3079710.2349773357,"upper_bound":6180885.683670038},"point_estimate":5103736.826545926,"standard_error":790873.149808678}}