{"mean":{"confidence_interval":{"confidence_level":0.95,"lower_bound":842490293.1,"upper_bound":1109738896.5},"point_estimate":986641599.1,"standard_error":69330741.03196639},"median":{"confidence_interval":{"confidence_level":0.95,"lower_bound":776687155.0,"upper_bound":1147818610.5},"point_estimate":1134115836.0,"standard_error":102869117.31123455},"median_abs_dev":{"confidence_interval":{"confidence_level":0.95,"lower_bound":3679976.961967349,"upper_bound":368734629.9266517},"point_estimate":27032316.484880447,"standard_error":105141913.09766781},"slope":null,"std_dev":{"confidence_interval":{"confidence_level":0.95,"lower_bound":60711647.3572821,"upper_bound":280107661.1190532},"point_estimate":232660779.00327983,"standard_error":48932799.73306344}}