{"mean":{"confidence_interval":{"confidence_level":0.95,"lower_bound":977272344.7,"upper_bound":1002792895.5},"point_estimate":990193436.8,"standard_error":6525148.884791125},"median":{"confidence_interval":{"confidence_level":0.95,"lower_bound":970613911.0,"upper_bound":1009795934.0},"point_estimate":994464217.5,"standard_error":10189841.772944482},"median_abs_dev":{"confidence_interval":{"confidence_level":0.95,"lower_bound":4536142.864367366,"upper_bound":35893838.02525699},"point_estimate":26083921.74461782,"standard_error":8107477.089409857},"slope":null,"std_dev":{"confidence_interval":{"confidence_level":0.95,"lower_bound":13039683.782599613,"upper_bound":26826300.51425059},"point_estimate":21731797.679419037,"standard_error":3546595.917674022}}