{"mean":{"confidence_interval":{"confidence_level":0.95,"lower_bound":448459120.9,"upper_bound":455152724.4},"point_estimate":451525526.35,"standard_error":1721491.1469765606},"median":{"confidence_interval":{"confidence_level":0.95,"lower_bound":447421914.25,"upper_bound":456881321.5},"point_estimate":448351026.25,"standard_error":2335448.9219576647},"median_abs_dev":{"confidence_interval":{"confidence_level":0.95,"lower_bound":133918.8078224659,"upper_bound":8939154.18149829},"point_estimate":2140014.4540071487,"standard_error":2392627.0726872105},"slope":null,"std_dev":{"confidence_interval":{"confidence_level":0.95,"lower_bound":1986568.0873407165,"upper_bound":7038981.84532579},"point_estimate":5711952.830151081,"standard_error":1310891.1147988793}}