{"mean":{"confidence_interval":{"confidence_level":0.95,"lower_bound":78157225.63426043,"upper_bound":79087306.84530802},"point_estimate":78552511.17398809,"standard_error":244036.18684428345},"median":{"confidence_interval":{"confidence_level":0.95,"lower_bound":78017551.55833334,"upper_bound":78811902.95},"point_estimate":78341068.11160713,"standard_error":225368.7856264873},"median_abs_dev":{"confidence_interval":{"confidence_level":0.95,"lower_bound":64520.871129527135,"upper_bound":883730.1575406459},"point_estimate":429893.57641786337,"standard_error":242495.80400052323},"slope":{"confidence_interval":{"confidence_level":0.95,"lower_bound":78089427.24145299,"upper_bound":78826566.8987069},"point_estimate":78333278.22987013,"standard_error":190047.68837976627},"std_dev":{"confidence_interval":{"confidence_level":0.95,"lower_bound":247394.80599464817,"upper_bound":1184122.0649115609},"point_estimate":812575.0638026623,"standard_error":285572.0963053429}}