{"mean":{"confidence_interval":{"confidence_level":0.95,"lower_bound":492364656.35249996,"upper_bound":501690608.6},"point_estimate":495902490.7,"standard_error":2616108.2075305027},"median":{"confidence_interval":{"confidence_level":0.95,"lower_bound":491530119.0,"upper_bound":495439176.5},"point_estimate":493323644.0,"standard_error":1085293.8246756284},"median_abs_dev":{"confidence_interval":{"confidence_level":0.95,"lower_bound":282007.5648933649,"upper_bound":4568811.213487387},"point_estimate":2553547.1690654755,"standard_error":1344556.0949616632},"slope":null,"std_dev":{"confidence_interval":{"confidence_level":0.95,"lower_bound":1138334.7123853043,"upper_bound":13375555.659154896},"point_estimate":8741169.515223248,"standard_error":4144417.209883174}}