{"mean":{"confidence_interval":{"confidence_level":0.95,"lower_bound":24234143055.9,"upper_bound":27815547344.7},"point_estimate":25672274002.5,"standard_error":904675625.1505784},"median":{"confidence_interval":{"confidence_level":0.95,"lower_bound":24225053358.0,"upper_bound":27826818508.5},"point_estimate":24244150372.0,"standard_error":802251771.6854415},"median_abs_dev":{"confidence_interval":{"confidence_level":0.95,"lower_bound":9432152.772545815,"upper_bound":5268115473.774254},"point_estimate":35041028.72919738,"standard_error":855150261.1772168},"slope":null,"std_dev":{"confidence_interval":{"confidence_level":0.95,"lower_bound":24014925.078845136,"upper_bound":3761443226.7145753},"point_estimate":3017821903.587891,"standard_error":1037244016.1143681}}