{"mean":{"confidence_interval":{"confidence_level":0.95,"lower_bound":214966838.86666664,"upper_bound":220314687.9},"point_estimate":217639663.3333333,"standard_error":1374323.1258292352},"median":{"confidence_interval":{"confidence_level":0.95,"lower_bound":213876983.1666667,"upper_bound":221074283.6666667},"point_estimate":217741492.5,"standard_error":1812534.0771093776},"median_abs_dev":{"confidence_interval":{"confidence_level":0.95,"lower_bound":1635763.9175593706,"upper_bound":7690788.94216121},"point_estimate":4624307.154402137,"standard_error":1651324.950981543},"slope":null,"std_dev":{"confidence_interval":{"confidence_level":0.95,"lower_bound":2594635.5742984707,"upper_bound":5765493.189623471},"point_estimate":4582021.885705503,"standard_error":814440.4155086628}}