{"mean":{"confidence_interval":{"confidence_level":0.95,"lower_bound":233957664.3,"upper_bound":241821150.16666666},"point_estimate":237940569.29999995,"standard_error":2012177.652197291},"median":{"confidence_interval":{"confidence_level":0.95,"lower_bound":232677509.8333333,"upper_bound":243587718.8333333},"point_estimate":238350593.0,"standard_error":3911558.406919055},"median_abs_dev":{"confidence_interval":{"confidence_level":0.95,"lower_bound":890477.4664908574,"upper_bound":10676251.58335863},"point_estimate":7574555.328124747,"standard_error":2888799.2893817},"slope":null,"std_dev":{"confidence_interval":{"confidence_level":0.95,"lower_bound":4399557.775581935,"upper_bound":8077035.672302184},"point_estimate":6698739.263115419,"standard_error":962607.7513963645}}