{"mean":{"confidence_interval":{"confidence_level":0.95,"lower_bound":72202992758.11,"upper_bound":77054536509.4},"point_estimate":74618230254.5,"standard_error":1234189169.4370298},"median":{"confidence_interval":{"confidence_level":0.95,"lower_bound":72227588705.0,"upper_bound":76200481286.0},"point_estimate":75306446941.0,"standard_error":997611393.2690701},"median_abs_dev":{"confidence_interval":{"confidence_level":0.95,"lower_bound":330073851.8942177,"upper_bound":6800538929.7337},"point_estimate":1496635834.3615026,"standard_error":1714300682.50287},"slope":null,"std_dev":{"confidence_interval":{"confidence_level":0.95,"lower_bound":1269689359.1671953,"upper_bound":5687330933.883038},"point_estimate":4101000620.098224,"standard_error":1062054892.33203}}