{"mean":{"confidence_interval":{"confidence_level":0.95,"lower_bound":620999310.6725,"upper_bound":631847217.61},"point_estimate":626814682.3,"standard_error":2823562.763817537},"median":{"confidence_interval":{"confidence_level":0.95,"lower_bound":614360731.0,"upper_bound":633504331.0},"point_estimate":632193230.5,"standard_error":4798986.767826033},"median_abs_dev":{"confidence_interval":{"confidence_level":0.95,"lower_bound":276446.3323920965,"upper_bound":14592691.133227944},"point_estimate":3936892.2636061907,"standard_error":3647615.5250799856},"slope":null,"std_dev":{"confidence_interval":{"confidence_level":0.95,"lower_bound":2798024.4754697513,"upper_bound":10659437.821800517},"point_estimate":9392145.871154118,"standard_error":1669696.9756823143}}