{"mean":{"confidence_interval":{"confidence_level":0.95,"lower_bound":1020626700.9,"upper_bound":1037232601.8349999},"point_estimate":1028658137.4,"standard_error":4267877.3029733915},"median":{"confidence_interval":{"confidence_level":0.95,"lower_bound":1016059494.0,"upper_bound":1042855010.0},"point_estimate":1022804449.5,"standard_error":7181922.317210055},"median_abs_dev":{"confidence_interval":{"confidence_level":0.95,"lower_bound":1616776.7538964748,"upper_bound":23800342.687359452},"point_estimate":13449308.550927043,"standard_error":5590546.2520827865},"slope":null,"std_dev":{"confidence_interval":{"confidence_level":0.95,"lower_bound":7958535.047984078,"upper_bound":16779325.40945383},"point_estimate":14207480.969311446,"standard_error":2189345.4072558885}}