{"mean":{"confidence_interval":{"confidence_level":0.95,"lower_bound":18912487.759666666,"upper_bound":19614911.22516667},"point_estimate":19258312.03338889,"standard_error":179924.83060914668},"median":{"confidence_interval":{"confidence_level":0.95,"lower_bound":18699506.84,"upper_bound":19845876.4},"point_estimate":19276857.799999997,"standard_error":318691.0742960318},"median_abs_dev":{"confidence_interval":{"confidence_level":0.95,"lower_bound":126469.79724804628,"upper_bound":979213.3680034888},"point_estimate":849803.7397409667,"standard_error":226446.3804379195},"slope":{"confidence_interval":{"confidence_level":0.95,"lower_bound":18739537.093969848,"upper_bound":19498929.206004076},"point_estimate":19113230.83012987,"standard_error":194917.08951155472},"std_dev":{"confidence_interval":{"confidence_level":0.95,"lower_bound":381613.22747622535,"upper_bound":704341.7860476883},"point_estimate":599876.3353096443,"standard_error":81830.43576889443}}