{"mean":{"confidence_interval":{"confidence_level":0.95,"lower_bound":0.3266867541792765,"upper_bound":0.7492759876573094},"point_estimate":0.5681198355340247,"standard_error":0.10335224646208403},"median":{"confidence_interval":{"confidence_level":0.95,"lower_bound":0.27651792057964397,"upper_bound":0.8373748930687794},"point_estimate":0.6537361967231397,"standard_error":0.12737578437938124}}