{"mean":{"confidence_interval":{"confidence_level":0.95,"lower_bound":12926559460.817501,"upper_bound":14996772725.109999},"point_estimate":13960926221.6,"standard_error":525664224.58094615},"median":{"confidence_interval":{"confidence_level":0.95,"lower_bound":12535946191.0,"upper_bound":15990270601.0},"point_estimate":12748346227.5,"standard_error":1284357969.544638},"median_abs_dev":{"confidence_interval":{"confidence_level":0.95,"lower_bound":5706323.441192508,"upper_bound":2562848685.5065403},"point_estimate":322305887.94012666,"standard_error":918293128.4535426},"slope":null,"std_dev":{"confidence_interval":{"confidence_level":0.95,"lower_bound":1082061777.2869318,"upper_bound":1822015530.747797},"point_estimate":1753389646.4481564,"standard_error":205945907.18859842}}