{"mean":{"confidence_interval":{"confidence_level":0.95,"lower_bound":0.0705371721876491,"upper_bound":0.48984419747302804},"point_estimate":0.27864963271210996,"standard_error":0.11207855023199122},"median":{"confidence_interval":{"confidence_level":0.95,"lower_bound":-0.062048253172940604,"upper_bound":0.6295202967982239},"point_estimate":0.27285296027332806,"standard_error":0.28972509480323283}}