{"mean":{"confidence_interval":{"confidence_level":0.95,"lower_bound":0.6708803821333861,"upper_bound":0.6973864555932384},"point_estimate":0.6839027321002751,"standard_error":0.00671544417751237},"median":{"confidence_interval":{"confidence_level":0.95,"lower_bound":0.667344525494197,"upper_bound":0.7060403691003381},"point_estimate":0.6912706018478365,"standard_error":0.01022892584875806}}