{"mean":{"confidence_interval":{"confidence_level":0.95,"lower_bound":523220260.4,"upper_bound":696075313.8},"point_estimate":610240646.1,"standard_error":44232778.086419284},"median":{"confidence_interval":{"confidence_level":0.95,"lower_bound":429058228.0,"upper_bound":732525645.0},"point_estimate":630132068.0,"standard_error":67700671.42615144},"median_abs_dev":{"confidence_interval":{"confidence_level":0.95,"lower_bound":854606.2072277069,"upper_bound":272185948.67503345},"point_estimate":166628682.34384954,"standard_error":70689599.78731771},"slope":null,"std_dev":{"confidence_interval":{"confidence_level":0.95,"lower_bound":89832182.28622703,"upper_bound":180815030.72025546},"point_estimate":148057322.19598696,"standard_error":23415506.7302639}}