{"mean":{"confidence_interval":{"confidence_level":0.95,"lower_bound":16790201.50508664,"upper_bound":17143625.698782243},"point_estimate":16950510.497414023,"standard_error":90767.62177497604},"median":{"confidence_interval":{"confidence_level":0.95,"lower_bound":16734326.104166666,"upper_bound":17157835.46230159},"point_estimate":16883952.465277776,"standard_error":86472.5439565441},"median_abs_dev":{"confidence_interval":{"confidence_level":0.95,"lower_bound":45295.33598417994,"upper_bound":471372.6496692411},"point_estimate":189853.8917606701,"standard_error":108016.80093908591},"slope":{"confidence_interval":{"confidence_level":0.95,"lower_bound":16738213.060185185,"upper_bound":17025885.94374143},"point_estimate":16845602.316017315,"standard_error":73401.13066503759},"std_dev":{"confidence_interval":{"confidence_level":0.95,"lower_bound":107944.57129556891,"upper_bound":394101.30992403347},"point_estimate":301387.34069337783,"standard_error":74930.02397198578}}