{"mean":{"confidence_interval":{"confidence_level":0.95,"lower_bound":618972831.2574999,"upper_bound":630129132.8725},"point_estimate":624843911.8,"standard_error":2872600.2872565975},"median":{"confidence_interval":{"confidence_level":0.95,"lower_bound":616318050.5,"upper_bound":632303236.0},"point_estimate":629700811.5,"standard_error":4504543.021423091},"median_abs_dev":{"confidence_interval":{"confidence_level":0.95,"lower_bound":813031.8800657988,"upper_bound":15758430.581831932},"point_estimate":7082977.5620520115,"standard_error":4245595.435193328},"slope":null,"std_dev":{"confidence_interval":{"confidence_level":0.95,"lower_bound":4869835.740457718,"upper_bound":11538739.149460819},"point_estimate":9564247.849260585,"standard_error":1684947.595511411}}