{"mean":{"confidence_interval":{"confidence_level":0.95,"lower_bound":1103498661.1,"upper_bound":1255173853.0},"point_estimate":1178304205.0,"standard_error":38911706.271711916},"median":{"confidence_interval":{"confidence_level":0.95,"lower_bound":1061289123.0,"upper_bound":1325454343.5},"point_estimate":1111478641.5,"standard_error":89653094.02359124},"median_abs_dev":{"confidence_interval":{"confidence_level":0.95,"lower_bound":2311054.599970579,"upper_bound":181574654.0705055},"point_estimate":85871511.44467592,"standard_error":55041132.24488209},"slope":null,"std_dev":{"confidence_interval":{"confidence_level":0.95,"lower_bound":82176717.50023644,"upper_bound":139344988.56920817},"point_estimate":129606977.70115094,"standard_error":14719461.317499043}}