{"mean":{"confidence_interval":{"confidence_level":0.95,"lower_bound":4419880587.5,"upper_bound":4902422788.7},"point_estimate":4664874503.4,"standard_error":123567508.61936726},"median":{"confidence_interval":{"confidence_level":0.95,"lower_bound":4229948365.0,"upper_bound":5087502676.0},"point_estimate":4727003704.0,"standard_error":298227644.89597297},"median_abs_dev":{"confidence_interval":{"confidence_level":0.95,"lower_bound":4642262.181383371,"upper_bound":567692678.9912403},"point_estimate":546937419.4791198,"standard_error":193816473.94637787},"slope":null,"std_dev":{"confidence_interval":{"confidence_level":0.95,"lower_bound":285383630.9802978,"upper_bound":444201726.80713415},"point_estimate":412176519.64905345,"standard_error":40492258.498410225}}