{"mean":{"confidence_interval":{"confidence_level":0.95,"lower_bound":606599197.4,"upper_bound":731755586.0},"point_estimate":670504551.5,"standard_error":32113414.619679153},"median":{"confidence_interval":{"confidence_level":0.95,"lower_bound":573516254.0,"upper_bound":768203849.0},"point_estimate":688870130.5,"standard_error":63660410.79515769},"median_abs_dev":{"confidence_interval":{"confidence_level":0.95,"lower_bound":12045006.90575838,"upper_bound":172293975.57207048},"point_estimate":135783246.2302655,"standard_error":48121212.02377354},"slope":null,"std_dev":{"confidence_interval":{"confidence_level":0.95,"lower_bound":69489780.46916048,"upper_bound":125307795.25931993},"point_estimate":106618467.1849032,"standard_error":14568376.988022499}}