{"mean":{"confidence_interval":{"confidence_level":0.95,"lower_bound":12808350287.58,"upper_bound":14549511106.939999},"point_estimate":13620592752.6,"standard_error":447621874.7645814},"median":{"confidence_interval":{"confidence_level":0.95,"lower_bound":12428831145.0,"upper_bound":15743088532.0},"point_estimate":12991491370.5,"standard_error":756773742.0292598},"median_abs_dev":{"confidence_interval":{"confidence_level":0.95,"lower_bound":25226156.85814619,"upper_bound":1980827550.2797813},"point_estimate":859426192.3744351,"standard_error":527170514.583535},"slope":null,"std_dev":{"confidence_interval":{"confidence_level":0.95,"lower_bound":365412576.01303345,"upper_bound":1696894875.265883},"point_estimate":1496685888.2910416,"standard_error":268079192.48338425}}