{"mean":{"confidence_interval":{"confidence_level":0.95,"lower_bound":1557184637.7,"upper_bound":1612734456.2},"point_estimate":1583838995.7,"standard_error":14226441.160951527},"median":{"confidence_interval":{"confidence_level":0.95,"lower_bound":1545431310.5,"upper_bound":1631615999.5},"point_estimate":1565965635.5,"standard_error":27285924.232888635},"median_abs_dev":{"confidence_interval":{"confidence_level":0.95,"lower_bound":1857509.4768226147,"upper_bound":77330476.12760961},"point_estimate":42530794.65902746,"standard_error":22731417.543089297},"slope":null,"std_dev":{"confidence_interval":{"confidence_level":0.95,"lower_bound":28375746.69341411,"upper_bound":54905131.57452182},"point_estimate":47315132.97474723,"standard_error":6727482.279428623}}