{"mean":{"confidence_interval":{"confidence_level":0.95,"lower_bound":0.04805000946814753,"upper_bound":0.4976721851005378},"point_estimate":0.2723731808348042,"standard_error":0.1204218577685229},"median":{"confidence_interval":{"confidence_level":0.95,"lower_bound":-0.10260746400076814,"upper_bound":0.6511851532033217},"point_estimate":0.26097570526090474,"standard_error":0.32192746081751844}}