{"mean":{"confidence_interval":{"confidence_level":0.95,"lower_bound":14811227112.2,"upper_bound":14893749879.8},"point_estimate":14853349292.6,"standard_error":21018624.308916103},"median":{"confidence_interval":{"confidence_level":0.95,"lower_bound":14800303023.0,"upper_bound":14895490181.0},"point_estimate":14872148013.5,"standard_error":24420014.919019423},"median_abs_dev":{"confidence_interval":{"confidence_level":0.95,"lower_bound":7417557.380712032,"upper_bound":123729677.30965912},"point_estimate":58026104.517030716,"standard_error":30706679.275943093},"slope":null,"std_dev":{"confidence_interval":{"confidence_level":0.95,"lower_bound":35180529.9086815,"upper_bound":92182272.4793422},"point_estimate":70086135.43641146,"standard_error":14758698.524188865}}