{"mean":{"confidence_interval":{"confidence_level":0.95,"lower_bound":810047471.3,"upper_bound":821988205.4024999},"point_estimate":815684389.9,"standard_error":3069920.5486739874},"median":{"confidence_interval":{"confidence_level":0.95,"lower_bound":806904320.5,"upper_bound":822735969.5},"point_estimate":816256600.0,"standard_error":4181536.977506647},"median_abs_dev":{"confidence_interval":{"confidence_level":0.95,"lower_bound":369504.6849399805,"upper_bound":16754589.504146576},"point_estimate":13435739.05466795,"standard_error":4949315.067423721},"slope":null,"std_dev":{"confidence_interval":{"confidence_level":0.95,"lower_bound":5237105.148578492,"upper_bound":12965087.108300107},"point_estimate":10188348.699078586,"standard_error":2032274.4048215547}}