{"mean":{"confidence_interval":{"confidence_level":0.95,"lower_bound":434338835.35,"upper_bound":440809541.35},"point_estimate":437417686.3,"standard_error":1658593.718699134},"median":{"confidence_interval":{"confidence_level":0.95,"lower_bound":432484243.5,"upper_bound":441213327.25},"point_estimate":436682985.25,"standard_error":1887560.1477297742},"median_abs_dev":{"confidence_interval":{"confidence_level":0.95,"lower_bound":743202.1626055241,"upper_bound":9352404.090611637},"point_estimate":5758625.491113961,"standard_error":2353830.296750287},"slope":null,"std_dev":{"confidence_interval":{"confidence_level":0.95,"lower_bound":2742350.652969488,"upper_bound":7006758.201466054},"point_estimate":5516497.239898175,"standard_error":1095548.8088359642}}