{"mean":{"confidence_interval":{"confidence_level":0.95,"lower_bound":454354959.05,"upper_bound":462252178.84875},"point_estimate":458286495.85,"standard_error":2023481.2538974034},"median":{"confidence_interval":{"confidence_level":0.95,"lower_bound":451585939.75,"upper_bound":465321781.5},"point_estimate":458499585.0,"standard_error":3586731.236769244},"median_abs_dev":{"confidence_interval":{"confidence_level":0.95,"lower_bound":1325988.4906589985,"upper_bound":11644369.103971124},"point_estimate":9891749.868786335,"standard_error":3041883.0714874757},"slope":null,"std_dev":{"confidence_interval":{"confidence_level":0.95,"lower_bound":4221914.96106601,"upper_bound":7865350.811589154},"point_estimate":6754894.414504727,"standard_error":910603.8865995522}}