{"mean":{"confidence_interval":{"confidence_level":0.95,"lower_bound":1338814853.5,"upper_bound":1398244707.8474998},"point_estimate":1367638147.9,"standard_error":15197114.875203753},"median":{"confidence_interval":{"confidence_level":0.95,"lower_bound":1332474515.0,"upper_bound":1407733244.5},"point_estimate":1361107440.5,"standard_error":18239200.026623357},"median_abs_dev":{"confidence_interval":{"confidence_level":0.95,"lower_bound":11014338.986456394,"upper_bound":83271696.03693187},"point_estimate":40272568.06131899,"standard_error":19211565.92920344},"slope":null,"std_dev":{"confidence_interval":{"confidence_level":0.95,"lower_bound":24873005.60708729,"upper_bound":65624634.993857324},"point_estimate":50713637.03472317,"standard_error":10397603.08996952}}