{"mean":{"confidence_interval":{"confidence_level":0.95,"lower_bound":74491685375.9,"upper_bound":74690051161.28},"point_estimate":74592202386.5,"standard_error":50586068.85681165},"median":{"confidence_interval":{"confidence_level":0.95,"lower_bound":74499313669.0,"upper_bound":74688411168.0},"point_estimate":74589990874.5,"standard_error":45051846.19466535},"median_abs_dev":{"confidence_interval":{"confidence_level":0.95,"lower_bound":33349120.48033476,"upper_bound":278502870.53718567},"point_estimate":112435157.32147694,"standard_error":61207246.872686364},"slope":null,"std_dev":{"confidence_interval":{"confidence_level":0.95,"lower_bound":65685864.88103208,"upper_bound":230557474.03349623},"point_estimate":168286376.14556617,"standard_error":42227087.143734105}}