{"mean":{"confidence_interval":{"confidence_level":0.95,"lower_bound":1031903303.0,"upper_bound":1068062859.9175},"point_estimate":1049056162.0,"standard_error":9316110.131827468},"median":{"confidence_interval":{"confidence_level":0.95,"lower_bound":1024207714.0,"upper_bound":1080849441.5},"point_estimate":1032027771.5,"standard_error":16086512.66414846},"median_abs_dev":{"confidence_interval":{"confidence_level":0.95,"lower_bound":2787568.903210759,"upper_bound":49037613.856208324},"point_estimate":15692075.337409973,"standard_error":14366939.27238492},"slope":null,"std_dev":{"confidence_interval":{"confidence_level":0.95,"lower_bound":15377741.140213585,"upper_bound":36477633.29107357},"point_estimate":30968324.420619115,"standard_error":5287619.9841084415}}