{"mean":{"confidence_interval":{"confidence_level":0.95,"lower_bound":59425903.66815476,"upper_bound":76560973.5428125},"point_estimate":69448524.09315476,"standard_error":4317608.595336983},"median":{"confidence_interval":{"confidence_level":0.95,"lower_bound":58767911.291666664,"upper_bound":77275798.3095238},"point_estimate":76091215.20833334,"standard_error":3931391.286448077},"median_abs_dev":{"confidence_interval":{"confidence_level":0.95,"lower_bound":523996.8265971946,"upper_bound":23336498.498169333},"point_estimate":1918686.5555115044,"standard_error":3772999.575476515},"slope":{"confidence_interval":{"confidence_level":0.95,"lower_bound":74256907.43386506,"upper_bound":77249193.03812057},"point_estimate":76391869.14155844,"standard_error":800386.9297647802},"std_dev":{"confidence_interval":{"confidence_level":0.95,"lower_bound":1053034.4884982773,"upper_bound":17912231.6932648},"point_estimate":14390092.608602434,"standard_error":4651035.949654688}}