{"mean":{"confidence_interval":{"confidence_level":0.95,"lower_bound":-0.012500932008048615,"upper_bound":0.012449583983407416},"point_estimate":0.00011171547995325604,"standard_error":0.006367325569808016},"median":{"confidence_interval":{"confidence_level":0.95,"lower_bound":-0.02141622526506648,"upper_bound":0.02048635152841194},"point_estimate":0.006766198822623304,"standard_error":0.011253629184536422}}