{"mean":{"confidence_interval":{"confidence_level":0.95,"lower_bound":-0.006176560581130245,"upper_bound":0.012237842028159942},"point_estimate":0.002595684733477155,"standard_error":0.004712209936733101},"median":{"confidence_interval":{"confidence_level":0.95,"lower_bound":-0.006855708051208387,"upper_bound":0.005490928573801845},"point_estimate":-0.0006643739216389832,"standard_error":0.003338993575646668}}