{"mean":{"confidence_interval":{"confidence_level":0.95,"lower_bound":410389972.065,"upper_bound":436155333.6},"point_estimate":423650621.4,"standard_error":6613146.79216035},"median":{"confidence_interval":{"confidence_level":0.95,"lower_bound":403896696.0,"upper_bound":446599277.0},"point_estimate":425478402.75,"standard_error":10481940.225628978},"median_abs_dev":{"confidence_interval":{"confidence_level":0.95,"lower_bound":1421551.6958624125,"upper_bound":41199979.93480414},"point_estimate":28369948.203782737,"standard_error":9639458.863259627},"slope":null,"std_dev":{"confidence_interval":{"confidence_level":0.95,"lower_bound":12788983.146330697,"upper_bound":26696883.170482405},"point_estimate":22153126.492192186,"standard_error":3521563.1775180926}}