{"mean":{"confidence_interval":{"confidence_level":0.95,"lower_bound":12852455293.6,"upper_bound":14719230697.064999},"point_estimate":13707276537.3,"standard_error":484013742.99811244},"median":{"confidence_interval":{"confidence_level":0.95,"lower_bound":12502247039.0,"upper_bound":15991421598.0},"point_estimate":12680121059.5,"standard_error":906313483.6849653},"median_abs_dev":{"confidence_interval":{"confidence_level":0.95,"lower_bound":3220720.8637207747,"upper_bound":2339029993.1096168},"point_estimate":270024679.66780365,"standard_error":715429122.4264313},"slope":null,"std_dev":{"confidence_interval":{"confidence_level":0.95,"lower_bound":572196558.2793411,"upper_bound":1806690828.924378},"point_estimate":1621367231.2352827,"standard_error":281067713.3205348}}