{"mean":{"confidence_interval":{"confidence_level":0.95,"lower_bound":1685230.68590535,"upper_bound":1698134.9563786008},"point_estimate":1691825.229644327,"standard_error":3313.5924510909326},"median":{"confidence_interval":{"confidence_level":0.95,"lower_bound":1682873.0648148148,"upper_bound":1702888.9074074074},"point_estimate":1691949.1580246913,"standard_error":5020.042022075702},"median_abs_dev":{"confidence_interval":{"confidence_level":0.95,"lower_bound":2963.230468873725,"upper_bound":18113.914718907494},"point_estimate":13995.7378028221,"standard_error":4127.548890687556},"slope":{"confidence_interval":{"confidence_level":0.95,"lower_bound":1688396.1200882322,"upper_bound":1700620.1483551208},"point_estimate":1694970.5685425685,"standard_error":3110.3855663977993},"std_dev":{"confidence_interval":{"confidence_level":0.95,"lower_bound":6594.088618096736,"upper_bound":13674.668372533473},"point_estimate":10978.482180231715,"standard_error":1838.3495803850672}}