{"mean":{"confidence_interval":{"confidence_level":0.95,"lower_bound":6731026061.1050005,"upper_bound":7641542185.0},"point_estimate":7198070826.5,"standard_error":234372339.5201004},"median":{"confidence_interval":{"confidence_level":0.95,"lower_bound":6322157254.0,"upper_bound":7937387257.5},"point_estimate":7425188950.0,"standard_error":542035083.3614292},"median_abs_dev":{"confidence_interval":{"confidence_level":0.95,"lower_bound":46168526.41734481,"upper_bound":1185978793.7185674},"point_estimate":820287089.784193,"standard_error":382163595.0748535},"slope":null,"std_dev":{"confidence_interval":{"confidence_level":0.95,"lower_bound":529463752.7757062,"upper_bound":848580829.9553509},"point_estimate":780858913.8393211,"standard_error":83823265.60301073}}