{"mean":{"confidence_interval":{"confidence_level":0.95,"lower_bound":251863659.0675,"upper_bound":290458942.75},"point_estimate":270947471.15,"standard_error":9797271.15245771},"median":{"confidence_interval":{"confidence_level":0.95,"lower_bound":241556461.5,"upper_bound":306919259.5},"point_estimate":258277234.25,"standard_error":23202388.52165378},"median_abs_dev":{"confidence_interval":{"confidence_level":0.95,"lower_bound":736319.5628777146,"upper_bound":48649987.35179007},"point_estimate":28967310.713477433,"standard_error":15918368.423646403},"slope":null,"std_dev":{"confidence_interval":{"confidence_level":0.95,"lower_bound":21777991.668299925,"upper_bound":35161681.93590586},"point_estimate":32678871.736976214,"standard_error":3533554.3711734847}}