{"mean":{"confidence_interval":{"confidence_level":0.95,"lower_bound":108308759.56208333,"upper_bound":110056256.22902778},"point_estimate":109150076.3873016,"standard_error":447490.6917808271},"median":{"confidence_interval":{"confidence_level":0.95,"lower_bound":108122865.44444445,"upper_bound":110308374.25},"point_estimate":108976045.75,"standard_error":449963.1658183342},"median_abs_dev":{"confidence_interval":{"confidence_level":0.95,"lower_bound":296853.456179794,"upper_bound":2553898.174609244},"point_estimate":1030154.1160444358,"standard_error":623960.0581659998},"slope":{"confidence_interval":{"confidence_level":0.95,"lower_bound":107479255.11812717,"upper_bound":109136460.93280633},"point_estimate":108216856.05714285,"standard_error":437532.0890968247},"std_dev":{"confidence_interval":{"confidence_level":0.95,"lower_bound":594713.1653866192,"upper_bound":1943970.2563367893},"point_estimate":1491136.226374433,"standard_error":324483.13328995573}}