{"mean":{"confidence_interval":{"confidence_level":0.95,"lower_bound":7539225302.1525,"upper_bound":8640757672.2475},"point_estimate":8084742639.5,"standard_error":281677616.3377938},"median":{"confidence_interval":{"confidence_level":0.95,"lower_bound":7297379785.0,"upper_bound":9155195321.0},"point_estimate":7537349210.0,"standard_error":663696775.382001},"median_abs_dev":{"confidence_interval":{"confidence_level":0.95,"lower_bound":13214179.314601421,"upper_bound":1380286411.4759178},"point_estimate":421090288.439253,"standard_error":443320368.61018676},"slope":null,"std_dev":{"confidence_interval":{"confidence_level":0.95,"lower_bound":584859121.9526577,"upper_bound":993701752.2123098},"point_estimate":937583392.2447325,"standard_error":107602068.56383316}}