{"mean":{"confidence_interval":{"confidence_level":0.95,"lower_bound":84100492.05654763,"upper_bound":84586067.9343125},"point_estimate":84318187.92744048,"standard_error":124912.26166593749},"median":{"confidence_interval":{"confidence_level":0.95,"lower_bound":84053206.4375,"upper_bound":84611467.46428572},"point_estimate":84173750.89375,"standard_error":113945.52180031316},"median_abs_dev":{"confidence_interval":{"confidence_level":0.95,"lower_bound":45541.266961488465,"upper_bound":514860.02185942215},"point_estimate":172367.69068985808,"standard_error":116951.36654679471},"slope":{"confidence_interval":{"confidence_level":0.95,"lower_bound":84102996.32093023,"upper_bound":84232878.11666666},"point_estimate":84162028.75714286,"standard_error":32829.19458303516},"std_dev":{"confidence_interval":{"confidence_level":0.95,"lower_bound":91022.4206994173,"upper_bound":534808.5597771927},"point_estimate":418943.7795605665,"standard_error":117724.99367354931}}