{"mean":{"confidence_interval":{"confidence_level":0.95,"lower_bound":1160668561.2,"upper_bound":1482563828.7},"point_estimate":1331008563.3,"standard_error":81639236.646822},"median":{"confidence_interval":{"confidence_level":0.95,"lower_bound":982476228.0,"upper_bound":1470948002.0},"point_estimate":1443455980.5,"standard_error":118514355.17306286},"median_abs_dev":{"confidence_interval":{"confidence_level":0.95,"lower_bound":3460000.6386727095,"upper_bound":409181464.27147686},"point_estimate":43365860.19860208,"standard_error":136965276.9231106},"slope":null,"std_dev":{"confidence_interval":{"confidence_level":0.95,"lower_bound":129034705.03385234,"upper_bound":332889592.0629619},"point_estimate":271950468.92357314,"standard_error":49794486.472388625}}