{"mean":{"confidence_interval":{"confidence_level":0.95,"lower_bound":778607761.61,"upper_bound":801472128.86},"point_estimate":788797682.5,"standard_error":5908941.902352081},"median":{"confidence_interval":{"confidence_level":0.95,"lower_bound":776075778.0,"upper_bound":802865917.0},"point_estimate":778362027.0,"standard_error":7309182.843570091},"median_abs_dev":{"confidence_interval":{"confidence_level":0.95,"lower_bound":638104.3569713831,"upper_bound":30960229.381746054},"point_estimate":6131943.052536249,"standard_error":8278462.313392474},"slope":null,"std_dev":{"confidence_interval":{"confidence_level":0.95,"lower_bound":5367970.168062938,"upper_bound":26619882.819425393},"point_estimate":19648818.552077834,"standard_error":5361949.855709877}}