{"mean":{"confidence_interval":{"confidence_level":0.95,"lower_bound":194278696.6475,"upper_bound":253774757.16666666},"point_estimate":226276781.5,"standard_error":15274121.44198775},"median":{"confidence_interval":{"confidence_level":0.95,"lower_bound":182026788.66666666,"upper_bound":264954353.1666667},"point_estimate":248269575.3333333,"standard_error":19967666.262819648},"median_abs_dev":{"confidence_interval":{"confidence_level":0.95,"lower_bound":5573145.192056894,"upper_bound":84337070.3861177},"point_estimate":33135011.793535955,"standard_error":19440497.251748934},"slope":null,"std_dev":{"confidence_interval":{"confidence_level":0.95,"lower_bound":18182589.0758905,"upper_bound":62524897.15006674},"point_estimate":50849508.43309847,"standard_error":11264230.307110708}}