{"mean":{"confidence_interval":{"confidence_level":0.95,"lower_bound":0.34430256257913466,"upper_bound":0.6108244354820646},"point_estimate":0.500751628245653,"standard_error":0.06914053294132294},"median":{"confidence_interval":{"confidence_level":0.95,"lower_bound":0.4958624728718124,"upper_bound":0.6458032587146731},"point_estimate":0.5602346784994519,"standard_error":0.04431878988245938}}