{"mean":{"confidence_interval":{"confidence_level":0.95,"lower_bound":3462587858.125,"upper_bound":3778421074.234999},"point_estimate":3614342009.8,"standard_error":81224383.565915},"median":{"confidence_interval":{"confidence_level":0.95,"lower_bound":3402920154.0,"upper_bound":3932441672.0},"point_estimate":3454432616.0,"standard_error":153885195.53950596},"median_abs_dev":{"confidence_interval":{"confidence_level":0.95,"lower_bound":19376196.166303754,"upper_bound":417539928.52128446},"point_estimate":123321593.14950407,"standard_error":122783649.16734934},"slope":null,"std_dev":{"confidence_interval":{"confidence_level":0.95,"lower_bound":157641057.26070753,"upper_bound":309385167.05267537},"point_estimate":271440536.68690026,"standard_error":40554193.1405901}}