{"mean":{"confidence_interval":{"confidence_level":0.95,"lower_bound":1844042051.8674998,"upper_bound":1904949352.8},"point_estimate":1872827260.5,"standard_error":15608952.40159841},"median":{"confidence_interval":{"confidence_level":0.95,"lower_bound":1833794733.0,"upper_bound":1916091317.5},"point_estimate":1845054614.0,"standard_error":25156002.780327395},"median_abs_dev":{"confidence_interval":{"confidence_level":0.95,"lower_bound":5356069.575610757,"upper_bound":89024695.43179572},"point_estimate":31507792.099624872,"standard_error":23422861.45764552},"slope":null,"std_dev":{"confidence_interval":{"confidence_level":0.95,"lower_bound":26622869.83792352,"upper_bound":64695432.713915825},"point_estimate":52227475.92027695,"standard_error":9779126.69437478}}