{"mean":{"confidence_interval":{"confidence_level":0.95,"lower_bound":3440850499.1150002,"upper_bound":3685428551.5375},"point_estimate":3587749820.9,"standard_error":66691777.557458125},"median":{"confidence_interval":{"confidence_level":0.95,"lower_bound":3549397286.0,"upper_bound":3700247412.0},"point_estimate":3670472831.5,"standard_error":34662351.15140497},"median_abs_dev":{"confidence_interval":{"confidence_level":0.95,"lower_bound":9309497.276723385,"upper_bound":166024205.57818115},"point_estimate":44731712.09605336,"standard_error":40911262.51494765},"slope":null,"std_dev":{"confidence_interval":{"confidence_level":0.95,"lower_bound":25231999.534887325,"upper_bound":331984347.0239262},"point_estimate":221586128.42603722,"standard_error":94485831.02639695}}