{"mean":{"confidence_interval":{"confidence_level":0.95,"lower_bound":-0.014532234907456844,"upper_bound":0.006149303316191753},"point_estimate":-0.0025842537267599663,"standard_error":0.005440424019894972},"median":{"confidence_interval":{"confidence_level":0.95,"lower_bound":-0.006572569328818112,"upper_bound":0.009779857503750877},"point_estimate":0.0021196332229884707,"standard_error":0.004420817067386964}}