{"mean":{"confidence_interval":{"confidence_level":0.95,"lower_bound":1218509796.8999999,"upper_bound":1241806530.9},"point_estimate":1230807400.8,"standard_error":5955746.516806286},"median":{"confidence_interval":{"confidence_level":0.95,"lower_bound":1205874068.0,"upper_bound":1245603896.5},"point_estimate":1244044118.0,"standard_error":11759316.694526324},"median_abs_dev":{"confidence_interval":{"confidence_level":0.95,"lower_bound":661241.8121606112,"upper_bound":30374065.69095254},"point_estimate":5750995.660999417,"standard_error":9255562.16336429},"slope":null,"std_dev":{"confidence_interval":{"confidence_level":0.95,"lower_bound":11340432.607102677,"upper_bound":22086177.67023837},"point_estimate":19852538.809815716,"standard_error":2919544.497477496}}