{"mean":{"confidence_interval":{"confidence_level":0.95,"lower_bound":4776771787.295001,"upper_bound":5236089406.5},"point_estimate":5026545157.0,"standard_error":117775001.32930756},"median":{"confidence_interval":{"confidence_level":0.95,"lower_bound":4757354695.0,"upper_bound":5287395004.0},"point_estimate":5198820334.5,"standard_error":130021605.27354138},"median_abs_dev":{"confidence_interval":{"confidence_level":0.95,"lower_bound":31927082.49168098,"upper_bound":559594515.5601114},"point_estimate":136593618.32597852,"standard_error":128205542.61908016},"slope":null,"std_dev":{"confidence_interval":{"confidence_level":0.95,"lower_bound":68800089.44974656,"upper_bound":486861157.105879},"point_estimate":392087082.9108876,"standard_error":101349200.94325915}}