{"mean":{"confidence_interval":{"confidence_level":0.95,"lower_bound":374041487.0,"upper_bound":376124144.15},"point_estimate":375097517.15,"standard_error":531728.8156806122},"median":{"confidence_interval":{"confidence_level":0.95,"lower_bound":374089680.5,"upper_bound":376068520.5},"point_estimate":375250129.5,"standard_error":564908.6334624918},"median_abs_dev":{"confidence_interval":{"confidence_level":0.95,"lower_bound":300357.7047675848,"upper_bound":2974479.540592432},"point_estimate":1501426.7694443464,"standard_error":638910.240994306},"slope":null,"std_dev":{"confidence_interval":{"confidence_level":0.95,"lower_bound":759791.0803530797,"upper_bound":2391188.5625185343},"point_estimate":1763178.656689327,"standard_error":427457.5783997341}}