{"mean":{"confidence_interval":{"confidence_level":0.95,"lower_bound":157140085.67833334,"upper_bound":201702812.7},"point_estimate":180535370.6666667,"standard_error":11230853.551557953},"median":{"confidence_interval":{"confidence_level":0.95,"lower_bound":128041859.0,"upper_bound":206723146.6666667},"point_estimate":199321213.8333333,"standard_error":18572790.03157587},"median_abs_dev":{"confidence_interval":{"confidence_level":0.95,"lower_bound":1647000.2956598997,"upper_bound":55229452.959281206},"point_estimate":11158987.123188414,"standard_error":14676378.962501181},"slope":null,"std_dev":{"confidence_interval":{"confidence_level":0.95,"lower_bound":6329906.084815791,"upper_bound":42029256.192256205},"point_estimate":37392322.15295692,"standard_error":7121763.614013665}}