{"mean":{"confidence_interval":{"confidence_level":0.95,"lower_bound":30003956116.3,"upper_bound":30094540514.6},"point_estimate":30047241586.8,"standard_error":23353116.770247452},"median":{"confidence_interval":{"confidence_level":0.95,"lower_bound":29975175064.0,"upper_bound":30121987197.0},"point_estimate":30034877951.0,"standard_error":37835756.05962535},"median_abs_dev":{"confidence_interval":{"confidence_level":0.95,"lower_bound":4880525.6340533495,"upper_bound":144557230.62039614},"point_estimate":73491368.0039674,"standard_error":39823398.528573796},"slope":null,"std_dev":{"confidence_interval":{"confidence_level":0.95,"lower_bound":41027371.505867355,"upper_bound":94059110.20828456},"point_estimate":77538278.50685376,"standard_error":13755922.35809836}}