{"mean":{"confidence_interval":{"confidence_level":0.95,"lower_bound":1.0159613491451007,"upper_bound":1.0905505384233398},"point_estimate":1.0526828221073985,"standard_error":0.019331243270506622},"median":{"confidence_interval":{"confidence_level":0.95,"lower_bound":1.0056029445760148,"upper_bound":1.124515608412965},"point_estimate":1.058877491129051,"standard_error":0.02540452118981523}}