{"mean":{"confidence_interval":{"confidence_level":0.95,"lower_bound":1327544934.5,"upper_bound":1754760064.3},"point_estimate":1543443228.1,"standard_error":109284374.8594007},"median":{"confidence_interval":{"confidence_level":0.95,"lower_bound":1121515247.0,"upper_bound":1872087577.0},"point_estimate":1582993512.5,"standard_error":167698976.7693683},"median_abs_dev":{"confidence_interval":{"confidence_level":0.95,"lower_bound":47118288.11478317,"upper_bound":651976256.9232076},"point_estimate":468291350.8518666,"standard_error":162782254.08718225},"slope":null,"std_dev":{"confidence_interval":{"confidence_level":0.95,"lower_bound":216154790.7049943,"upper_bound":437271121.7946622},"point_estimate":364200427.37130064,"standard_error":55398723.3514261}}