{"mean":{"confidence_interval":{"confidence_level":0.95,"lower_bound":229887935.71583337,"upper_bound":236337745.0433333},"point_estimate":233048405.2,"standard_error":1652004.7446456875},"median":{"confidence_interval":{"confidence_level":0.95,"lower_bound":228910444.0,"upper_bound":237500222.6666667},"point_estimate":232233397.5,"standard_error":2340488.0918467557},"median_abs_dev":{"confidence_interval":{"confidence_level":0.95,"lower_bound":959564.8955643472,"upper_bound":9697847.289928794},"point_estimate":5624487.629145384,"standard_error":2074168.2997487783},"slope":null,"std_dev":{"confidence_interval":{"confidence_level":0.95,"lower_bound":3013996.690305279,"upper_bound":7018435.808917898},"point_estimate":5501331.6678244965,"standard_error":1039435.5399061267}}