{"mean":{"confidence_interval":{"confidence_level":0.95,"lower_bound":1981409877.5,"upper_bound":2232267746.6349998},"point_estimate":2121023382.0,"standard_error":64680509.80380152},"median":{"confidence_interval":{"confidence_level":0.95,"lower_bound":2049611314.0,"upper_bound":2277784370.5},"point_estimate":2134320061.0,"standard_error":68316570.59178725},"median_abs_dev":{"confidence_interval":{"confidence_level":0.95,"lower_bound":37561844.538643956,"upper_bound":301680813.3077949},"point_estimate":174554155.49524426,"standard_error":64900274.74982864},"slope":null,"std_dev":{"confidence_interval":{"confidence_level":0.95,"lower_bound":88819837.56791002,"upper_bound":306634953.89083713},"point_estimate":215060700.25482103,"standard_error":65820287.47835167}}