{"mean":{"confidence_interval":{"confidence_level":0.95,"lower_bound":21648506.432055555,"upper_bound":21733128.024852578},"point_estimate":21687763.28400794,"standard_error":21753.676290202842},"median":{"confidence_interval":{"confidence_level":0.95,"lower_bound":21630857.15,"upper_bound":21738515.9025},"point_estimate":21671137.688095238,"standard_error":24340.026711076905},"median_abs_dev":{"confidence_interval":{"confidence_level":0.95,"lower_bound":18194.273315320905,"upper_bound":121111.87409300075},"point_estimate":59000.251277536154,"standard_error":26146.482627111058},"slope":{"confidence_interval":{"confidence_level":0.95,"lower_bound":21652982.79371882,"upper_bound":21743808.147440273},"point_estimate":21697246.50961039,"standard_error":25505.78347130436},"std_dev":{"confidence_interval":{"confidence_level":0.95,"lower_bound":29758.463189626833,"upper_bound":93897.86420640982},"point_estimate":72744.78228957948,"standard_error":16696.21758673105}}