{"mean":{"confidence_interval":{"confidence_level":0.95,"lower_bound":466286829.3775,"upper_bound":479935640.4},"point_estimate":472790358.7,"standard_error":3510447.7937944965},"median":{"confidence_interval":{"confidence_level":0.95,"lower_bound":463352952.0,"upper_bound":483985558.0},"point_estimate":468415891.0,"standard_error":5674052.796193139},"median_abs_dev":{"confidence_interval":{"confidence_level":0.95,"lower_bound":1454389.8026794195,"upper_bound":19645571.23812139},"point_estimate":10577985.35130322,"standard_error":5145658.0644995},"slope":null,"std_dev":{"confidence_interval":{"confidence_level":0.95,"lower_bound":5972616.571290206,"upper_bound":14144036.450478697},"point_estimate":11731069.372768244,"standard_error":2055301.7823905614}}