{"mean":{"confidence_interval":{"confidence_level":0.95,"lower_bound":1592624316.8,"upper_bound":1603487587.7},"point_estimate":1597416420.5,"standard_error":2797472.916364201},"median":{"confidence_interval":{"confidence_level":0.95,"lower_bound":1591590752.0,"upper_bound":1603985341.5},"point_estimate":1593005718.5,"standard_error":2713849.0506676813},"median_abs_dev":{"confidence_interval":{"confidence_level":0.95,"lower_bound":504066.9411510229,"upper_bound":11714172.875931859},"point_estimate":3343155.452147126,"standard_error":2827812.3062453857},"slope":null,"std_dev":{"confidence_interval":{"confidence_level":0.95,"lower_bound":1916894.936673381,"upper_bound":12068126.295764334},"point_estimate":9342824.358018205,"standard_error":2712264.0909855105}}