{"mean":{"confidence_interval":{"confidence_level":0.95,"lower_bound":794869781.3925,"upper_bound":821540563.7175},"point_estimate":807074838.3,"standard_error":6874964.3855856275},"median":{"confidence_interval":{"confidence_level":0.95,"lower_bound":788867831.0,"upper_bound":823661371.5},"point_estimate":799430265.5,"standard_error":8582156.668713532},"median_abs_dev":{"confidence_interval":{"confidence_level":0.95,"lower_bound":3114429.5651078224,"upper_bound":36230890.07937312},"point_estimate":17635490.36320746,"standard_error":8841563.940437505},"slope":null,"std_dev":{"confidence_interval":{"confidence_level":0.95,"lower_bound":9045574.009057047,"upper_bound":29859834.918632206},"point_estimate":22887424.43081165,"standard_error":5489619.967746612}}