{"mean":{"confidence_interval":{"confidence_level":0.95,"lower_bound":0.5900142559159622,"upper_bound":0.6305887298584102},"point_estimate":0.6102474282955581,"standard_error":0.010362253027832813},"median":{"confidence_interval":{"confidence_level":0.95,"lower_bound":0.5946376445293244,"upper_bound":0.6383520394257596},"point_estimate":0.6183113221638759,"standard_error":0.011365764201596323}}