{"mean":{"confidence_interval":{"confidence_level":0.95,"lower_bound":15584487319.6,"upper_bound":18171909049.41},"point_estimate":16846626658.1,"standard_error":633990083.7048674},"median":{"confidence_interval":{"confidence_level":0.95,"lower_bound":15473758011.0,"upper_bound":19904318319.0},"point_estimate":15493293655.5,"standard_error":1107528165.9073455},"median_abs_dev":{"confidence_interval":{"confidence_level":0.95,"lower_bound":8713489.122104645,"upper_bound":3277445769.560006},"point_estimate":38846689.3974334,"standard_error":934127202.7796501},"slope":null,"std_dev":{"confidence_interval":{"confidence_level":0.95,"lower_bound":168707547.38796946,"upper_bound":2339150496.981942},"point_estimate":2123052473.4893527,"standard_error":424494082.5656858}}