{"mean":{"confidence_interval":{"confidence_level":0.95,"lower_bound":73470689.6445238,"upper_bound":73661367.76699999},"point_estimate":73568295.2352381,"standard_error":48935.382579649675},"median":{"confidence_interval":{"confidence_level":0.95,"lower_bound":73437897.75,"upper_bound":73723740.73333333},"point_estimate":73572554.95833334,"standard_error":86310.57114985504},"median_abs_dev":{"confidence_interval":{"confidence_level":0.95,"lower_bound":23409.586414392343,"upper_bound":285988.5576226976},"point_estimate":209041.69135375117,"standard_error":68276.35286432802},"slope":{"confidence_interval":{"confidence_level":0.95,"lower_bound":73425649.81270903,"upper_bound":73567200.21951321},"point_estimate":73489038.4974026,"standard_error":35584.750928079746},"std_dev":{"confidence_interval":{"confidence_level":0.95,"lower_bound":101088.11104090499,"upper_bound":198123.42208277725},"point_estimate":162803.42986422245,"standard_error":25095.303898580572}}