{"mean":{"confidence_interval":{"confidence_level":0.95,"lower_bound":459165947.7,"upper_bound":638624990.805},"point_estimate":548908977.1,"standard_error":45794603.46328434},"median":{"confidence_interval":{"confidence_level":0.95,"lower_bound":388486853.75,"upper_bound":716558290.0},"point_estimate":567695418.25,"standard_error":93720810.68038626},"median_abs_dev":{"confidence_interval":{"confidence_level":0.95,"lower_bound":6126267.6598370075,"upper_bound":245921253.515625},"point_estimate":240595739.95482177,"standard_error":76660737.62418652},"slope":null,"std_dev":{"confidence_interval":{"confidence_level":0.95,"lower_bound":103099735.82926475,"upper_bound":172265088.37533838},"point_estimate":152394088.7513776,"standard_error":18249186.977461956}}