{"mean":{"confidence_interval":{"confidence_level":0.95,"lower_bound":436083469.9575,"upper_bound":443578632.1775},"point_estimate":440075535.4,"standard_error":1926341.1434341727},"median":{"confidence_interval":{"confidence_level":0.95,"lower_bound":434794762.0,"upper_bound":444918521.0},"point_estimate":443031354.25,"standard_error":2753667.5774568343},"median_abs_dev":{"confidence_interval":{"confidence_level":0.95,"lower_bound":488558.57477635145,"upper_bound":10515250.616016984},"point_estimate":4176061.214210093,"standard_error":2587343.939971133},"slope":null,"std_dev":{"confidence_interval":{"confidence_level":0.95,"lower_bound":2625327.536766449,"upper_bound":7732390.25611237},"point_estimate":6409998.449306363,"standard_error":1213833.6617781853}}