{"mean":{"confidence_interval":{"confidence_level":0.95,"lower_bound":-0.026120975583018412,"upper_bound":-0.012453319858801245},"point_estimate":-0.019115261423866103,"standard_error":0.003494976045500822},"median":{"confidence_interval":{"confidence_level":0.95,"lower_bound":-0.02707470629292008,"upper_bound":-0.010371917753181581},"point_estimate":-0.01730377804603611,"standard_error":0.0038330964030770763}}