{"mean":{"confidence_interval":{"confidence_level":0.95,"lower_bound":352367776.1,"upper_bound":379790887.66625005},"point_estimate":366179132.4,"standard_error":6995165.542454971},"median":{"confidence_interval":{"confidence_level":0.95,"lower_bound":352656697.0,"upper_bound":381454476.0},"point_estimate":365691987.75,"standard_error":7332880.342639845},"median_abs_dev":{"confidence_interval":{"confidence_level":0.95,"lower_bound":4922654.08295542,"upper_bound":40117278.68682593},"point_estimate":21347793.19370091,"standard_error":8380967.526847225},"slope":null,"std_dev":{"confidence_interval":{"confidence_level":0.95,"lower_bound":10374467.637792453,"upper_bound":31459846.5208441},"point_estimate":23299553.293594487,"standard_error":5468937.144869324}}