{"mean":{"confidence_interval":{"confidence_level":0.95,"lower_bound":0.0320234845815845,"upper_bound":0.044984334364918936},"point_estimate":0.039039480972892004,"standard_error":0.0033067856505530468},"median":{"confidence_interval":{"confidence_level":0.95,"lower_bound":0.03462936111300863,"upper_bound":0.044652662209129},"point_estimate":0.040532821325951485,"standard_error":0.002835310457969051}}