{"mean":{"confidence_interval":{"confidence_level":0.95,"lower_bound":19266143.763777778,"upper_bound":19561389.265214287},"point_estimate":19422900.92124603,"standard_error":75956.74327963372},"median":{"confidence_interval":{"confidence_level":0.95,"lower_bound":19221467.963333335,"upper_bound":19629550.0},"point_estimate":19507646.314285714,"standard_error":109041.65663767753},"median_abs_dev":{"confidence_interval":{"confidence_level":0.95,"lower_bound":19695.27317833801,"upper_bound":428387.46076126496},"point_estimate":194364.09104934722,"standard_error":105925.92884615576},"slope":{"confidence_interval":{"confidence_level":0.95,"lower_bound":19325804.776806474,"upper_bound":19565150.885925926},"point_estimate":19446065.45246753,"standard_error":60885.66326130962},"std_dev":{"confidence_interval":{"confidence_level":0.95,"lower_bound":102539.10592247639,"upper_bound":307213.9884393812},"point_estimate":253059.03017399143,"standard_error":50019.04822936784}}