{"mean":{"confidence_interval":{"confidence_level":0.95,"lower_bound":779835428.525,"upper_bound":847313142.775},"point_estimate":812457969.9,"standard_error":17298486.654760886},"median":{"confidence_interval":{"confidence_level":0.95,"lower_bound":770708274.0,"upper_bound":840192319.5},"point_estimate":814731374.5,"standard_error":18386202.007865097},"median_abs_dev":{"confidence_interval":{"confidence_level":0.95,"lower_bound":13106351.301115751,"upper_bound":94971234.16852355},"point_estimate":42959112.60232329,"standard_error":21126376.703555018},"slope":null,"std_dev":{"confidence_interval":{"confidence_level":0.95,"lower_bound":26743457.596313566,"upper_bound":78009119.81299953},"point_estimate":57451048.658197895,"standard_error":13616736.251004318}}