{"mean":{"confidence_interval":{"confidence_level":0.95,"lower_bound":1486846410.1274998,"upper_bound":1598059874.2},"point_estimate":1544301102.7,"standard_error":28552050.74557115},"median":{"confidence_interval":{"confidence_level":0.95,"lower_bound":1463371030.5,"upper_bound":1625901938.0},"point_estimate":1553992555.5,"standard_error":42349991.26077288},"median_abs_dev":{"confidence_interval":{"confidence_level":0.95,"lower_bound":24738921.133196354,"upper_bound":166807474.26377535},"point_estimate":105723759.34302807,"standard_error":36984946.03588784},"slope":null,"std_dev":{"confidence_interval":{"confidence_level":0.95,"lower_bound":52622690.11819021,"upper_bound":115881687.30723804},"point_estimate":95189128.00576124,"standard_error":16009953.057796013}}