{"mean":{"confidence_interval":{"confidence_level":0.95,"lower_bound":1758321326.9500003,"upper_bound":2085857550.7725},"point_estimate":1939547300.0,"standard_error":84437705.01265694},"median":{"confidence_interval":{"confidence_level":0.95,"lower_bound":1750201840.0,"upper_bound":2162878831.0},"point_estimate":2053046905.5,"standard_error":103546871.83952992},"median_abs_dev":{"confidence_interval":{"confidence_level":0.95,"lower_bound":27225685.327747464,"upper_bound":448998086.1389905},"point_estimate":190062495.1831162,"standard_error":104206865.34792204},"slope":null,"std_dev":{"confidence_interval":{"confidence_level":0.95,"lower_bound":112143661.5030499,"upper_bound":384066116.27981293},"point_estimate":280621224.32232225,"standard_error":75689478.94818838}}