{"mean":{"confidence_interval":{"confidence_level":0.95,"lower_bound":251260756.36875,"upper_bound":288494567.2},"point_estimate":270297741.45,"standard_error":9633900.371441191},"median":{"confidence_interval":{"confidence_level":0.95,"lower_bound":234691251.5,"upper_bound":299204691.0},"point_estimate":277488353.0,"standard_error":20986833.44693591},"median_abs_dev":{"confidence_interval":{"confidence_level":0.95,"lower_bound":536611.4931732416,"upper_bound":47140277.29629278},"point_estimate":32533521.84906453,"standard_error":16038115.42717474},"slope":null,"std_dev":{"confidence_interval":{"confidence_level":0.95,"lower_bound":21366475.985653378,"upper_bound":36007616.44475767},"point_estimate":32177947.74898677,"standard_error":3833180.0100606396}}