{"mean":{"confidence_interval":{"confidence_level":0.95,"lower_bound":1.3110084630072132,"upper_bound":1.6250620229159929},"point_estimate":1.4958190269102598,"standard_error":0.08378845007398616},"median":{"confidence_interval":{"confidence_level":0.95,"lower_bound":1.4628911898348358,"upper_bound":1.6797039856223592},"point_estimate":1.594423459290565,"standard_error":0.06908025309220893}}