{"mean":{"confidence_interval":{"confidence_level":0.95,"lower_bound":0.0045341890461209206,"upper_bound":0.040061344347537435},"point_estimate":0.021227319873736494,"standard_error":0.008995652821917346},"median":{"confidence_interval":{"confidence_level":0.95,"lower_bound":-0.0024243160336557823,"upper_bound":0.042232196948941425},"point_estimate":0.016219902732202307,"standard_error":0.011225322032276773}}