{"mean":{"confidence_interval":{"confidence_level":0.95,"lower_bound":612155908.2,"upper_bound":627353157.6},"point_estimate":620133647.1,"standard_error":3903452.2905478547},"median":{"confidence_interval":{"confidence_level":0.95,"lower_bound":609193101.0,"upper_bound":630144242.0},"point_estimate":624697643.0,"standard_error":5514871.077603015},"median_abs_dev":{"confidence_interval":{"confidence_level":0.95,"lower_bound":3027166.695857048,"upper_bound":21669882.10758269},"point_estimate":12586982.445636392,"standard_error":5047218.167774878},"slope":null,"std_dev":{"confidence_interval":{"confidence_level":0.95,"lower_bound":6509400.310922543,"upper_bound":16351735.344393972},"point_estimate":13104411.989277357,"standard_error":2491394.0989094363}}