{"mean":{"confidence_interval":{"confidence_level":0.95,"lower_bound":2382351991.9,"upper_bound":2444689329.4},"point_estimate":2413475955.4,"standard_error":16030904.314402228},"median":{"confidence_interval":{"confidence_level":0.95,"lower_bound":2362635911.0,"upper_bound":2461013964.0},"point_estimate":2419918481.0,"standard_error":30345542.45494703},"median_abs_dev":{"confidence_interval":{"confidence_level":0.95,"lower_bound":3069009.373614192,"upper_bound":87548707.11269975},"point_estimate":81207517.31287837,"standard_error":22052037.25572072},"slope":null,"std_dev":{"confidence_interval":{"confidence_level":0.95,"lower_bound":34924626.75125369,"upper_bound":62603438.942042954},"point_estimate":53267940.44747632,"standard_error":7123828.804081396}}