{"mean":{"confidence_interval":{"confidence_level":0.95,"lower_bound":-0.017780802834323147,"upper_bound":-0.007972808978911207},"point_estimate":-0.012882254589904996,"standard_error":0.0024792063645996732},"median":{"confidence_interval":{"confidence_level":0.95,"lower_bound":-0.020004636101434548,"upper_bound":-0.00849765068959163},"point_estimate":-0.012720471087655394,"standard_error":0.0027294655032219397}}