{"mean":{"confidence_interval":{"confidence_level":0.95,"lower_bound":464194267.75,"upper_bound":472695156.9},"point_estimate":468209599.65,"standard_error":2179817.1981132017},"median":{"confidence_interval":{"confidence_level":0.95,"lower_bound":462263442.5,"upper_bound":474436647.5},"point_estimate":464636801.5,"standard_error":3641288.450231793},"median_abs_dev":{"confidence_interval":{"confidence_level":0.95,"lower_bound":683893.345208466,"upper_bound":12249313.629931211},"point_estimate":4469817.642594874,"standard_error":3243069.7436351683},"slope":null,"std_dev":{"confidence_interval":{"confidence_level":0.95,"lower_bound":3815669.216779006,"upper_bound":8917846.455800185},"point_estimate":7251874.012141808,"standard_error":1321745.5834696065}}