{"mean":{"confidence_interval":{"confidence_level":0.95,"lower_bound":299297679.4275,"upper_bound":308297686.52125},"point_estimate":303380672.75,"standard_error":2306723.3212105115},"median":{"confidence_interval":{"confidence_level":0.95,"lower_bound":296872485.5,"upper_bound":307548059.75},"point_estimate":302188629.25,"standard_error":2922094.951423368},"median_abs_dev":{"confidence_interval":{"confidence_level":0.95,"lower_bound":661749.2320016026,"upper_bound":12145003.455533087},"point_estimate":6316916.3024023175,"standard_error":2829818.0953329834},"slope":null,"std_dev":{"confidence_interval":{"confidence_level":0.95,"lower_bound":3474925.258746741,"upper_bound":10618789.993687227},"point_estimate":7728964.982355426,"standard_error":2050663.3423523584}}