{"mean":{"confidence_interval":{"confidence_level":0.95,"lower_bound":193744520.60000002,"upper_bound":199679895.26666665},"point_estimate":197591768.33333334,"standard_error":1782458.9055444733},"median":{"confidence_interval":{"confidence_level":0.95,"lower_bound":198962815.0,"upper_bound":199891000.33333334},"point_estimate":199243091.0,"standard_error":480253.766598342},"median_abs_dev":{"confidence_interval":{"confidence_level":0.95,"lower_bound":100494.33271586895,"upper_bound":1208832.149641425},"point_estimate":666659.2324644327,"standard_error":529985.7734594824},"slope":null,"std_dev":{"confidence_interval":{"confidence_level":0.95,"lower_bound":354932.7743574954,"upper_bound":9142122.39603443},"point_estimate":5953235.255426785,"standard_error":3219181.2267503897}}