{"mean":{"confidence_interval":{"confidence_level":0.95,"lower_bound":-0.027827398073539945,"upper_bound":0.06425235786856182},"point_estimate":0.01530137030148393,"standard_error":0.023404287348091198},"median":{"confidence_interval":{"confidence_level":0.95,"lower_bound":-0.03806930345095161,"upper_bound":0.0747083450545789},"point_estimate":0.012879764048865816,"standard_error":0.029386136004088126}}