{"mean":{"confidence_interval":{"confidence_level":0.95,"lower_bound":235153037.61833328,"upper_bound":240462979.6266667},"point_estimate":237758397.9,"standard_error":1356241.1350989721},"median":{"confidence_interval":{"confidence_level":0.95,"lower_bound":234408561.33333334,"upper_bound":241372847.33333334},"point_estimate":237563434.33333334,"standard_error":1497264.3188804688},"median_abs_dev":{"confidence_interval":{"confidence_level":0.95,"lower_bound":845094.5870965719,"upper_bound":7895038.5862350315},"point_estimate":4123228.393498063,"standard_error":1863506.4136084865},"slope":null,"std_dev":{"confidence_interval":{"confidence_level":0.95,"lower_bound":2240175.187266195,"upper_bound":5960500.570336201},"point_estimate":4519221.670764456,"standard_error":945410.4530274518}}