{"mean":{"confidence_interval":{"confidence_level":0.95,"lower_bound":289359450.95750004,"upper_bound":299237070.64875},"point_estimate":293982130.75,"standard_error":2548860.9589506206},"median":{"confidence_interval":{"confidence_level":0.95,"lower_bound":287404724.5,"upper_bound":301664414.75},"point_estimate":289989380.0,"standard_error":3680548.743818672},"median_abs_dev":{"confidence_interval":{"confidence_level":0.95,"lower_bound":772911.6128280759,"upper_bound":14227466.714411974},"point_estimate":5361968.840906024,"standard_error":3675125.37108179},"slope":null,"std_dev":{"confidence_interval":{"confidence_level":0.95,"lower_bound":3575115.6302024326,"upper_bound":10346261.366630046},"point_estimate":8462666.542672304,"standard_error":1730402.2803800253}}