{"mean":{"confidence_interval":{"confidence_level":0.95,"lower_bound":76688060.31224404,"upper_bound":76992127.52168255},"point_estimate":76836632.37871031,"standard_error":78191.73210515459},"median":{"confidence_interval":{"confidence_level":0.95,"lower_bound":76598466.0625,"upper_bound":77075754.25},"point_estimate":76835958.12777779,"standard_error":130464.66965162929},"median_abs_dev":{"confidence_interval":{"confidence_level":0.95,"lower_bound":1119.278260122842,"upper_bound":440696.02221609047},"point_estimate":292034.82814744394,"standard_error":116143.31857052939},"slope":{"confidence_interval":{"confidence_level":0.95,"lower_bound":76640258.19602978,"upper_bound":76836050.36759582},"point_estimate":76720977.45974027,"standard_error":49382.68138367788},"std_dev":{"confidence_interval":{"confidence_level":0.95,"lower_bound":155703.5446780033,"upper_bound":314174.8221702419},"point_estimate":261058.1954595453,"standard_error":40871.44325600907}}