{"mean":{"confidence_interval":{"confidence_level":0.95,"lower_bound":462834472.6,"upper_bound":478662411.85},"point_estimate":471092863.55,"standard_error":4054280.1158342357},"median":{"confidence_interval":{"confidence_level":0.95,"lower_bound":461346002.0,"upper_bound":480402928.25},"point_estimate":473323912.0,"standard_error":5228580.322958329},"median_abs_dev":{"confidence_interval":{"confidence_level":0.95,"lower_bound":2170025.2426743507,"upper_bound":22574892.266115546},"point_estimate":11287446.133057773,"standard_error":5241781.792046001},"slope":null,"std_dev":{"confidence_interval":{"confidence_level":0.95,"lower_bound":6705950.586269894,"upper_bound":17334239.02811041},"point_estimate":13490064.51218889,"standard_error":2708094.304303474}}