{"mean":{"confidence_interval":{"confidence_level":0.95,"lower_bound":191979277.18833333,"upper_bound":199470661.65333334},"point_estimate":194905344.50000003,"standard_error":2048728.4673355115},"median":{"confidence_interval":{"confidence_level":0.95,"lower_bound":191276660.1666667,"upper_bound":194348277.0},"point_estimate":193936246.66666666,"standard_error":931054.713756333},"median_abs_dev":{"confidence_interval":{"confidence_level":0.95,"lower_bound":185091.98141397518,"upper_bound":4574872.576379791},"point_estimate":1677154.4023245426,"standard_error":1293222.1182332265},"slope":null,"std_dev":{"confidence_interval":{"confidence_level":0.95,"lower_bound":1035033.1189274284,"upper_bound":10461052.605472103},"point_estimate":6838713.768416323,"standard_error":3113308.1398390788}}