{"mean":{"confidence_interval":{"confidence_level":0.95,"lower_bound":260672069.1,"upper_bound":283961703.7},"point_estimate":272959490.25,"standard_error":5859414.60716664},"median":{"confidence_interval":{"confidence_level":0.95,"lower_bound":248565192.5,"upper_bound":285749468.0},"point_estimate":283458745.75,"standard_error":9202170.882657118},"median_abs_dev":{"confidence_interval":{"confidence_level":0.95,"lower_bound":466407.7898696065,"upper_bound":29004625.530914962},"point_estimate":3478204.742449522,"standard_error":7697581.023818648},"slope":null,"std_dev":{"confidence_interval":{"confidence_level":0.95,"lower_bound":2698506.3249252173,"upper_bound":22721404.640124556},"point_estimate":19436599.76012554,"standard_error":3949453.4899574793}}