{"mean":{"confidence_interval":{"confidence_level":0.95,"lower_bound":394839976.8,"upper_bound":420344179.67499995},"point_estimate":407426120.65,"standard_error":6546402.7420342155},"median":{"confidence_interval":{"confidence_level":0.95,"lower_bound":388345382.25,"upper_bound":429071338.5},"point_estimate":406098171.75,"standard_error":11305029.59758737},"median_abs_dev":{"confidence_interval":{"confidence_level":0.95,"lower_bound":4374778.907132149,"upper_bound":35929001.21948272},"point_estimate":27053151.09166056,"standard_error":8197935.341318409},"slope":null,"std_dev":{"confidence_interval":{"confidence_level":0.95,"lower_bound":13788261.278988346,"upper_bound":26307056.07227535},"point_estimate":21908188.28762944,"standard_error":3193640.343039225}}