{"mean":{"confidence_interval":{"confidence_level":0.95,"lower_bound":0.054706960696245296,"upper_bound":0.37692729638140526},"point_estimate":0.2135700294410905,"standard_error":0.08218092584110956},"median":{"confidence_interval":{"confidence_level":0.95,"lower_bound":-0.06654798912637105,"upper_bound":0.6175365850427206},"point_estimate":0.17755043028425432,"standard_error":0.17838819989145363}}