{"mean":{"confidence_interval":{"confidence_level":0.95,"lower_bound":3424004171.3475,"upper_bound":3432784234.2},"point_estimate":3428201812.1,"standard_error":2252133.6795951664},"median":{"confidence_interval":{"confidence_level":0.95,"lower_bound":3422666528.0,"upper_bound":3435950176.0},"point_estimate":3425513281.5,"standard_error":3202621.2931206455},"median_abs_dev":{"confidence_interval":{"confidence_level":0.95,"lower_bound":902454.156178236,"upper_bound":11774536.933860183},"point_estimate":5498532.6070815325,"standard_error":2894514.6815198883},"slope":null,"std_dev":{"confidence_interval":{"confidence_level":0.95,"lower_bound":3408329.925107202,"upper_bound":9108060.630956374},"point_estimate":7507385.105681878,"standard_error":1341135.9867605097}}