{"mean":{"confidence_interval":{"confidence_level":0.95,"lower_bound":18975206264.1,"upper_bound":19076692682.6},"point_estimate":19026060762.3,"standard_error":26006120.496821538},"median":{"confidence_interval":{"confidence_level":0.95,"lower_bound":18931845501.0,"upper_bound":19100974510.5},"point_estimate":19032345409.0,"standard_error":47783594.33903516},"median_abs_dev":{"confidence_interval":{"confidence_level":0.95,"lower_bound":15704092.551496625,"upper_bound":142827241.79120958},"point_estimate":112212914.10282254,"standard_error":33186703.8435277},"slope":null,"std_dev":{"confidence_interval":{"confidence_level":0.95,"lower_bound":56138460.79223255,"upper_bound":100794648.94306827},"point_estimate":86207453.94240893,"standard_error":11395216.547485527}}