{"mean":{"confidence_interval":{"confidence_level":0.95,"lower_bound":1083534151.8,"upper_bound":1269243097.4025},"point_estimate":1176901666.1,"standard_error":47917864.25881702},"median":{"confidence_interval":{"confidence_level":0.95,"lower_bound":1024531849.0,"upper_bound":1327505566.0},"point_estimate":1187919161.5,"standard_error":122133617.36187002},"median_abs_dev":{"confidence_interval":{"confidence_level":0.95,"lower_bound":2900706.1072021723,"upper_bound":217435383.4144503},"point_estimate":211152085.43710113,"standard_error":81557867.26955715},"slope":null,"std_dev":{"confidence_interval":{"confidence_level":0.95,"lower_bound":117677909.07479085,"upper_bound":167873407.19154838},"point_estimate":159716172.18973196,"standard_error":14396078.531099148}}