{"mean":{"confidence_interval":{"confidence_level":0.95,"lower_bound":324848121.05,"upper_bound":329055485.69874996},"point_estimate":326923287.35,"standard_error":1073264.5106023764},"median":{"confidence_interval":{"confidence_level":0.95,"lower_bound":324403332.25,"upper_bound":329494497.5},"point_estimate":326320779.0,"standard_error":1290913.5223133606},"median_abs_dev":{"confidence_interval":{"confidence_level":0.95,"lower_bound":784290.567626059,"upper_bound":6074211.350861192},"point_estimate":3415121.966819465,"standard_error":1420231.0973816703},"slope":null,"std_dev":{"confidence_interval":{"confidence_level":0.95,"lower_bound":1933007.6723528262,"upper_bound":4594639.424366812},"point_estimate":3590971.808612824,"standard_error":682513.6799789227}}