{"mean":{"confidence_interval":{"confidence_level":0.95,"lower_bound":395124853.84749997,"upper_bound":402559959.00874996},"point_estimate":398712834.15,"standard_error":1911411.9703873568},"median":{"confidence_interval":{"confidence_level":0.95,"lower_bound":393446809.5,"upper_bound":403940858.75},"point_estimate":398211067.25,"standard_error":2848357.960433156},"median_abs_dev":{"confidence_interval":{"confidence_level":0.95,"lower_bound":1740245.8264544606,"upper_bound":10926047.56347388},"point_estimate":6568383.04913789,"standard_error":2421494.2258645934},"slope":null,"std_dev":{"confidence_interval":{"confidence_level":0.95,"lower_bound":3559651.897894873,"upper_bound":7884253.697649953},"point_estimate":6359626.348449386,"standard_error":1100761.3093253826}}