{"mean":{"confidence_interval":{"confidence_level":0.95,"lower_bound":29140337948.2,"upper_bound":30012965755.6},"point_estimate":29584285253.4,"standard_error":224531377.1122685},"median":{"confidence_interval":{"confidence_level":0.95,"lower_bound":29025840941.0,"upper_bound":30124247690.0},"point_estimate":29640054474.5,"standard_error":323932393.01513463},"median_abs_dev":{"confidence_interval":{"confidence_level":0.95,"lower_bound":165290341.57150984,"upper_bound":1296905160.937831},"point_estimate":691979206.0250133,"standard_error":290620867.3539868},"slope":null,"std_dev":{"confidence_interval":{"confidence_level":0.95,"lower_bound":413892239.2611983,"upper_bound":965254531.3945488},"point_estimate":748590290.7675945,"standard_error":142591259.0562475}}