{"mean":{"confidence_interval":{"confidence_level":0.95,"lower_bound":4402649267.765,"upper_bound":4884664982.3},"point_estimate":4639036170.8,"standard_error":124795842.99305852},"median":{"confidence_interval":{"confidence_level":0.95,"lower_bound":4240326894.0,"upper_bound":5096353484.5},"point_estimate":4517997260.5,"standard_error":295069060.0352168},"median_abs_dev":{"confidence_interval":{"confidence_level":0.95,"lower_bound":5077332.626259327,"upper_bound":637342325.7891119},"point_estimate":436975929.0640265,"standard_error":206648881.02562115},"slope":null,"std_dev":{"confidence_interval":{"confidence_level":0.95,"lower_bound":280202965.97387093,"upper_bound":448679331.95273143},"point_estimate":414691280.1756076,"standard_error":44383947.079105794}}