{"mean":{"confidence_interval":{"confidence_level":0.95,"lower_bound":-0.0135980058894439,"upper_bound":-0.0040349017871568835},"point_estimate":-0.008573898800076973,"standard_error":0.002443469052251892},"median":{"confidence_interval":{"confidence_level":0.95,"lower_bound":-0.012797641826227446,"upper_bound":-0.0013843663140067353},"point_estimate":-0.006729273157728866,"standard_error":0.0028625329072627446}}