{"mean":{"confidence_interval":{"confidence_level":0.95,"lower_bound":598489585.59,"upper_bound":609744843.8775},"point_estimate":604067205.0,"standard_error":2878911.286391722},"median":{"confidence_interval":{"confidence_level":0.95,"lower_bound":595452481.0,"upper_bound":610453944.0},"point_estimate":605141224.5,"standard_error":4439059.50805761},"median_abs_dev":{"confidence_interval":{"confidence_level":0.95,"lower_bound":2037640.9258246422,"upper_bound":16900454.361256957},"point_estimate":9442920.896154642,"standard_error":3834300.3424154525},"slope":null,"std_dev":{"confidence_interval":{"confidence_level":0.95,"lower_bound":5752131.26802202,"upper_bound":12051095.329327244},"point_estimate":9563869.335752985,"standard_error":1649986.4470064936}}