{"mean":{"confidence_interval":{"confidence_level":0.95,"lower_bound":8599189895.4,"upper_bound":9319088008.51},"point_estimate":8987227818.7,"standard_error":184664639.42193186},"median":{"confidence_interval":{"confidence_level":0.95,"lower_bound":8593144815.0,"upper_bound":9400419853.0},"point_estimate":9252625108.0,"standard_error":212998366.491362},"median_abs_dev":{"confidence_interval":{"confidence_level":0.95,"lower_bound":49914425.7045418,"upper_bound":947221985.8922482},"point_estimate":267717435.34976542,"standard_error":238465164.42782018},"slope":null,"std_dev":{"confidence_interval":{"confidence_level":0.95,"lower_bound":184374761.20537597,"upper_bound":772183189.4438081},"point_estimate":615768173.1867341,"standard_error":141848685.34032345}}