{"mean":{"confidence_interval":{"confidence_level":0.95,"lower_bound":-0.021052584378980263,"upper_bound":0.018922798655780143},"point_estimate":-0.0011918153636114592,"standard_error":0.010201332008209588},"median":{"confidence_interval":{"confidence_level":0.95,"lower_bound":-0.029421194856569022,"upper_bound":0.02370616999857189},"point_estimate":0.002501389642916685,"standard_error":0.013987732257960937}}