{"mean":{"confidence_interval":{"confidence_level":0.95,"lower_bound":2398309253.5375004,"upper_bound":2516562515.5099998},"point_estimate":2454546269.4,"standard_error":30230210.973781805},"median":{"confidence_interval":{"confidence_level":0.95,"lower_bound":2386034818.0,"upper_bound":2510080340.0},"point_estimate":2446340919.5,"standard_error":27144150.84432617},"median_abs_dev":{"confidence_interval":{"confidence_level":0.95,"lower_bound":10787479.692783952,"upper_bound":164421731.7627476},"point_estimate":63068813.98610473,"standard_error":40417160.693298854},"slope":null,"std_dev":{"confidence_interval":{"confidence_level":0.95,"lower_bound":44630134.32634151,"upper_bound":134728538.56716096},"point_estimate":100697539.58605403,"standard_error":23656464.213232893}}