{"mean":{"confidence_interval":{"confidence_level":0.95,"lower_bound":1.0077906647985349,"upper_bound":1.1369183844974742},"point_estimate":1.0773714145961826,"standard_error":0.03276327494091106},"median":{"confidence_interval":{"confidence_level":0.95,"lower_bound":0.9973837563716197,"upper_bound":1.1466069516806376},"point_estimate":1.1016550310235984,"standard_error":0.030271259578776345}}