{"mean":{"confidence_interval":{"confidence_level":0.95,"lower_bound":0.7510298798587621,"upper_bound":0.8584600791143338},"point_estimate":0.8026624251439369,"standard_error":0.025954213523691483},"median":{"confidence_interval":{"confidence_level":0.95,"lower_bound":0.7174570160788638,"upper_bound":0.8807461026265289},"point_estimate":0.8138589067852053,"standard_error":0.036110879401703}}