{"mean":{"confidence_interval":{"confidence_level":0.95,"lower_bound":428287903.06624997,"upper_bound":467429011.11375},"point_estimate":445826355.05,"standard_error":10073943.927192485},"median":{"confidence_interval":{"confidence_level":0.95,"lower_bound":416923751.5,"upper_bound":453691191.5},"point_estimate":448628167.0,"standard_error":10021640.41633756},"median_abs_dev":{"confidence_interval":{"confidence_level":0.95,"lower_bound":2405174.494099617,"upper_bound":51391660.14891565},"point_estimate":16084989.163984358,"standard_error":12690327.628554633},"slope":null,"std_dev":{"confidence_interval":{"confidence_level":0.95,"lower_bound":13024823.945319142,"upper_bound":47967076.109838024},"point_estimate":33593462.19989872,"standard_error":10387439.55292974}}