{"mean":{"confidence_interval":{"confidence_level":0.95,"lower_bound":230415204.2,"upper_bound":238517291.2108333},"point_estimate":234773723.8333333,"standard_error":2084175.1566348744},"median":{"confidence_interval":{"confidence_level":0.95,"lower_bound":231014525.3333333,"upper_bound":239022133.5},"point_estimate":236332720.3333333,"standard_error":1618594.585166153},"median_abs_dev":{"confidence_interval":{"confidence_level":0.95,"lower_bound":312778.43314710225,"upper_bound":11030267.546373636},"point_estimate":2812323.380771287,"standard_error":2910039.834707421},"slope":null,"std_dev":{"confidence_interval":{"confidence_level":0.95,"lower_bound":2533881.4624247965,"upper_bound":9339878.859654447},"point_estimate":6947886.712290528,"standard_error":1789553.7136264236}}