{"mean":{"confidence_interval":{"confidence_level":0.95,"lower_bound":-0.007175872097384468,"upper_bound":0.0005826749237034355},"point_estimate":-0.0032648829701993343,"standard_error":0.0019735374195689864},"median":{"confidence_interval":{"confidence_level":0.95,"lower_bound":-0.00741872163522872,"upper_bound":0.0020563994895541615},"point_estimate":-0.004336103529318347,"standard_error":0.002207714109348375}}