{"mean":{"confidence_interval":{"confidence_level":0.95,"lower_bound":3453781774.36,"upper_bound":3773507455.8},"point_estimate":3610798595.9,"standard_error":81066065.15979809},"median":{"confidence_interval":{"confidence_level":0.95,"lower_bound":3444771469.5,"upper_bound":3793733305.0},"point_estimate":3456824410.0,"standard_error":104402200.50265236},"median_abs_dev":{"confidence_interval":{"confidence_level":0.95,"lower_bound":5256509.280878305,"upper_bound":433806761.16659045},"point_estimate":20798669.298049808,"standard_error":106796795.2117413},"slope":null,"std_dev":{"confidence_interval":{"confidence_level":0.95,"lower_bound":12089535.64092953,"upper_bound":328236246.9192757},"point_estimate":270991774.40287036,"standard_error":66104305.56191651}}