{"mean":{"confidence_interval":{"confidence_level":0.95,"lower_bound":846896147.3525,"upper_bound":869221777.4},"point_estimate":857992155.3,"standard_error":5701910.687482637},"median":{"confidence_interval":{"confidence_level":0.95,"lower_bound":845372921.5,"upper_bound":877093926.0},"point_estimate":855310252.0,"standard_error":7963956.927550133},"median_abs_dev":{"confidence_interval":{"confidence_level":0.95,"lower_bound":2927654.585623741,"upper_bound":33830470.28338909},"point_estimate":15392115.710735321,"standard_error":7937436.49135628},"slope":null,"std_dev":{"confidence_interval":{"confidence_level":0.95,"lower_bound":10486657.404348925,"upper_bound":24384526.10775075},"point_estimate":19071566.015453808,"standard_error":3534221.086250225}}