{"mean":{"confidence_interval":{"confidence_level":0.95,"lower_bound":5827513787.8,"upper_bound":6405754490.0625},"point_estimate":6170052397.8,"standard_error":164939136.89784402},"median":{"confidence_interval":{"confidence_level":0.95,"lower_bound":6078655076.0,"upper_bound":6406436745.5},"point_estimate":6400975589.0,"standard_error":80358852.99881746},"median_abs_dev":{"confidence_interval":{"confidence_level":0.95,"lower_bound":1589682.9806774855,"upper_bound":473540570.9299743},"point_estimate":11062849.657595158,"standard_error":104966534.06428197},"slope":null,"std_dev":{"confidence_interval":{"confidence_level":0.95,"lower_bound":7347520.074434356,"upper_bound":818162677.6043291},"point_estimate":551521655.9216267,"standard_error":239747696.33632213}}