{"mean":{"confidence_interval":{"confidence_level":0.95,"lower_bound":-0.010340462313555973,"upper_bound":0.0077914505032590405},"point_estimate":-0.0015728051180335934,"standard_error":0.004622520814747545},"median":{"confidence_interval":{"confidence_level":0.95,"lower_bound":-0.010967392639202433,"upper_bound":0.004672318278690968},"point_estimate":-0.004449542062861633,"standard_error":0.004265202979460142}}