{"mean":{"confidence_interval":{"confidence_level":0.95,"lower_bound":468786057.45,"upper_bound":476998484.15},"point_estimate":472864381.75,"standard_error":2106977.104539671},"median":{"confidence_interval":{"confidence_level":0.95,"lower_bound":466979723.25,"upper_bound":478760402.5},"point_estimate":473068289.75,"standard_error":3464584.06810765},"median_abs_dev":{"confidence_interval":{"confidence_level":0.95,"lower_bound":444663.2373556495,"upper_bound":11562502.157324553},"point_estimate":8709482.025025785,"standard_error":2871122.9714278476},"slope":null,"std_dev":{"confidence_interval":{"confidence_level":0.95,"lower_bound":4272133.97408944,"upper_bound":8519816.79429593},"point_estimate":7030784.18143835,"standard_error":1077517.1303963917}}