{"mean":{"confidence_interval":{"confidence_level":0.95,"lower_bound":-0.014697123444345627,"upper_bound":-0.006261140382048128},"point_estimate":-0.010184950798611592,"standard_error":0.0021677200257315503},"median":{"confidence_interval":{"confidence_level":0.95,"lower_bound":-0.013965250143203342,"upper_bound":-0.004205888352119103},"point_estimate":-0.00863079121861765,"standard_error":0.00231550615416954}}