{"mean":{"confidence_interval":{"confidence_level":0.95,"lower_bound":8288588.760757576,"upper_bound":8384187.732619045},"point_estimate":8336590.9221861465,"standard_error":24588.404417813006},"median":{"confidence_interval":{"confidence_level":0.95,"lower_bound":8298969.381818182,"upper_bound":8382806.659090909},"point_estimate":8337951.618181818,"standard_error":19019.128148117652},"median_abs_dev":{"confidence_interval":{"confidence_level":0.95,"lower_bound":12486.760237406663,"upper_bound":133013.15825899856},"point_estimate":35523.21891933634,"standard_error":32261.67571781474},"slope":{"confidence_interval":{"confidence_level":0.95,"lower_bound":8311210.781076067,"upper_bound":8399389.797072897},"point_estimate":8354654.605430933,"standard_error":22128.830343778918},"std_dev":{"confidence_interval":{"confidence_level":0.95,"lower_bound":30753.264891425595,"upper_bound":113077.78188267218},"point_estimate":82170.3158048024,"standard_error":20633.35982196303}}