{"mean":{"confidence_interval":{"confidence_level":0.95,"lower_bound":-0.051318719091906745,"upper_bound":-0.016864418084636786},"point_estimate":-0.034548569661822515,"standard_error":0.008961727834241562},"median":{"confidence_interval":{"confidence_level":0.95,"lower_bound":-0.050218843298347804,"upper_bound":-0.013378668680795958},"point_estimate":-0.031070085705242723,"standard_error":0.011358507509566343}}