{"mean":{"confidence_interval":{"confidence_level":0.95,"lower_bound":6048264.801462585,"upper_bound":6702050.9649149645},"point_estimate":6391605.877534013,"standard_error":166885.10916740476},"median":{"confidence_interval":{"confidence_level":0.95,"lower_bound":6092103.613265306,"upper_bound":6843231.892857143},"point_estimate":6438466.586904762,"standard_error":188859.00497432286},"median_abs_dev":{"confidence_interval":{"confidence_level":0.95,"lower_bound":76990.02228315345,"upper_bound":946376.435440959},"point_estimate":541597.0797597299,"standard_error":215424.43939570774},"slope":{"confidence_interval":{"confidence_level":0.95,"lower_bound":6234561.851920925,"upper_bound":6809219.603903176},"point_estimate":6517916.319109462,"standard_error":145053.8465787434},"std_dev":{"confidence_interval":{"confidence_level":0.95,"lower_bound":278727.76221972844,"upper_bound":743458.7088702555},"point_estimate":556543.9696559,"standard_error":127736.57894814745}}