{"mean":{"confidence_interval":{"confidence_level":0.95,"lower_bound":1199653751.465,"upper_bound":1240465166.1},"point_estimate":1218767347.0,"standard_error":10454412.473886447},"median":{"confidence_interval":{"confidence_level":0.95,"lower_bound":1190407667.0,"upper_bound":1236667519.5},"point_estimate":1222834336.5,"standard_error":11954890.290503856},"median_abs_dev":{"confidence_interval":{"confidence_level":0.95,"lower_bound":926177.979657054,"upper_bound":58681501.1787951},"point_estimate":34250649.49412942,"standard_error":14640055.038920287},"slope":null,"std_dev":{"confidence_interval":{"confidence_level":0.95,"lower_bound":17131623.936447624,"upper_bound":46790785.01420791},"point_estimate":34750219.17361673,"standard_error":8284468.668920751}}