{"mean":{"confidence_interval":{"confidence_level":0.95,"lower_bound":8555653.015400164,"upper_bound":8970399.38071068},"point_estimate":8804725.20783189,"standard_error":112541.39956369885},"median":{"confidence_interval":{"confidence_level":0.95,"lower_bound":8776635.666666666,"upper_bound":9005575.974025974},"point_estimate":8927769.52840909,"standard_error":63142.63203428521},"median_abs_dev":{"confidence_interval":{"confidence_level":0.95,"lower_bound":28064.252835852956,"upper_bound":287659.16338734835},"point_estimate":120982.21255282036,"standard_error":72427.3955184801},"slope":{"confidence_interval":{"confidence_level":0.95,"lower_bound":8895046.407513622,"upper_bound":9025663.940968122},"point_estimate":8958904.677449822,"standard_error":34570.05423670282},"std_dev":{"confidence_interval":{"confidence_level":0.95,"lower_bound":69954.82835779362,"upper_bound":566045.6470420719},"point_estimate":374509.06822161924,"standard_error":159870.5001677558}}