{"mean":{"confidence_interval":{"confidence_level":0.95,"lower_bound":182752101.51125,"upper_bound":237329702.01499993},"point_estimate":208953996.4,"standard_error":13963881.738960119},"median":{"confidence_interval":{"confidence_level":0.95,"lower_bound":172134205.25,"upper_bound":247585374.75},"point_estimate":198443533.0,"standard_error":14006227.550182488},"median_abs_dev":{"confidence_interval":{"confidence_level":0.95,"lower_bound":1976837.2770041227,"upper_bound":91985990.95212221},"point_estimate":29537977.157396078,"standard_error":24817515.19938892},"slope":null,"std_dev":{"confidence_interval":{"confidence_level":0.95,"lower_bound":22034217.353372656,"upper_bound":59990008.27533349},"point_estimate":46758979.438411,"standard_error":9609061.492740158}}