{"mean":{"confidence_interval":{"confidence_level":0.95,"lower_bound":830062765.9675001,"upper_bound":843098285.5},"point_estimate":836597662.8,"standard_error":3330374.752873112},"median":{"confidence_interval":{"confidence_level":0.95,"lower_bound":827276301.0,"upper_bound":846817895.5},"point_estimate":835637570.5,"standard_error":4580610.478210145},"median_abs_dev":{"confidence_interval":{"confidence_level":0.95,"lower_bound":2034193.8808858395,"upper_bound":20657012.059664726},"point_estimate":11642162.99521029,"standard_error":4547304.795205114},"slope":null,"std_dev":{"confidence_interval":{"confidence_level":0.95,"lower_bound":6584216.62141254,"upper_bound":13673662.311188124},"point_estimate":11086611.034811934,"standard_error":1817657.1705786213}}