{"mean":{"confidence_interval":{"confidence_level":0.95,"lower_bound":16962778274.625,"upper_bound":19442188420.0},"point_estimate":18274619863.3,"standard_error":633133276.9657131},"median":{"confidence_interval":{"confidence_level":0.95,"lower_bound":15517507673.0,"upper_bound":19892521724.0},"point_estimate":19833982745.0,"standard_error":1354897686.7056644},"median_abs_dev":{"confidence_interval":{"confidence_level":0.95,"lower_bound":7391158.946880698,"upper_bound":3237642981.091547},"point_estimate":98382454.30286229,"standard_error":1040245240.838362},"slope":null,"std_dev":{"confidence_interval":{"confidence_level":0.95,"lower_bound":1371645512.6875775,"upper_bound":2311386617.5371103},"point_estimate":2112988255.4466333,"standard_error":296677248.74701154}}