{"mean":{"confidence_interval":{"confidence_level":0.95,"lower_bound":225444773.7525,"upper_bound":256228592.85},"point_estimate":240884955.15,"standard_error":7874949.309649224},"median":{"confidence_interval":{"confidence_level":0.95,"lower_bound":211475497.5,"upper_bound":267063755.5},"point_estimate":238168262.25,"standard_error":16092807.940773915},"median_abs_dev":{"confidence_interval":{"confidence_level":0.95,"lower_bound":1692204.76885736,"upper_bound":42624930.49110621},"point_estimate":41820180.41449338,"standard_error":12377983.944635484},"slope":null,"std_dev":{"confidence_interval":{"confidence_level":0.95,"lower_bound":17828782.865119934,"upper_bound":29843461.18332015},"point_estimate":26327096.252316155,"standard_error":3141596.5213793726}}