{"mean":{"confidence_interval":{"confidence_level":0.95,"lower_bound":771457847.1,"upper_bound":778034858.87},"point_estimate":774676676.3,"standard_error":1678752.2362798704},"median":{"confidence_interval":{"confidence_level":0.95,"lower_bound":771993781.0,"upper_bound":777865990.0},"point_estimate":773722384.5,"standard_error":1593175.938958385},"median_abs_dev":{"confidence_interval":{"confidence_level":0.95,"lower_bound":546329.1947007179,"upper_bound":9595428.54244709},"point_estimate":2781604.40351665,"standard_error":2486859.656903612},"slope":null,"std_dev":{"confidence_interval":{"confidence_level":0.95,"lower_bound":2481996.222065303,"upper_bound":7496221.9243260035},"point_estimate":5588212.342348233,"standard_error":1279373.4595604117}}