{"mean":{"confidence_interval":{"confidence_level":0.95,"lower_bound":341186493.20500004,"upper_bound":395746291.6},"point_estimate":369516610.35,"standard_error":13986011.920862807},"median":{"confidence_interval":{"confidence_level":0.95,"lower_bound":338717153.0,"upper_bound":412630712.0},"point_estimate":367900570.5,"standard_error":23242444.12456899},"median_abs_dev":{"confidence_interval":{"confidence_level":0.95,"lower_bound":4067207.982842624,"upper_bound":88312279.45764363},"point_estimate":60805619.195884466,"standard_error":20764358.073530283},"slope":null,"std_dev":{"confidence_interval":{"confidence_level":0.95,"lower_bound":27515148.824430395,"upper_bound":59141969.650467485},"point_estimate":46664889.81766092,"standard_error":8558562.001982074}}