{"mean":{"confidence_interval":{"confidence_level":0.95,"lower_bound":0.6066067221467394,"upper_bound":0.6908486145887959},"point_estimate":0.6510681551782782,"standard_error":0.02120821686118304},"median":{"confidence_interval":{"confidence_level":0.95,"lower_bound":0.5690470725757708,"upper_bound":0.7100847447284218},"point_estimate":0.6729030019106945,"standard_error":0.03327917882930199}}