{"mean":{"confidence_interval":{"confidence_level":0.95,"lower_bound":1216049876.3,"upper_bound":1247480657.1675},"point_estimate":1231215071.7,"standard_error":8046882.920272902},"median":{"confidence_interval":{"confidence_level":0.95,"lower_bound":1208014678.0,"upper_bound":1259225409.5},"point_estimate":1218144226.0,"standard_error":15949459.465318583},"median_abs_dev":{"confidence_interval":{"confidence_level":0.95,"lower_bound":3580550.1012325287,"upper_bound":43046356.9390744},"point_estimate":19043863.227903843,"standard_error":11323142.198840514},"slope":null,"std_dev":{"confidence_interval":{"confidence_level":0.95,"lower_bound":16354921.433068223,"upper_bound":30315928.9054159},"point_estimate":26791151.15254699,"standard_error":3546874.3410906713}}