{"mean":{"confidence_interval":{"confidence_level":0.95,"lower_bound":0.01050981675961119,"upper_bound":0.03417305905109342},"point_estimate":0.021139955326999527,"standard_error":0.006242729007464492},"median":{"confidence_interval":{"confidence_level":0.95,"lower_bound":0.005732828791716438,"upper_bound":0.03557416329745955},"point_estimate":0.014997262073950468,"standard_error":0.008192033300646917}}