{"mean":{"confidence_interval":{"confidence_level":0.95,"lower_bound":296088389.25,"upper_bound":301988941.7525},"point_estimate":298995062.05,"standard_error":1512770.6867875785},"median":{"confidence_interval":{"confidence_level":0.95,"lower_bound":293951723.0,"upper_bound":304326128.0},"point_estimate":297650102.75,"standard_error":3089720.7171083097},"median_abs_dev":{"confidence_interval":{"confidence_level":0.95,"lower_bound":486436.23291403055,"upper_bound":6919507.200904191},"point_estimate":6337580.78083545,"standard_error":2049766.9563094873},"slope":null,"std_dev":{"confidence_interval":{"confidence_level":0.95,"lower_bound":3347040.1582667995,"upper_bound":5670023.974034063},"point_estimate":5043563.981254303,"standard_error":598704.9848217877}}