{"mean":{"confidence_interval":{"confidence_level":0.95,"lower_bound":203894488.6666667,"upper_bound":216123082.36666664},"point_estimate":209158904.43333337,"standard_error":3188520.2245889283},"median":{"confidence_interval":{"confidence_level":0.95,"lower_bound":202296381.3333333,"upper_bound":214156114.0},"point_estimate":204696363.5,"standard_error":2914107.8951971713},"median_abs_dev":{"confidence_interval":{"confidence_level":0.95,"lower_bound":357280.8952569814,"upper_bound":11978261.243343383},"point_estimate":4020141.98182822,"standard_error":3423132.084823259},"slope":null,"std_dev":{"confidence_interval":{"confidence_level":0.95,"lower_bound":2501979.890919198,"upper_bound":14960736.888788791},"point_estimate":10603874.72542724,"standard_error":3504415.0421203123}}