{"mean":{"confidence_interval":{"confidence_level":0.95,"lower_bound":431362614.75,"upper_bound":444090071.25},"point_estimate":438045155.4,"standard_error":3266996.1623391644},"median":{"confidence_interval":{"confidence_level":0.95,"lower_bound":430027407.5,"upper_bound":446739578.75},"point_estimate":440257714.25,"standard_error":5192497.520953297},"median_abs_dev":{"confidence_interval":{"confidence_level":0.95,"lower_bound":1796412.6438573003,"upper_bound":19187891.884946823},"point_estimate":10865558.967147768,"standard_error":4510578.722736088},"slope":null,"std_dev":{"confidence_interval":{"confidence_level":0.95,"lower_bound":6044709.209239046,"upper_bound":13793495.080994545},"point_estimate":10868390.894875824,"standard_error":2079935.25540415}}