{"mean":{"confidence_interval":{"confidence_level":0.95,"lower_bound":3843189105.2,"upper_bound":3883541328.8675003},"point_estimate":3862980982.5,"standard_error":10312942.334533863},"median":{"confidence_interval":{"confidence_level":0.95,"lower_bound":3827755166.0,"upper_bound":3885050712.0},"point_estimate":3864173697.0,"standard_error":14696098.192338502},"median_abs_dev":{"confidence_interval":{"confidence_level":0.95,"lower_bound":6425496.364724636,"upper_bound":62186536.53296828},"point_estimate":33973016.34045839,"standard_error":14005897.889169648},"slope":null,"std_dev":{"confidence_interval":{"confidence_level":0.95,"lower_bound":19760582.032415885,"upper_bound":44229015.25194047},"point_estimate":34537498.78464192,"standard_error":6452518.642413375}}