{"mean":{"confidence_interval":{"confidence_level":0.95,"lower_bound":219142691.50083336,"upper_bound":224249447.915},"point_estimate":221469356.53333336,"standard_error":1313492.7910759065},"median":{"confidence_interval":{"confidence_level":0.95,"lower_bound":218485994.66666666,"upper_bound":223048709.8333333},"point_estimate":221228898.66666666,"standard_error":1392000.0792931556},"median_abs_dev":{"confidence_interval":{"confidence_level":0.95,"lower_bound":401589.3838704001,"upper_bound":5965021.569299742},"point_estimate":3374182.563096285,"standard_error":1412573.915558453},"slope":null,"std_dev":{"confidence_interval":{"confidence_level":0.95,"lower_bound":1755319.294389655,"upper_bound":6129076.684984705},"point_estimate":4357694.582884475,"standard_error":1280716.0670618033}}