{"mean":{"confidence_interval":{"confidence_level":0.95,"lower_bound":3785846765.3325,"upper_bound":4531707249.592501},"point_estimate":4155897717.3,"standard_error":190968813.00668123},"median":{"confidence_interval":{"confidence_level":0.95,"lower_bound":3596396921.0,"upper_bound":4805293693.0},"point_estimate":4114178909.5,"standard_error":271860417.9611834},"median_abs_dev":{"confidence_interval":{"confidence_level":0.95,"lower_bound":139182365.38361907,"upper_bound":1103276270.035431},"point_estimate":779531520.303449,"standard_error":261488788.7747618},"slope":null,"std_dev":{"confidence_interval":{"confidence_level":0.95,"lower_bound":368111822.4586408,"upper_bound":784202439.4624519},"point_estimate":636515187.2283671,"standard_error":104927267.66847609}}