{"mean":{"confidence_interval":{"confidence_level":0.95,"lower_bound":12664120094.3,"upper_bound":12765004176.849998},"point_estimate":12713563544.5,"standard_error":25761212.351708952},"median":{"confidence_interval":{"confidence_level":0.95,"lower_bound":12637111455.0,"upper_bound":12791494066.0},"point_estimate":12711936483.0,"standard_error":38288292.657303244},"median_abs_dev":{"confidence_interval":{"confidence_level":0.95,"lower_bound":23656156.133419275,"upper_bound":145656884.65777338},"point_estimate":108276567.43600667,"standard_error":31219429.864179313},"slope":null,"std_dev":{"confidence_interval":{"confidence_level":0.95,"lower_bound":50171498.38759896,"upper_bound":106788026.69615395},"point_estimate":85567928.14555879,"standard_error":14638627.296059223}}