{"mean":{"confidence_interval":{"confidence_level":0.95,"lower_bound":-0.031208724497544152,"upper_bound":0.015086423234675104},"point_estimate":-0.007774871274007333,"standard_error":0.011821161215150271},"median":{"confidence_interval":{"confidence_level":0.95,"lower_bound":-0.02518966547645274,"upper_bound":0.024757440406143694},"point_estimate":-0.009388363799554544,"standard_error":0.011985913729424497}}