{"mean":{"confidence_interval":{"confidence_level":0.95,"lower_bound":1526213084.8,"upper_bound":1558538326.6},"point_estimate":1541470415.5,"standard_error":8320660.350943266},"median":{"confidence_interval":{"confidence_level":0.95,"lower_bound":1519372994.0,"upper_bound":1575153718.0},"point_estimate":1529177055.0,"standard_error":14470419.235384876},"median_abs_dev":{"confidence_interval":{"confidence_level":0.95,"lower_bound":2723146.2278544903,"upper_bound":42364981.41927123},"point_estimate":18662882.477867603,"standard_error":11555595.845954414},"slope":null,"std_dev":{"confidence_interval":{"confidence_level":0.95,"lower_bound":11668448.446995871,"upper_bound":32050889.516803578},"point_estimate":27731193.88106567,"standard_error":4568697.359625939}}