{"mean":{"confidence_interval":{"confidence_level":0.95,"lower_bound":1347226810.3425,"upper_bound":1411054171.9599998},"point_estimate":1383269995.3,"standard_error":16546496.6034532},"median":{"confidence_interval":{"confidence_level":0.95,"lower_bound":1354940080.5,"upper_bound":1417532002.0},"point_estimate":1399677621.5,"standard_error":13116798.819643438},"median_abs_dev":{"confidence_interval":{"confidence_level":0.95,"lower_bound":5319705.104756355,"upper_bound":66604569.55303252},"point_estimate":23781202.32169926,"standard_error":15411429.524188116},"slope":null,"std_dev":{"confidence_interval":{"confidence_level":0.95,"lower_bound":13046628.993020682,"upper_bound":76194715.68724638},"point_estimate":55365750.51145113,"standard_error":17251067.58558439}}