{"mean":{"confidence_interval":{"confidence_level":0.95,"lower_bound":973026435.3,"upper_bound":1010999648.8675},"point_estimate":991521737.6,"standard_error":9748396.251238812},"median":{"confidence_interval":{"confidence_level":0.95,"lower_bound":967976161.0,"upper_bound":1021386158.0},"point_estimate":982013346.0,"standard_error":14989380.73095904},"median_abs_dev":{"confidence_interval":{"confidence_level":0.95,"lower_bound":6315951.500469446,"upper_bound":54955876.44623816},"point_estimate":30334224.52315986,"standard_error":13222395.286031792},"slope":null,"std_dev":{"confidence_interval":{"confidence_level":0.95,"lower_bound":18426187.88638441,"upper_bound":39607744.43383207},"point_estimate":32470996.28313404,"standard_error":5297769.815606611}}