{"mean":{"confidence_interval":{"confidence_level":0.95,"lower_bound":1247625653.0,"upper_bound":1589621525.4},"point_estimate":1410479672.3,"standard_error":87968379.5331734},"median":{"confidence_interval":{"confidence_level":0.95,"lower_bound":1188333288.5,"upper_bound":1668439078.0},"point_estimate":1323023629.5,"standard_error":130483843.64325051},"median_abs_dev":{"confidence_interval":{"confidence_level":0.95,"lower_bound":45536494.048565626,"upper_bound":477667774.1740018},"point_estimate":213617230.35883605,"standard_error":116195477.01813368},"slope":null,"std_dev":{"confidence_interval":{"confidence_level":0.95,"lower_bound":146900951.70493397,"upper_bound":361967447.93065137},"point_estimate":293539764.41865665,"standard_error":53427260.77311715}}