{"mean":{"confidence_interval":{"confidence_level":0.95,"lower_bound":991693227.805,"upper_bound":1025790092.0},"point_estimate":1009419254.4,"standard_error":8782149.975891873},"median":{"confidence_interval":{"confidence_level":0.95,"lower_bound":976272229.0,"upper_bound":1033543761.0},"point_estimate":1016238107.5,"standard_error":13824892.023172775},"median_abs_dev":{"confidence_interval":{"confidence_level":0.95,"lower_bound":6995452.272605896,"upper_bound":47668383.11341703},"point_estimate":29316228.385832906,"standard_error":11386482.125444254},"slope":null,"std_dev":{"confidence_interval":{"confidence_level":0.95,"lower_bound":14891543.532959227,"upper_bound":35214263.52168264},"point_estimate":29273803.006539457,"standard_error":4839508.321536461}}