{"mean":{"confidence_interval":{"confidence_level":0.95,"lower_bound":3480560532.4175,"upper_bound":3853505962.0},"point_estimate":3666284377.2,"standard_error":94602515.3567916},"median":{"confidence_interval":{"confidence_level":0.95,"lower_bound":3402873922.0,"upper_bound":4029843474.0},"point_estimate":3468222223.0,"standard_error":229603066.69304207},"median_abs_dev":{"confidence_interval":{"confidence_level":0.95,"lower_bound":1384316.9388234615,"upper_bound":462249383.085233},"point_estimate":102833100.81584752,"standard_error":156446903.7484355},"slope":null,"std_dev":{"confidence_interval":{"confidence_level":0.95,"lower_bound":196382721.1487815,"upper_bound":330909209.90632784},"point_estimate":315344338.02807224,"standard_error":36416237.60177134}}