{"mean":{"confidence_interval":{"confidence_level":0.95,"lower_bound":276005862.37875,"upper_bound":293109132.70624995},"point_estimate":284476262.25,"standard_error":4360024.530684665},"median":{"confidence_interval":{"confidence_level":0.95,"lower_bound":270389285.5,"upper_bound":296655645.75},"point_estimate":284014540.75,"standard_error":5744223.576254516},"median_abs_dev":{"confidence_interval":{"confidence_level":0.95,"lower_bound":2436494.047893584,"upper_bound":26430459.473365545},"point_estimate":16452330.364912748,"standard_error":6250697.446130887},"slope":null,"std_dev":{"confidence_interval":{"confidence_level":0.95,"lower_bound":8475130.475420553,"upper_bound":17991988.4546485},"point_estimate":14518583.708576176,"standard_error":2456650.4110108167}}