{"mean":{"confidence_interval":{"confidence_level":0.95,"lower_bound":1189530121.4,"upper_bound":1206380021.7575},"point_estimate":1197934789.0,"standard_error":4298249.934405008},"median":{"confidence_interval":{"confidence_level":0.95,"lower_bound":1185408329.5,"upper_bound":1212017321.5},"point_estimate":1194013081.5,"standard_error":7460302.532019578},"median_abs_dev":{"confidence_interval":{"confidence_level":0.95,"lower_bound":2986328.4795820713,"upper_bound":22514835.106381774},"point_estimate":21714669.970187545,"standard_error":6008572.704446446},"slope":null,"std_dev":{"confidence_interval":{"confidence_level":0.95,"lower_bound":9150742.14615175,"upper_bound":16829587.669048324},"point_estimate":14258933.06288268,"standard_error":1984698.8266742628}}