{"mean":{"confidence_interval":{"confidence_level":0.95,"lower_bound":287893141.85,"upper_bound":293533613.3075},"point_estimate":290805118.4,"standard_error":1445775.1322764575},"median":{"confidence_interval":{"confidence_level":0.95,"lower_bound":286617732.25,"upper_bound":295103299.0},"point_estimate":291096555.25,"standard_error":1566242.7889026147},"median_abs_dev":{"confidence_interval":{"confidence_level":0.95,"lower_bound":356302.8734743595,"upper_bound":8912572.646570206},"point_estimate":4053990.974727273,"standard_error":2453613.8423625785},"slope":null,"std_dev":{"confidence_interval":{"confidence_level":0.95,"lower_bound":2421326.8581741024,"upper_bound":6160054.557689431},"point_estimate":4841499.376901476,"standard_error":955192.0617935245}}