{"mean":{"confidence_interval":{"confidence_level":0.95,"lower_bound":304721.8480378401,"upper_bound":463426.911676233},"point_estimate":379536.26747484406,"standard_error":40837.92964222665},"median":{"confidence_interval":{"confidence_level":0.95,"lower_bound":264097.4347098214,"upper_bound":500812.1212797619},"point_estimate":363904.2784970238,"standard_error":51939.87914964593},"median_abs_dev":{"confidence_interval":{"confidence_level":0.95,"lower_bound":26794.253459723568,"upper_bound":236819.59812532156},"point_estimate":123422.15073246464,"standard_error":55468.13959678972},"slope":{"confidence_interval":{"confidence_level":0.95,"lower_bound":267405.98598115443,"upper_bound":351267.3855375272},"point_estimate":295917.9069341373,"standard_error":21419.54117104732},"std_dev":{"confidence_interval":{"confidence_level":0.95,"lower_bound":61638.321394908206,"upper_bound":168939.18735316923},"point_estimate":136260.06067153846,"standard_error":27751.819444974564}}