{"mean":{"confidence_interval":{"confidence_level":0.95,"lower_bound":302482982.3,"upper_bound":354621314.64375},"point_estimate":328123711.75,"standard_error":12735036.733086327},"median":{"confidence_interval":{"confidence_level":0.95,"lower_bound":300102101.0,"upper_bound":388509123.0},"point_estimate":303689029.0,"standard_error":21632127.88026939},"median_abs_dev":{"confidence_interval":{"confidence_level":0.95,"lower_bound":323121.9154134393,"upper_bound":65977834.51395929},"point_estimate":5538834.492816031,"standard_error":18667796.028563622},"slope":null,"std_dev":{"confidence_interval":{"confidence_level":0.95,"lower_bound":2070439.2883570627,"upper_bound":46795093.15075557},"point_estimate":42521588.41955039,"standard_error":8588082.527290158}}