{"mean":{"confidence_interval":{"confidence_level":0.95,"lower_bound":13889655038.5,"upper_bound":15657090963.729998},"point_estimate":14841074219.6,"standard_error":456980093.99899244},"median":{"confidence_interval":{"confidence_level":0.95,"lower_bound":13011573801.0,"upper_bound":15918358740.0},"point_estimate":15764300656.5,"standard_error":761116590.5528682},"median_abs_dev":{"confidence_interval":{"confidence_level":0.95,"lower_bound":63055770.81283629,"upper_bound":2313610433.308804},"point_estimate":341157268.17864776,"standard_error":639669230.6601369},"slope":null,"std_dev":{"confidence_interval":{"confidence_level":0.95,"lower_bound":375529578.68923503,"upper_bound":1737206095.126209},"point_estimate":1522873708.9530706,"standard_error":287702035.30263156}}