{"mean":{"confidence_interval":{"confidence_level":0.95,"lower_bound":37172474954.4525,"upper_bound":38972050586.3525},"point_estimate":38061551087.1,"standard_error":462713502.0189347},"median":{"confidence_interval":{"confidence_level":0.95,"lower_bound":36638951330.0,"upper_bound":39398697838.0},"point_estimate":37956698916.0,"standard_error":764947292.6456959},"median_abs_dev":{"confidence_interval":{"confidence_level":0.95,"lower_bound":409133475.47552884,"upper_bound":2612581377.812809},"point_estimate":2037476925.0633538,"standard_error":564595288.963103},"slope":null,"std_dev":{"confidence_interval":{"confidence_level":0.95,"lower_bound":969726069.8501774,"upper_bound":1843323238.6554387},"point_estimate":1541383507.6841483,"standard_error":223046087.69234133}}