{"mean":{"confidence_interval":{"confidence_level":0.95,"lower_bound":-0.004359125983788082,"upper_bound":0.005249787066699393},"point_estimate":0.0006387806085728087,"standard_error":0.0024653264114778773},"median":{"confidence_interval":{"confidence_level":0.95,"lower_bound":-0.004771678123366874,"upper_bound":0.007348700567815225},"point_estimate":0.0024483872688227937,"standard_error":0.003159204027481616}}