{"mean":{"confidence_interval":{"confidence_level":0.95,"lower_bound":459755395.93874997,"upper_bound":471047312.97375},"point_estimate":465129164.6,"standard_error":2900004.9294791427},"median":{"confidence_interval":{"confidence_level":0.95,"lower_bound":457884945.5,"upper_bound":473669821.0},"point_estimate":461990586.5,"standard_error":3947719.3167071124},"median_abs_dev":{"confidence_interval":{"confidence_level":0.95,"lower_bound":1603105.3288891912,"upper_bound":15790720.497308671},"point_estimate":7567675.0758469105,"standard_error":3709906.212204863},"slope":null,"std_dev":{"confidence_interval":{"confidence_level":0.95,"lower_bound":4574374.132334744,"upper_bound":12024982.333223138},"point_estimate":9679065.654809574,"standard_error":1826349.0075845595}}