{"mean":{"confidence_interval":{"confidence_level":0.95,"lower_bound":252928100.86625,"upper_bound":253389958.13375},"point_estimate":253153092.85,"standard_error":117854.11018764562},"median":{"confidence_interval":{"confidence_level":0.95,"lower_bound":252859514.75,"upper_bound":253458479.75},"point_estimate":253110896.0,"standard_error":158271.35989923676},"median_abs_dev":{"confidence_interval":{"confidence_level":0.95,"lower_bound":128426.51621997356,"upper_bound":652843.2539597154},"point_estimate":382602.3437574506,"standard_error":139025.34256373456},"slope":null,"std_dev":{"confidence_interval":{"confidence_level":0.95,"lower_bound":214816.6755098056,"upper_bound":493086.9841064912},"point_estimate":390322.5766163766,"standard_error":71447.44188470724}}