{"mean":{"confidence_interval":{"confidence_level":0.95,"lower_bound":1012337163.91,"upper_bound":1040190107.8675},"point_estimate":1025727577.6,"standard_error":7146762.57714166},"median":{"confidence_interval":{"confidence_level":0.95,"lower_bound":1002113833.0,"upper_bound":1043510914.0},"point_estimate":1025931957.5,"standard_error":9885386.744022695},"median_abs_dev":{"confidence_interval":{"confidence_level":0.95,"lower_bound":4538893.08731854,"upper_bound":41338022.96510339},"point_estimate":27584607.214075327,"standard_error":10237419.470600555},"slope":null,"std_dev":{"confidence_interval":{"confidence_level":0.95,"lower_bound":12966990.007564306,"upper_bound":30122115.77137441},"point_estimate":23883967.902958047,"standard_error":4473440.459855069}}