{"mean":{"confidence_interval":{"confidence_level":0.95,"lower_bound":3613455636.9,"upper_bound":3989231290.6775},"point_estimate":3803793700.6,"standard_error":95910605.30925745},"median":{"confidence_interval":{"confidence_level":0.95,"lower_bound":3442748110.0,"upper_bound":4086886924.0},"point_estimate":4007783547.5,"standard_error":215178703.0766884},"median_abs_dev":{"confidence_interval":{"confidence_level":0.95,"lower_bound":4952124.83458221,"upper_bound":492218344.64197755},"point_estimate":127066757.06711411,"standard_error":152040247.0439355},"slope":null,"std_dev":{"confidence_interval":{"confidence_level":0.95,"lower_bound":197392906.46845695,"upper_bound":342680178.8699774},"point_estimate":320599082.27954686,"standard_error":37993203.97615053}}