{"mean":{"confidence_interval":{"confidence_level":0.95,"lower_bound":1504325528.1,"upper_bound":1536014842.1025002},"point_estimate":1520431631.9,"standard_error":8152028.150796429},"median":{"confidence_interval":{"confidence_level":0.95,"lower_bound":1489726326.0,"upper_bound":1543190362.0},"point_estimate":1534546580.0,"standard_error":18049672.669342276},"median_abs_dev":{"confidence_interval":{"confidence_level":0.95,"lower_bound":1326664.556246996,"upper_bound":41197244.16720271},"point_estimate":18644224.698498845,"standard_error":12007954.363540294},"slope":null,"std_dev":{"confidence_interval":{"confidence_level":0.95,"lower_bound":17402896.619236745,"upper_bound":29658406.573479634},"point_estimate":27202819.367169797,"standard_error":3165986.8841478503}}