{"mean":{"confidence_interval":{"confidence_level":0.95,"lower_bound":4468378227.7,"upper_bound":4579315467.165},"point_estimate":4522330590.7,"standard_error":28382911.26999419},"median":{"confidence_interval":{"confidence_level":0.95,"lower_bound":4427445804.0,"upper_bound":4604580512.5},"point_estimate":4513022031.5,"standard_error":42947319.55520419},"median_abs_dev":{"confidence_interval":{"confidence_level":0.95,"lower_bound":20994634.173470736,"upper_bound":169775690.56077898},"point_estimate":119441245.02499402,"standard_error":37160166.44736641},"slope":null,"std_dev":{"confidence_interval":{"confidence_level":0.95,"lower_bound":54758477.40259322,"upper_bound":114715736.51823632},"point_estimate":94604669.11456904,"standard_error":15119145.250002408}}