{"mean":{"confidence_interval":{"confidence_level":0.95,"lower_bound":381619079.5,"upper_bound":393735077.24875003},"point_estimate":388054477.7,"standard_error":3115623.470001273},"median":{"confidence_interval":{"confidence_level":0.95,"lower_bound":379914699.5,"upper_bound":395178247.75},"point_estimate":391223530.75,"standard_error":3775242.5628552665},"median_abs_dev":{"confidence_interval":{"confidence_level":0.95,"lower_bound":1712749.5273426175,"upper_bound":16749988.255128264},"point_estimate":7221560.258741677,"standard_error":4136040.5636134744},"slope":null,"std_dev":{"confidence_interval":{"confidence_level":0.95,"lower_bound":4815888.956366134,"upper_bound":13425536.212029777},"point_estimate":10428847.659220418,"standard_error":2194598.0140137193}}