{"mean":{"confidence_interval":{"confidence_level":0.95,"lower_bound":4915673585.5,"upper_bound":5205670840.9},"point_estimate":5096419302.8,"standard_error":81790254.37370262},"median":{"confidence_interval":{"confidence_level":0.95,"lower_bound":5132213978.0,"upper_bound":5222806270.0},"point_estimate":5147137413.0,"standard_error":33621704.44099555},"median_abs_dev":{"confidence_interval":{"confidence_level":0.95,"lower_bound":3598323.5097169876,"upper_bound":142691960.4740113},"point_estimate":48265533.61131549,"standard_error":41621281.68683393},"slope":null,"std_dev":{"confidence_interval":{"confidence_level":0.95,"lower_bound":37511880.53316928,"upper_bound":418717333.7272278},"point_estimate":272574037.79390484,"standard_error":132482036.36107294}}