{"mean":{"confidence_interval":{"confidence_level":0.95,"lower_bound":-0.022212089612444516,"upper_bound":0.01449979346499375},"point_estimate":-0.004258592860683863,"standard_error":0.009320217513712072},"median":{"confidence_interval":{"confidence_level":0.95,"lower_bound":-0.023979886120384264,"upper_bound":0.015599425387105459},"point_estimate":-0.005529040835823507,"standard_error":0.009141003314968747}}