{"mean":{"confidence_interval":{"confidence_level":0.95,"lower_bound":-0.021131213020389443,"upper_bound":0.026037255734990605},"point_estimate":0.0010311392839299494,"standard_error":0.012062440543312385},"median":{"confidence_interval":{"confidence_level":0.95,"lower_bound":-0.028402116583121417,"upper_bound":0.01838986411245669},"point_estimate":-0.0076269338136567555,"standard_error":0.011578338970392956}}