{"mean":{"confidence_interval":{"confidence_level":0.95,"lower_bound":997675775.7750001,"upper_bound":1021556593.4499999},"point_estimate":1009972128.6,"standard_error":6117487.634130747},"median":{"confidence_interval":{"confidence_level":0.95,"lower_bound":991061385.0,"upper_bound":1025993625.0},"point_estimate":1013555785.5,"standard_error":9719235.386260338},"median_abs_dev":{"confidence_interval":{"confidence_level":0.95,"lower_bound":3381814.9877607822,"upper_bound":33940396.17583752},"point_estimate":19047491.89133942,"standard_error":8181770.946872783},"slope":null,"std_dev":{"confidence_interval":{"confidence_level":0.95,"lower_bound":11466957.229302926,"upper_bound":24512403.798248008},"point_estimate":20344813.051925078,"standard_error":3213126.9596729944}}