{"mean":{"confidence_interval":{"confidence_level":0.95,"lower_bound":929782.5274958949,"upper_bound":2218249.664037869},"point_estimate":1494995.1575985223,"standard_error":333569.03185440466},"median":{"confidence_interval":{"confidence_level":0.95,"lower_bound":812342.1871921183,"upper_bound":2084352.6422413792},"point_estimate":1009247.3262931034,"standard_error":300548.3458386585},"median_abs_dev":{"confidence_interval":{"confidence_level":0.95,"lower_bound":65943.66627030034,"upper_bound":1513063.8372291266},"point_estimate":340698.2679506207,"standard_error":328647.9964100614},"slope":{"confidence_interval":{"confidence_level":0.95,"lower_bound":810140.665953732,"upper_bound":1138197.3222365184},"point_estimate":930391.597939991,"standard_error":85203.92582099908},"std_dev":{"confidence_interval":{"confidence_level":0.95,"lower_bound":192513.1628878829,"upper_bound":1495863.9085558828},"point_estimate":1111236.8688502305,"standard_error":342218.24506282}}