{"mean":{"confidence_interval":{"confidence_level":0.95,"lower_bound":582343355.6175,"upper_bound":590526157.4725},"point_estimate":585734372.3,"standard_error":2162324.0703719207},"median":{"confidence_interval":{"confidence_level":0.95,"lower_bound":581310618.0,"upper_bound":587174766.0},"point_estimate":583019973.0,"standard_error":1859101.7528470508},"median_abs_dev":{"confidence_interval":{"confidence_level":0.95,"lower_bound":82119.72994208336,"upper_bound":7082952.357852459},"point_estimate":2558797.796872258,"standard_error":2182544.862022902},"slope":null,"std_dev":{"confidence_interval":{"confidence_level":0.95,"lower_bound":1661130.358436919,"upper_bound":10681928.301810607},"point_estimate":7212644.863684535,"standard_error":2753321.4069664436}}