{"mean":{"confidence_interval":{"confidence_level":0.95,"lower_bound":-0.0017399055937823839,"upper_bound":0.010719084406175389},"point_estimate":0.00437069594449202,"standard_error":0.003184229383500776},"median":{"confidence_interval":{"confidence_level":0.95,"lower_bound":-0.0033279042742798692,"upper_bound":0.011171749720418678},"point_estimate":0.002325785929485402,"standard_error":0.003595974659480503}}