{"mean":{"confidence_interval":{"confidence_level":0.95,"lower_bound":9074982.392662337,"upper_bound":9136105.039848484},"point_estimate":9104955.664816018,"standard_error":15665.495578045404},"median":{"confidence_interval":{"confidence_level":0.95,"lower_bound":9058278.880681818,"upper_bound":9163884.909090908},"point_estimate":9089492.219155844,"standard_error":30014.750050413124},"median_abs_dev":{"confidence_interval":{"confidence_level":0.95,"lower_bound":9427.137204227902,"upper_bound":82007.48196112199},"point_estimate":62463.48832605145,"standard_error":20299.848634491005},"slope":{"confidence_interval":{"confidence_level":0.95,"lower_bound":9058435.394128788,"upper_bound":9119114.403061224},"point_estimate":9079228.32231405,"standard_error":15546.263039058764},"std_dev":{"confidence_interval":{"confidence_level":0.95,"lower_bound":33693.36796626111,"upper_bound":59923.5391632557},"point_estimate":52202.96148848143,"standard_error":6831.232739199924}}