{"mean":{"confidence_interval":{"confidence_level":0.95,"lower_bound":313471956.85,"upper_bound":485291119.7512499},"point_estimate":394908529.65,"standard_error":44010614.797216445},"median":{"confidence_interval":{"confidence_level":0.95,"lower_bound":231709541.0,"upper_bound":457671997.75},"point_estimate":403642910.5,"standard_error":49614318.98145404},"median_abs_dev":{"confidence_interval":{"confidence_level":0.95,"lower_bound":5548719.35749054,"upper_bound":265453305.03896177},"point_estimate":111575578.8445875,"standard_error":76049642.94333725},"slope":null,"std_dev":{"confidence_interval":{"confidence_level":0.95,"lower_bound":74733100.77189365,"upper_bound":195074707.99664378},"point_estimate":146373696.28512794,"standard_error":33442747.48913571}}