{"mean":{"confidence_interval":{"confidence_level":0.95,"lower_bound":269545438.9,"upper_bound":312063817.75},"point_estimate":289286228.95,"standard_error":10928839.772086121},"median":{"confidence_interval":{"confidence_level":0.95,"lower_bound":261677898.0,"upper_bound":337346460.5},"point_estimate":264140176.75,"standard_error":21263088.94645992},"median_abs_dev":{"confidence_interval":{"confidence_level":0.95,"lower_bound":426079.2173355818,"upper_bound":55740218.9048633},"point_estimate":6948498.7020894885,"standard_error":17866564.919037797},"slope":null,"std_dev":{"confidence_interval":{"confidence_level":0.95,"lower_bound":18918474.61948133,"upper_bound":40633887.9860339},"point_estimate":36433744.37477734,"standard_error":5680136.07815195}}