{"mean":{"confidence_interval":{"confidence_level":0.95,"lower_bound":1527858998.2,"upper_bound":1553581524.8025},"point_estimate":1541757507.1,"standard_error":6562153.068207249},"median":{"confidence_interval":{"confidence_level":0.95,"lower_bound":1539656833.0,"upper_bound":1553232666.0},"point_estimate":1540333834.0,"standard_error":3811403.041978799},"median_abs_dev":{"confidence_interval":{"confidence_level":0.95,"lower_bound":141626.84508562088,"upper_bound":27796005.95522225},"point_estimate":1885174.0510314703,"standard_error":8011350.401553789},"slope":null,"std_dev":{"confidence_interval":{"confidence_level":0.95,"lower_bound":4858311.020211628,"upper_bound":31861121.13423122},"point_estimate":21777703.089053888,"standard_error":7233895.488316419}}