{"mean":{"confidence_interval":{"confidence_level":0.95,"lower_bound":14598567207.3,"upper_bound":14785255601.8},"point_estimate":14686771285.7,"standard_error":48005180.526532926},"median":{"confidence_interval":{"confidence_level":0.95,"lower_bound":14563986045.5,"upper_bound":14874327296.0},"point_estimate":14605231782.5,"standard_error":79869277.83764756},"median_abs_dev":{"confidence_interval":{"confidence_level":0.95,"lower_bound":15905779.521515965,"upper_bound":252006053.5954982},"point_estimate":108386068.56356263,"standard_error":64904062.463266805},"slope":null,"std_dev":{"confidence_interval":{"confidence_level":0.95,"lower_bound":70862383.24996305,"upper_bound":185739904.04229906},"point_estimate":160331346.62682736,"standard_error":26552974.43506603}}