{"mean":{"confidence_interval":{"confidence_level":0.95,"lower_bound":4687726820.2325,"upper_bound":5184799593.5},"point_estimate":4949720169.2,"standard_error":126980431.93383317},"median":{"confidence_interval":{"confidence_level":0.95,"lower_bound":4407484422.0,"upper_bound":5282080433.0},"point_estimate":5221594913.5,"standard_error":247293447.79073352},"median_abs_dev":{"confidence_interval":{"confidence_level":0.95,"lower_bound":13185242.66961515,"upper_bound":639392685.1988107},"point_estimate":163462720.5688566,"standard_error":193479161.52004412},"slope":null,"std_dev":{"confidence_interval":{"confidence_level":0.95,"lower_bound":241487833.5174401,"upper_bound":473159133.5821755},"point_estimate":423066485.66834235,"standard_error":62286071.349624395}}