{"mean":{"confidence_interval":{"confidence_level":0.95,"lower_bound":791992766.89,"upper_bound":807893942.9},"point_estimate":800100620.5,"standard_error":3926500.9819237264},"median":{"confidence_interval":{"confidence_level":0.95,"lower_bound":797016634.0,"upper_bound":803767974.0},"point_estimate":800359318.5,"standard_error":1737124.488539817},"median_abs_dev":{"confidence_interval":{"confidence_level":0.95,"lower_bound":863706.4058661461,"upper_bound":21264725.34107566},"point_estimate":3641851.903644204,"standard_error":4237983.0742343245},"slope":null,"std_dev":{"confidence_interval":{"confidence_level":0.95,"lower_bound":2194044.8779767375,"upper_bound":18576026.348395817},"point_estimate":13050707.26164067,"standard_error":4281288.844873992}}