{"mean":{"confidence_interval":{"confidence_level":0.95,"lower_bound":16254057140.987501,"upper_bound":18570270013.9},"point_estimate":17395220355.3,"standard_error":591265040.5368967},"median":{"confidence_interval":{"confidence_level":0.95,"lower_bound":15457168329.0,"upper_bound":19769155574.0},"point_estimate":16994377838.0,"standard_error":1205327781.3931212},"median_abs_dev":{"confidence_interval":{"confidence_level":0.95,"lower_bound":51882918.90889406,"upper_bound":3247168715.5744314},"point_estimate":2331590717.86319,"standard_error":964902571.6107254},"slope":null,"std_dev":{"confidence_interval":{"confidence_level":0.95,"lower_bound":1305883202.573733,"upper_bound":2227188696.795294},"point_estimate":1976441315.0692577,"standard_error":247693112.90727568}}