{"mean":{"confidence_interval":{"confidence_level":0.95,"lower_bound":75106293.49416469,"upper_bound":75386604.32166667},"point_estimate":75245344.13246031,"standard_error":71975.55785445175},"median":{"confidence_interval":{"confidence_level":0.95,"lower_bound":74995494.3888889,"upper_bound":75500565.0},"point_estimate":75221932.025,"standard_error":146945.40967101094},"median_abs_dev":{"confidence_interval":{"confidence_level":0.95,"lower_bound":30894.566511502966,"upper_bound":376231.9823205471},"point_estimate":337539.5782891452,"standard_error":102538.47110977964},"slope":{"confidence_interval":{"confidence_level":0.95,"lower_bound":75041678.82323942,"upper_bound":75375112.6388889},"point_estimate":75185325.78831169,"standard_error":85171.63284208874},"std_dev":{"confidence_interval":{"confidence_level":0.95,"lower_bound":162773.98056043728,"upper_bound":271190.31826753146},"point_estimate":240380.88524141643,"standard_error":28351.230103911614}}