{"mean":{"confidence_interval":{"confidence_level":0.95,"lower_bound":1679445900.1175,"upper_bound":1921009633.8174999},"point_estimate":1797815169.3,"standard_error":62095697.14246815},"median":{"confidence_interval":{"confidence_level":0.95,"lower_bound":1614172163.0,"upper_bound":2028790068.0},"point_estimate":1709760809.0,"standard_error":133155880.99594817},"median_abs_dev":{"confidence_interval":{"confidence_level":0.95,"lower_bound":13869412.149068713,"upper_bound":285522011.050871},"point_estimate":203777571.64012492,"standard_error":82549401.26416814},"slope":null,"std_dev":{"confidence_interval":{"confidence_level":0.95,"lower_bound":135366540.75955066,"upper_bound":229154888.60137996},"point_estimate":206978328.17057252,"standard_error":23833772.117978908}}