{"mean":{"confidence_interval":{"confidence_level":0.95,"lower_bound":2389441637.75,"upper_bound":2456648424.355},"point_estimate":2423699285.6,"standard_error":17160579.076475926},"median":{"confidence_interval":{"confidence_level":0.95,"lower_bound":2374421475.0,"upper_bound":2467069943.0},"point_estimate":2427595649.0,"standard_error":20607010.862528604},"median_abs_dev":{"confidence_interval":{"confidence_level":0.95,"lower_bound":6604547.739645839,"upper_bound":97949669.28584576},"point_estimate":68680308.10908079,"standard_error":25899889.316513345},"slope":null,"std_dev":{"confidence_interval":{"confidence_level":0.95,"lower_bound":31598126.542860553,"upper_bound":72362911.12446728},"point_estimate":57140621.55053941,"standard_error":10464049.819709621}}