{"mean":{"confidence_interval":{"confidence_level":0.95,"lower_bound":1227391576.0,"upper_bound":1246774859.04},"point_estimate":1236532760.3,"standard_error":4967702.677057422},"median":{"confidence_interval":{"confidence_level":0.95,"lower_bound":1225294003.0,"upper_bound":1249395413.0},"point_estimate":1230708085.0,"standard_error":6247530.926111611},"median_abs_dev":{"confidence_interval":{"confidence_level":0.95,"lower_bound":2423539.4599735737,"upper_bound":25957657.600459456},"point_estimate":9366501.763111353,"standard_error":6561224.989871469},"slope":null,"std_dev":{"confidence_interval":{"confidence_level":0.95,"lower_bound":7119568.247935854,"upper_bound":20787370.581404854},"point_estimate":16523798.780244332,"standard_error":3380604.439779383}}