{"mean":{"confidence_interval":{"confidence_level":0.95,"lower_bound":391721975.20750004,"upper_bound":406575675.5},"point_estimate":398694643.85,"standard_error":3813817.0825537755},"median":{"confidence_interval":{"confidence_level":0.95,"lower_bound":387259230.5,"upper_bound":409789146.75},"point_estimate":398381330.75,"standard_error":5388439.517829596},"median_abs_dev":{"confidence_interval":{"confidence_level":0.95,"lower_bound":877268.1184753776,"upper_bound":20963481.412173808},"point_estimate":15936802.555315197,"standard_error":6210054.600525059},"slope":null,"std_dev":{"confidence_interval":{"confidence_level":0.95,"lower_bound":6078344.189265319,"upper_bound":15696814.173074616},"point_estimate":12722085.810188869,"standard_error":2533867.052258952}}