{"mean":{"confidence_interval":{"confidence_level":0.95,"lower_bound":-0.011668083222333462,"upper_bound":0.002225682538502167},"point_estimate":-0.00451733490649131,"standard_error":0.0035557588482781617},"median":{"confidence_interval":{"confidence_level":0.95,"lower_bound":-0.015192314172883581,"upper_bound":0.004788135462079568},"point_estimate":-0.001589462163817279,"standard_error":0.004719242544014939}}