{"mean":{"confidence_interval":{"confidence_level":0.95,"lower_bound":9306954.61845,"upper_bound":9683143.718131252},"point_estimate":9519874.00725,"standard_error":97760.76797088345},"median":{"confidence_interval":{"confidence_level":0.95,"lower_bound":9423838.774999999,"upper_bound":9730398.566666666},"point_estimate":9568474.055,"standard_error":66114.5589298113},"median_abs_dev":{"confidence_interval":{"confidence_level":0.95,"lower_bound":28456.43085479681,"upper_bound":385848.101039827},"point_estimate":134313.96704670042,"standard_error":104202.40200541295},"slope":{"confidence_interval":{"confidence_level":0.95,"lower_bound":9562806.32513173,"upper_bound":9766586.931379838},"point_estimate":9665405.016623376,"standard_error":52748.12108259382},"std_dev":{"confidence_interval":{"confidence_level":0.95,"lower_bound":104474.73736405041,"upper_bound":471516.846823615},"point_estimate":326330.44257085264,"standard_error":110496.24792821771}}