{"mean":{"confidence_interval":{"confidence_level":0.95,"lower_bound":25592821677.0,"upper_bound":29941878749.984997},"point_estimate":27755850332.3,"standard_error":1110920649.810857},"median":{"confidence_interval":{"confidence_level":0.95,"lower_bound":24224187060.0,"upper_bound":31570175284.0},"point_estimate":27187680206.5,"standard_error":2883310424.7094293},"median_abs_dev":{"confidence_interval":{"confidence_level":0.95,"lower_bound":27018562.40492463,"upper_bound":5411623087.365085},"point_estimate":4420693423.402503,"standard_error":1897974998.0231142},"slope":null,"std_dev":{"confidence_interval":{"confidence_level":0.95,"lower_bound":2739775505.202326,"upper_bound":3861654064.7409153},"point_estimate":3712717571.5728345,"standard_error":335257246.0460643}}