{"mean":{"confidence_interval":{"confidence_level":0.95,"lower_bound":2431341516.3599997,"upper_bound":2513600094.4674997},"point_estimate":2471261893.7,"standard_error":21105288.738616534},"median":{"confidence_interval":{"confidence_level":0.95,"lower_bound":2409518603.0,"upper_bound":2539619039.0},"point_estimate":2460504364.5,"standard_error":34187062.56680805},"median_abs_dev":{"confidence_interval":{"confidence_level":0.95,"lower_bound":10879778.212845325,"upper_bound":114241815.10180235},"point_estimate":87949963.15867603,"standard_error":26319761.526176974},"slope":null,"std_dev":{"confidence_interval":{"confidence_level":0.95,"lower_bound":41587614.706852674,"upper_bound":85909130.26367638},"point_estimate":70579398.26023382,"standard_error":11287796.437242921}}