{"mean":{"confidence_interval":{"confidence_level":0.95,"lower_bound":18683824415.6,"upper_bound":18933462188.34},"point_estimate":18832237682.1,"standard_error":67115466.60066903},"median":{"confidence_interval":{"confidence_level":0.95,"lower_bound":18789567061.5,"upper_bound":18942761874.0},"point_estimate":18911124913.0,"standard_error":37450282.99916626},"median_abs_dev":{"confidence_interval":{"confidence_level":0.95,"lower_bound":13274403.266832232,"upper_bound":194021229.10953462},"point_estimate":53910022.25540578,"standard_error":47414876.45366083},"slope":null,"std_dev":{"confidence_interval":{"confidence_level":0.95,"lower_bound":35800564.4264311,"upper_bound":334219592.80426013},"point_estimate":224517524.47711822,"standard_error":91452163.32456334}}