{"mean":{"confidence_interval":{"confidence_level":0.95,"lower_bound":75282268194.1475,"upper_bound":75459937657.59999},"point_estimate":75378188181.3,"standard_error":45753899.35694371},"median":{"confidence_interval":{"confidence_level":0.95,"lower_bound":75250923876.0,"upper_bound":75482957124.5},"point_estimate":75406123960.0,"standard_error":44301729.861497484},"median_abs_dev":{"confidence_interval":{"confidence_level":0.95,"lower_bound":10569960.778945684,"upper_bound":220438925.62102675},"point_estimate":66772702.320447564,"standard_error":59143020.563707985},"slope":null,"std_dev":{"confidence_interval":{"confidence_level":0.95,"lower_bound":52372349.73443861,"upper_bound":192762111.95975187},"point_estimate":151936932.55613187,"standard_error":36174359.566981666}}