{"mean":{"confidence_interval":{"confidence_level":0.95,"lower_bound":221870981.51749995,"upper_bound":225427173.6},"point_estimate":223662820.56666666,"standard_error":909239.6775247589},"median":{"confidence_interval":{"confidence_level":0.95,"lower_bound":221083083.33333334,"upper_bound":226824796.66666666},"point_estimate":224024722.0,"standard_error":1395029.991579638},"median_abs_dev":{"confidence_interval":{"confidence_level":0.95,"lower_bound":513115.00169040245,"upper_bound":5084434.7743332535},"point_estimate":4256332.0184349865,"standard_error":1201899.7686787483},"slope":null,"std_dev":{"confidence_interval":{"confidence_level":0.95,"lower_bound":1849004.564746876,"upper_bound":3675836.649341026},"point_estimate":3029486.9594897986,"standard_error":465401.8750655572}}