{"mean":{"confidence_interval":{"confidence_level":0.95,"lower_bound":60134033663.92,"upper_bound":60303888402.270004},"point_estimate":60224795272.3,"standard_error":43795494.3348537},"median":{"confidence_interval":{"confidence_level":0.95,"lower_bound":60134253310.0,"upper_bound":60338377627.0},"point_estimate":60249061799.0,"standard_error":51801203.314669184},"median_abs_dev":{"confidence_interval":{"confidence_level":0.95,"lower_bound":21804110.037499666,"upper_bound":235795568.90424335},"point_estimate":131647560.2904886,"standard_error":50720563.759649076},"slope":null,"std_dev":{"confidence_interval":{"confidence_level":0.95,"lower_bound":68994263.60117494,"upper_bound":196302006.53784227},"point_estimate":145588277.89153647,"standard_error":35579198.755845934}}