{"mean":{"confidence_interval":{"confidence_level":0.95,"lower_bound":208611188.42000002,"upper_bound":213819690.7},"point_estimate":211150166.23333332,"standard_error":1335817.4996971996},"median":{"confidence_interval":{"confidence_level":0.95,"lower_bound":206913710.33333334,"upper_bound":214395266.33333334},"point_estimate":211445145.0,"standard_error":2538432.184018587},"median_abs_dev":{"confidence_interval":{"confidence_level":0.95,"lower_bound":311539.4737690687,"upper_bound":7988488.8393760165},"point_estimate":5528042.276957631,"standard_error":2075522.6925559146},"slope":null,"std_dev":{"confidence_interval":{"confidence_level":0.95,"lower_bound":2843582.552314397,"upper_bound":5484438.068908986},"point_estimate":4457656.476929713,"standard_error":701954.5611846182}}