{"mean":{"confidence_interval":{"confidence_level":0.95,"lower_bound":1214287976.4125,"upper_bound":1248224220.0},"point_estimate":1230741161.5,"standard_error":8669896.937302629},"median":{"confidence_interval":{"confidence_level":0.95,"lower_bound":1201937038.0,"upper_bound":1250651658.0},"point_estimate":1231121463.5,"standard_error":10667706.609204296},"median_abs_dev":{"confidence_interval":{"confidence_level":0.95,"lower_bound":5018804.027098417,"upper_bound":50153726.977193356},"point_estimate":30700699.51505363,"standard_error":11918965.82307016},"slope":null,"std_dev":{"confidence_interval":{"confidence_level":0.95,"lower_bound":15557898.1563865,"upper_bound":37996690.51968292},"point_estimate":28922572.832205936,"standard_error":6042577.733769262}}