{"mean":{"confidence_interval":{"confidence_level":0.95,"lower_bound":2232016.4473089287,"upper_bound":2347410.922232738},"point_estimate":2294744.117662699,"standard_error":29805.253011738485},"median":{"confidence_interval":{"confidence_level":0.95,"lower_bound":2245137.32125,"upper_bound":2367722.675},"point_estimate":2312464.768452381,"standard_error":36661.43170058619},"median_abs_dev":{"confidence_interval":{"confidence_level":0.95,"lower_bound":15103.493031859512,"upper_bound":151425.52725324294},"point_estimate":78614.2520318179,"standard_error":33469.64176406466},"slope":{"confidence_interval":{"confidence_level":0.95,"lower_bound":2277996.452857143,"upper_bound":2362683.863189134},"point_estimate":2323259.4033116885,"standard_error":22277.85925267574},"std_dev":{"confidence_interval":{"confidence_level":0.95,"lower_bound":45763.08998365639,"upper_bound":137477.81651300762},"point_estimate":99980.32990162373,"standard_error":26812.4557864313}}