{"mean":{"confidence_interval":{"confidence_level":0.95,"lower_bound":0.27720327768932757,"upper_bound":0.7264357744534373},"point_estimate":0.5026478805062278,"standard_error":0.11507293485576836},"median":{"confidence_interval":{"confidence_level":0.95,"lower_bound":0.22643951997083533,"upper_bound":0.8628875696571474},"point_estimate":0.4734483504077649,"standard_error":0.1522128648792167}}