{"mean":{"confidence_interval":{"confidence_level":0.95,"lower_bound":3352796477.7875,"upper_bound":3719250992.1},"point_estimate":3524792042.0,"standard_error":93259840.77597663},"median":{"confidence_interval":{"confidence_level":0.95,"lower_bound":3305771803.0,"upper_bound":3932143162.0},"point_estimate":3370570535.0,"standard_error":151571602.34783587},"median_abs_dev":{"confidence_interval":{"confidence_level":0.95,"lower_bound":18236835.877731442,"upper_bound":488157164.5399779},"point_estimate":101416131.09520376,"standard_error":122141681.9829647},"slope":null,"std_dev":{"confidence_interval":{"confidence_level":0.95,"lower_bound":55988363.013175644,"upper_bound":351542168.9330008},"point_estimate":310987367.4229039,"standard_error":58935260.382949054}}