{"mean":{"confidence_interval":{"confidence_level":0.95,"lower_bound":129392952.23333332,"upper_bound":169933209.58249998},"point_estimate":148939812.3,"standard_error":10354421.217876732},"median":{"confidence_interval":{"confidence_level":0.95,"lower_bound":118528954.33333333,"upper_bound":181740425.0},"point_estimate":132183275.0,"standard_error":20594851.75435446},"median_abs_dev":{"confidence_interval":{"confidence_level":0.95,"lower_bound":717427.6562631167,"upper_bound":52043903.814736046},"point_estimate":20928657.980442055,"standard_error":15896466.143076485},"slope":null,"std_dev":{"confidence_interval":{"confidence_level":0.95,"lower_bound":20013472.845320832,"upper_bound":40368938.06310676},"point_estimate":34642692.22753975,"standard_error":5028439.727806998}}