{"mean":{"confidence_interval":{"confidence_level":0.95,"lower_bound":4353204922.587501,"upper_bound":4685007598.5975},"point_estimate":4487896275.7,"standard_error":89023856.63593921},"median":{"confidence_interval":{"confidence_level":0.95,"lower_bound":4330148800.0,"upper_bound":4527907434.5},"point_estimate":4388103808.0,"standard_error":51345912.07322111},"median_abs_dev":{"confidence_interval":{"confidence_level":0.95,"lower_bound":14103867.543706298,"upper_bound":252146489.17150497},"point_estimate":110847805.72925806,"standard_error":67148926.2872485},"slope":null,"std_dev":{"confidence_interval":{"confidence_level":0.95,"lower_bound":50657595.96412493,"upper_bound":441932587.5041709},"point_estimate":296329176.99228513,"standard_error":119959389.9396257}}