{"mean":{"confidence_interval":{"confidence_level":0.95,"lower_bound":5773575227.0,"upper_bound":5906051820.1425},"point_estimate":5833125414.8,"standard_error":34204020.30435282},"median":{"confidence_interval":{"confidence_level":0.95,"lower_bound":5761257127.5,"upper_bound":5886825731.0},"point_estimate":5787169013.0,"standard_error":37721602.959319815},"median_abs_dev":{"confidence_interval":{"confidence_level":0.95,"lower_bound":5497778.704994917,"upper_bound":160567308.08486044},"point_estimate":75020778.10661495,"standard_error":40756545.323873654},"slope":null,"std_dev":{"confidence_interval":{"confidence_level":0.95,"lower_bound":44174477.77505901,"upper_bound":159194142.60003343},"point_estimate":114335644.41965537,"standard_error":33046853.80840927}}