{"mean":{"confidence_interval":{"confidence_level":0.95,"lower_bound":3176703312.3025,"upper_bound":3987609846.4},"point_estimate":3614367117.6,"standard_error":208528276.02839962},"median":{"confidence_interval":{"confidence_level":0.95,"lower_bound":3109416121.5,"upper_bound":4131363989.0},"point_estimate":3778198898.5,"standard_error":239916823.7904627},"median_abs_dev":{"confidence_interval":{"confidence_level":0.95,"lower_bound":62090697.564169765,"upper_bound":1107286405.7029366},"point_estimate":593730560.8175755,"standard_error":250092794.77130625},"slope":null,"std_dev":{"confidence_interval":{"confidence_level":0.95,"lower_bound":246888901.57362515,"upper_bound":872563429.5118841},"point_estimate":698182681.2953736,"standard_error":156950941.55578858}}