{"mean":{"confidence_interval":{"confidence_level":0.95,"lower_bound":3039852.033666667,"upper_bound":3064810.023460318},"point_estimate":3051766.9025343917,"standard_error":6397.689390862583},"median":{"confidence_interval":{"confidence_level":0.95,"lower_bound":3036661.940740741,"upper_bound":3066813.1799999997},"point_estimate":3046675.5083333333,"standard_error":8151.540807099945},"median_abs_dev":{"confidence_interval":{"confidence_level":0.95,"lower_bound":4087.962317424171,"upper_bound":35735.73425045267},"point_estimate":18464.19629019489,"standard_error":8012.980326517218},"slope":{"confidence_interval":{"confidence_level":0.95,"lower_bound":3042304.974991649,"upper_bound":3059495.9508114858},"point_estimate":3048499.3403463205,"standard_error":4366.601581812445},"std_dev":{"confidence_interval":{"confidence_level":0.95,"lower_bound":10650.119489019997,"upper_bound":27732.492525784597},"point_estimate":21290.14502709022,"standard_error":4475.874941051161}}