{"mean":{"confidence_interval":{"confidence_level":0.95,"lower_bound":725849967.8800001,"upper_bound":937029209.7},"point_estimate":831147510.4,"standard_error":54326589.0292705},"median":{"confidence_interval":{"confidence_level":0.95,"lower_bound":683866902.5,"upper_bound":1004395403.0},"point_estimate":787476776.0,"standard_error":89395306.34503476},"median_abs_dev":{"confidence_interval":{"confidence_level":0.95,"lower_bound":29888988.63156438,"upper_bound":292420819.3028927},"point_estimate":258412886.99175417,"standard_error":73002599.14094104},"slope":null,"std_dev":{"confidence_interval":{"confidence_level":0.95,"lower_bound":115300443.57488304,"upper_bound":216193818.32716468},"point_estimate":181314073.04776472,"standard_error":26084190.985869117}}