{"mean":{"confidence_interval":{"confidence_level":0.95,"lower_bound":1550210857.7,"upper_bound":1609949036.76},"point_estimate":1581005735.5,"standard_error":15283078.937422045},"median":{"confidence_interval":{"confidence_level":0.95,"lower_bound":1543890441.0,"upper_bound":1619273694.0},"point_estimate":1587506872.0,"standard_error":19307445.2686709},"median_abs_dev":{"confidence_interval":{"confidence_level":0.95,"lower_bound":8087932.008710504,"upper_bound":87263622.41156101},"point_estimate":47300381.78485036,"standard_error":20654229.739548095},"slope":null,"std_dev":{"confidence_interval":{"confidence_level":0.95,"lower_bound":25443880.522084538,"upper_bound":63524174.737714835},"point_estimate":50730206.22141824,"standard_error":9389176.008686602}}