{"mean":{"confidence_interval":{"confidence_level":0.95,"lower_bound":3612541.786522917,"upper_bound":4181938.1434142855},"point_estimate":3890732.7282579364,"standard_error":146571.61840657677},"median":{"confidence_interval":{"confidence_level":0.95,"lower_bound":3495673.6839285716,"upper_bound":4270097.561249999},"point_estimate":3797368.0111111114,"standard_error":246783.4790494879},"median_abs_dev":{"confidence_interval":{"confidence_level":0.95,"lower_bound":64602.83302140386,"upper_bound":801477.0629654382},"point_estimate":615492.085024081,"standard_error":187577.02182944297},"slope":{"confidence_interval":{"confidence_level":0.95,"lower_bound":3525156.621338248,"upper_bound":4198972.479078014},"point_estimate":3851183.795064935,"standard_error":175289.03471175366},"std_dev":{"confidence_interval":{"confidence_level":0.95,"lower_bound":292167.10207510745,"upper_bound":609748.9691297514},"point_estimate":489264.6277662634,"standard_error":83135.04994283806}}