{"mean":{"confidence_interval":{"confidence_level":0.95,"lower_bound":-0.009505431994731996,"upper_bound":0.003419529734499294},"point_estimate":-0.003201775936633622,"standard_error":0.003310716776400828},"median":{"confidence_interval":{"confidence_level":0.95,"lower_bound":-0.012109404571191695,"upper_bound":0.003658022711555464},"point_estimate":-0.006044814152169731,"standard_error":0.003965841443709049}}