{"mean":{"confidence_interval":{"confidence_level":0.95,"lower_bound":4623973764.775001,"upper_bound":5173266258.765},"point_estimate":4904295536.2,"standard_error":140034052.96371433},"median":{"confidence_interval":{"confidence_level":0.95,"lower_bound":4396789693.0,"upper_bound":5282798925.5},"point_estimate":5200452520.5,"standard_error":300367034.72874224},"median_abs_dev":{"confidence_interval":{"confidence_level":0.95,"lower_bound":28900430.2580148,"upper_bound":716856877.0180464},"point_estimate":199838332.4207604,"standard_error":213605704.1166524},"slope":null,"std_dev":{"confidence_interval":{"confidence_level":0.95,"lower_bound":279614595.58999777,"upper_bound":506557378.21354604},"point_estimate":465279895.91784966,"standard_error":58143203.118332446}}