{"mean":{"confidence_interval":{"confidence_level":0.95,"lower_bound":8971965510.4,"upper_bound":9095652748.8725},"point_estimate":9033109880.0,"standard_error":31792658.209356852},"median":{"confidence_interval":{"confidence_level":0.95,"lower_bound":8929779240.0,"upper_bound":9096415778.5},"point_estimate":9046926972.0,"standard_error":36302190.583304286},"median_abs_dev":{"confidence_interval":{"confidence_level":0.95,"lower_bound":10960623.648110032,"upper_bound":197082175.36319196},"point_estimate":85692825.53064823,"standard_error":54512453.059815556},"slope":null,"std_dev":{"confidence_interval":{"confidence_level":0.95,"lower_bound":58731006.64528276,"upper_bound":136530415.0797003},"point_estimate":105994855.34831347,"standard_error":20738983.951842114}}