{"mean":{"confidence_interval":{"confidence_level":0.95,"lower_bound":13397915476.3,"upper_bound":15463582290.5},"point_estimate":14434330704.8,"standard_error":530667864.3773845},"median":{"confidence_interval":{"confidence_level":0.95,"lower_bound":12386384862.0,"upper_bound":15819357133.0},"point_estimate":15759854611.0,"standard_error":1278697365.830946},"median_abs_dev":{"confidence_interval":{"confidence_level":0.95,"lower_bound":27408071.811309457,"upper_bound":2575634099.132654},"point_estimate":142810381.6643089,"standard_error":979002097.6463137},"slope":null,"std_dev":{"confidence_interval":{"confidence_level":0.95,"lower_bound":1084639086.9140458,"upper_bound":1824639756.3875365},"point_estimate":1770765175.357382,"standard_error":212641926.76670718}}