{"mean":{"confidence_interval":{"confidence_level":0.95,"lower_bound":824416070.2,"upper_bound":872722041.0675},"point_estimate":848804788.1,"standard_error":12379075.058773175},"median":{"confidence_interval":{"confidence_level":0.95,"lower_bound":815477142.5,"upper_bound":884147980.5},"point_estimate":849092433.5,"standard_error":19065638.003648035},"median_abs_dev":{"confidence_interval":{"confidence_level":0.95,"lower_bound":11934616.218218207,"upper_bound":70273722.79389203},"point_estimate":43623366.31633043,"standard_error":14612606.999022333},"slope":null,"std_dev":{"confidence_interval":{"confidence_level":0.95,"lower_bound":24925767.087134786,"upper_bound":50908952.74047044},"point_estimate":41407410.81550612,"standard_error":6662376.219553908}}