{"mean":{"confidence_interval":{"confidence_level":0.95,"lower_bound":1308424177.595,"upper_bound":1373106233.4},"point_estimate":1339997771.9,"standard_error":16641368.763905236},"median":{"confidence_interval":{"confidence_level":0.95,"lower_bound":1292526976.0,"upper_bound":1387139442.0},"point_estimate":1339072675.5,"standard_error":18515839.05773383},"median_abs_dev":{"confidence_interval":{"confidence_level":0.95,"lower_bound":7142895.357388258,"upper_bound":105843242.07490683},"point_estimate":45557554.38119173,"standard_error":27940010.528367247},"slope":null,"std_dev":{"confidence_interval":{"confidence_level":0.95,"lower_bound":28463893.7107723,"upper_bound":69998011.56982346},"point_estimate":55327393.49494659,"standard_error":10641939.365118342}}