{"mean":{"confidence_interval":{"confidence_level":0.95,"lower_bound":-0.009954424354467755,"upper_bound":-0.00390914123051848},"point_estimate":-0.006980354654366749,"standard_error":0.0015495832664642836},"median":{"confidence_interval":{"confidence_level":0.95,"lower_bound":-0.009682907972732413,"upper_bound":-0.0021833399170385626},"point_estimate":-0.006470986303992454,"standard_error":0.001965124610878231}}