{"mean":{"confidence_interval":{"confidence_level":0.95,"lower_bound":9066569.408111112,"upper_bound":9671128.959385613},"point_estimate":9430031.07151984,"standard_error":163561.80171429412},"median":{"confidence_interval":{"confidence_level":0.95,"lower_bound":9376160.14,"upper_bound":9710332.109027777},"point_estimate":9634310.125,"standard_error":96933.64739919489},"median_abs_dev":{"confidence_interval":{"confidence_level":0.95,"lower_bound":10782.263906075998,"upper_bound":413956.3920930541},"point_estimate":220795.4268334315,"standard_error":111102.12751613087},"slope":{"confidence_interval":{"confidence_level":0.95,"lower_bound":9570782.049042145,"upper_bound":9739971.239401497},"point_estimate":9673281.114285715,"standard_error":43078.27706924324},"std_dev":{"confidence_interval":{"confidence_level":0.95,"lower_bound":115876.07662995449,"upper_bound":825858.5697279881},"point_estimate":545975.4236208901,"standard_error":232806.59784423836}}