{"mean":{"confidence_interval":{"confidence_level":0.95,"lower_bound":1361265021.9,"upper_bound":1433461554.8},"point_estimate":1396036407.8,"standard_error":18512349.37171592},"median":{"confidence_interval":{"confidence_level":0.95,"lower_bound":1339979622.5,"upper_bound":1429669621.5},"point_estimate":1410277714.5,"standard_error":28161648.1717017},"median_abs_dev":{"confidence_interval":{"confidence_level":0.95,"lower_bound":3301573.7119853497,"upper_bound":114779442.91725755},"point_estimate":76552289.79472518,"standard_error":30245811.563016187},"slope":null,"std_dev":{"confidence_interval":{"confidence_level":0.95,"lower_bound":35635141.63258101,"upper_bound":80544081.97934394},"point_estimate":61834900.05142475,"standard_error":12460165.47630643}}