{"mean":{"confidence_interval":{"confidence_level":0.95,"lower_bound":465451389.55,"upper_bound":509124628.8},"point_estimate":482852974.1,"standard_error":11810744.945216518},"median":{"confidence_interval":{"confidence_level":0.95,"lower_bound":463515209.5,"upper_bound":489065598.5},"point_estimate":471012225.75,"standard_error":6940411.009899625},"median_abs_dev":{"confidence_interval":{"confidence_level":0.95,"lower_bound":1994672.2133874893,"upper_bound":29538424.531938136},"point_estimate":11433227.964569628,"standard_error":7757634.013998106},"slope":null,"std_dev":{"confidence_interval":{"confidence_level":0.95,"lower_bound":8127937.182099329,"upper_bound":59313540.51217848},"point_estimate":39208404.92000697,"standard_error":16845887.973781105}}