{"mean":{"confidence_interval":{"confidence_level":0.95,"lower_bound":1550564286.4675,"upper_bound":1582002337.9},"point_estimate":1566817882.9,"standard_error":8018633.3994578505},"median":{"confidence_interval":{"confidence_level":0.95,"lower_bound":1534271400.0,"upper_bound":1587881826.0},"point_estimate":1580463113.5,"standard_error":16234007.739979692},"median_abs_dev":{"confidence_interval":{"confidence_level":0.95,"lower_bound":2006881.4241707325,"upper_bound":41651944.97703016},"point_estimate":20366860.573115945,"standard_error":11527900.429420462},"slope":null,"std_dev":{"confidence_interval":{"confidence_level":0.95,"lower_bound":17106866.966811623,"upper_bound":29980756.638308596},"point_estimate":26702035.104109198,"standard_error":3411471.1338123027}}