{"mean":{"confidence_interval":{"confidence_level":0.95,"lower_bound":295274870.00625,"upper_bound":301869454.0},"point_estimate":298749740.4,"standard_error":1687589.2991519962},"median":{"confidence_interval":{"confidence_level":0.95,"lower_bound":294788732.75,"upper_bound":304259498.0},"point_estimate":299544764.5,"standard_error":2277916.540938259},"median_abs_dev":{"confidence_interval":{"confidence_level":0.95,"lower_bound":620067.7869915962,"upper_bound":9061487.211826444},"point_estimate":6458939.372330904,"standard_error":2202534.5922408267},"slope":null,"std_dev":{"confidence_interval":{"confidence_level":0.95,"lower_bound":2892072.9094416704,"upper_bound":7194597.948056512},"point_estimate":5631277.857798515,"standard_error":1129356.2279323891}}