{"mean":{"confidence_interval":{"confidence_level":0.95,"lower_bound":0.0018198653879576596,"upper_bound":0.01519003689343669},"point_estimate":0.007877810308717148,"standard_error":0.003413205965547164},"median":{"confidence_interval":{"confidence_level":0.95,"lower_bound":-0.0012453201545047365,"upper_bound":0.019004370182051922},"point_estimate":0.0068346888906232195,"standard_error":0.005091938175352005}}