{"mean":{"confidence_interval":{"confidence_level":0.95,"lower_bound":781858682.7125,"upper_bound":802977776.6},"point_estimate":791986967.2,"standard_error":5428066.684665055},"median":{"confidence_interval":{"confidence_level":0.95,"lower_bound":775087545.5,"upper_bound":806966938.5},"point_estimate":791577169.0,"standard_error":8638878.230245784},"median_abs_dev":{"confidence_interval":{"confidence_level":0.95,"lower_bound":1746408.623895049,"upper_bound":32124908.030068874},"point_estimate":22862002.940118313,"standard_error":9253802.69833918},"slope":null,"std_dev":{"confidence_interval":{"confidence_level":0.95,"lower_bound":9761532.827039825,"upper_bound":22301375.218604874},"point_estimate":18080509.866621546,"standard_error":3255291.547935214}}