{"mean":{"confidence_interval":{"confidence_level":0.95,"lower_bound":1317987834.1725,"upper_bound":1366182959.5600002},"point_estimate":1340576500.4,"standard_error":12327040.63307605},"median":{"confidence_interval":{"confidence_level":0.95,"lower_bound":1320324395.5,"upper_bound":1366807302.0},"point_estimate":1331634403.0,"standard_error":10808728.527570214},"median_abs_dev":{"confidence_interval":{"confidence_level":0.95,"lower_bound":2761034.0701818466,"upper_bound":69713563.16533685},"point_estimate":17066988.88590038,"standard_error":16937059.092540022},"slope":null,"std_dev":{"confidence_interval":{"confidence_level":0.95,"lower_bound":11311546.362891417,"upper_bound":55118146.720990665},"point_estimate":41127130.296062805,"standard_error":10398759.27436284}}