{"mean":{"confidence_interval":{"confidence_level":0.95,"lower_bound":24582007373.91,"upper_bound":25127724846.0},"point_estimate":24851416091.7,"standard_error":139584540.01725742},"median":{"confidence_interval":{"confidence_level":0.95,"lower_bound":24429310861.5,"upper_bound":25265400019.0},"point_estimate":24779226351.0,"standard_error":189942899.9545084},"median_abs_dev":{"confidence_interval":{"confidence_level":0.95,"lower_bound":105476615.85781574,"upper_bound":809428688.4390682},"point_estimate":520853133.7562084,"standard_error":195318940.24538848},"slope":null,"std_dev":{"confidence_interval":{"confidence_level":0.95,"lower_bound":265186612.74071592,"upper_bound":579835228.9029756},"point_estimate":465295456.2700205,"standard_error":80538416.71875918}}