{"mean":{"confidence_interval":{"confidence_level":0.95,"lower_bound":1310675289.01,"upper_bound":1334128021.3075001},"point_estimate":1322261482.7,"standard_error":6005738.097519804},"median":{"confidence_interval":{"confidence_level":0.95,"lower_bound":1308238773.0,"upper_bound":1339241682.0},"point_estimate":1318751616.5,"standard_error":7771573.468517736},"median_abs_dev":{"confidence_interval":{"confidence_level":0.95,"lower_bound":3578060.8158767223,"upper_bound":35109153.45668793},"point_estimate":18581815.39390683,"standard_error":7936481.810786975},"slope":null,"std_dev":{"confidence_interval":{"confidence_level":0.95,"lower_bound":11211488.661738388,"upper_bound":25228178.642573155},"point_estimate":20065626.13786817,"standard_error":3568480.4046404795}}