{"mean":{"confidence_interval":{"confidence_level":0.95,"lower_bound":256063107.3,"upper_bound":279605519.5899999},"point_estimate":265983716.83333334,"standard_error":5948746.165857908},"median":{"confidence_interval":{"confidence_level":0.95,"lower_bound":256222024.83333334,"upper_bound":280305627.0},"point_estimate":257725177.33333334,"standard_error":4984318.254863246},"median_abs_dev":{"confidence_interval":{"confidence_level":0.95,"lower_bound":413190.9757643938,"upper_bound":31660917.001706354},"point_estimate":1947711.106321201,"standard_error":5518272.789540274},"slope":null,"std_dev":{"confidence_interval":{"confidence_level":0.95,"lower_bound":1511140.5638301608,"upper_bound":24914105.508279372},"point_estimate":19845515.396687947,"standard_error":6249244.032102427}}