{"mean":{"confidence_interval":{"confidence_level":0.95,"lower_bound":0.7893926172026978,"upper_bound":1.1687917344360592},"point_estimate":1.0105468275814062,"standard_error":0.09250310194860514},"median":{"confidence_interval":{"confidence_level":0.95,"lower_bound":0.7389019068051661,"upper_bound":1.249529790446827},"point_estimate":1.0669688983611847,"standard_error":0.12247663549906264}}