{"mean":{"confidence_interval":{"confidence_level":0.95,"lower_bound":8476625420.150001,"upper_bound":9147354319.3825},"point_estimate":8779602752.9,"standard_error":173109831.55030406},"median":{"confidence_interval":{"confidence_level":0.95,"lower_bound":8368191150.0,"upper_bound":9069773067.5},"point_estimate":8572277873.5,"standard_error":183505050.20880985},"median_abs_dev":{"confidence_interval":{"confidence_level":0.95,"lower_bound":67572853.37194204,"upper_bound":839695863.1197184},"point_estimate":310522282.68352747,"standard_error":202578157.83691794},"slope":null,"std_dev":{"confidence_interval":{"confidence_level":0.95,"lower_bound":161083672.74904475,"upper_bound":767830773.7467083},"point_estimate":576792606.3375993,"standard_error":154628985.06291422}}