{"mean":{"confidence_interval":{"confidence_level":0.95,"lower_bound":1210462053.31,"upper_bound":1261440091.2},"point_estimate":1235297817.8,"standard_error":13032819.57879014},"median":{"confidence_interval":{"confidence_level":0.95,"lower_bound":1198352810.5,"upper_bound":1274014244.0},"point_estimate":1218937399.5,"standard_error":21695808.396258622},"median_abs_dev":{"confidence_interval":{"confidence_level":0.95,"lower_bound":4124367.0302778482,"upper_bound":63351259.65929031},"point_estimate":52154955.24766445,"standard_error":17600608.88229061},"slope":null,"std_dev":{"confidence_interval":{"confidence_level":0.95,"lower_bound":25793619.139989056,"upper_bound":52873163.08414007},"point_estimate":43380554.69430179,"standard_error":7071363.9836231945}}