{"mean":{"confidence_interval":{"confidence_level":0.95,"lower_bound":8759856543.495,"upper_bound":9732672465.3},"point_estimate":9192160526.8,"standard_error":250827805.9927668},"median":{"confidence_interval":{"confidence_level":0.95,"lower_bound":8532189996.0,"upper_bound":9617805950.5},"point_estimate":8948704696.0,"standard_error":268211069.44428793},"median_abs_dev":{"confidence_interval":{"confidence_level":0.95,"lower_bound":87062284.59383547,"upper_bound":1158160592.5004392},"point_estimate":662372486.6372377,"standard_error":271503377.533012},"slope":null,"std_dev":{"confidence_interval":{"confidence_level":0.95,"lower_bound":313212211.688363,"upper_bound":1170207508.2792535},"point_estimate":837684165.9885514,"standard_error":245609633.2278245}}