{"mean":{"confidence_interval":{"confidence_level":0.95,"lower_bound":3211283176.2825003,"upper_bound":3477505304.5},"point_estimate":3353004833.0,"standard_error":68502904.33317937},"median":{"confidence_interval":{"confidence_level":0.95,"lower_bound":3167086690.0,"upper_bound":3532471974.0},"point_estimate":3422954651.5,"standard_error":90460695.26047413},"median_abs_dev":{"confidence_interval":{"confidence_level":0.95,"lower_bound":36499821.85379863,"upper_bound":367861168.01295877},"point_estimate":172953708.0974579,"standard_error":87826503.17762895},"slope":null,"std_dev":{"confidence_interval":{"confidence_level":0.95,"lower_bound":76858952.74546756,"upper_bound":284466050.821264},"point_estimate":228669449.08903643,"standard_error":47794956.90292696}}