{"mean":{"confidence_interval":{"confidence_level":0.95,"lower_bound":0.9953326410404886,"upper_bound":1.0250557788920516},"point_estimate":1.0116141596805548,"standard_error":0.0076674758832197395},"median":{"confidence_interval":{"confidence_level":0.95,"lower_bound":0.9912932025052847,"upper_bound":1.028582776971187},"point_estimate":1.0233538603346672,"standard_error":0.008857199003741944}}