{"mean":{"confidence_interval":{"confidence_level":0.95,"lower_bound":786072634.8,"upper_bound":800945719.98},"point_estimate":793982078.8,"standard_error":3813925.8223890862},"median":{"confidence_interval":{"confidence_level":0.95,"lower_bound":784117012.5,"upper_bound":802989381.0},"point_estimate":796477765.5,"standard_error":3342917.4031866556},"median_abs_dev":{"confidence_interval":{"confidence_level":0.95,"lower_bound":200875.98783373833,"upper_bound":22042052.507275343},"point_estimate":3908653.1819075346,"standard_error":6739932.478532695},"slope":null,"std_dev":{"confidence_interval":{"confidence_level":0.95,"lower_bound":5264430.677692627,"upper_bound":16315986.761091538},"point_estimate":12672908.92310957,"standard_error":2804160.3164947913}}