{"mean":{"confidence_interval":{"confidence_level":0.95,"lower_bound":486771583.3,"upper_bound":513525893.10375},"point_estimate":498740167.6,"standard_error":6908110.176501491},"median":{"confidence_interval":{"confidence_level":0.95,"lower_bound":481946295.0,"upper_bound":508856452.0},"point_estimate":494162005.25,"standard_error":7245921.84873773},"median_abs_dev":{"confidence_interval":{"confidence_level":0.95,"lower_bound":4964937.0929047465,"upper_bound":32707745.878471434},"point_estimate":18836341.48568809,"standard_error":6782546.605870181},"slope":null,"std_dev":{"confidence_interval":{"confidence_level":0.95,"lower_bound":9530680.590915488,"upper_bound":32460645.139966596},"point_estimate":23098075.504397735,"standard_error":6747538.150932769}}