{"mean":{"confidence_interval":{"confidence_level":0.95,"lower_bound":6830347335.7,"upper_bound":7769128173.4425},"point_estimate":7304613213.8,"standard_error":240279796.21409222},"median":{"confidence_interval":{"confidence_level":0.95,"lower_bound":6407510617.0,"upper_bound":7942627172.0},"point_estimate":7860669788.0,"standard_error":554944480.577265},"median_abs_dev":{"confidence_interval":{"confidence_level":0.95,"lower_bound":7628744.110062718,"upper_bound":1186286706.752801},"point_estimate":155983718.31483543,"standard_error":414005419.9763149},"slope":null,"std_dev":{"confidence_interval":{"confidence_level":0.95,"lower_bound":482890409.32329816,"upper_bound":842193096.6940802},"point_estimate":799247361.5707501,"standard_error":95929318.39871997}}