{"mean":{"confidence_interval":{"confidence_level":0.95,"lower_bound":427984036.35,"upper_bound":442972153.26375},"point_estimate":435578561.6,"standard_error":3844795.549209153},"median":{"confidence_interval":{"confidence_level":0.95,"lower_bound":421214926.0,"upper_bound":449221352.0},"point_estimate":436645874.0,"standard_error":7222823.7424301775},"median_abs_dev":{"confidence_interval":{"confidence_level":0.95,"lower_bound":350785.37767231464,"upper_bound":20804142.686502635},"point_estimate":18819796.04063183,"standard_error":5540119.755518317},"slope":null,"std_dev":{"confidence_interval":{"confidence_level":0.95,"lower_bound":8115396.506155306,"upper_bound":14782365.621211048},"point_estimate":12787196.621061102,"standard_error":1694120.3296788537}}