{"mean":{"confidence_interval":{"confidence_level":0.95,"lower_bound":0.776177737886642,"upper_bound":1.0449269735589706},"point_estimate":0.8959921862567648,"standard_error":0.0693685354936379},"median":{"confidence_interval":{"confidence_level":0.95,"lower_bound":0.7425263031362748,"upper_bound":1.0402407996733758},"point_estimate":0.8296142163379843,"standard_error":0.05593934831858963}}