{"mean":{"confidence_interval":{"confidence_level":0.95,"lower_bound":312769793.755,"upper_bound":314857039.14375},"point_estimate":313801499.45,"standard_error":535930.0409783858},"median":{"confidence_interval":{"confidence_level":0.95,"lower_bound":312547106.25,"upper_bound":315396337.25},"point_estimate":313334984.5,"standard_error":862002.1399729076},"median_abs_dev":{"confidence_interval":{"confidence_level":0.95,"lower_bound":153988.02236616611,"upper_bound":2826267.3570737243},"point_estimate":1979517.0764565468,"standard_error":739275.5268188603},"slope":null,"std_dev":{"confidence_interval":{"confidence_level":0.95,"lower_bound":1052010.2205773096,"upper_bound":2232771.798975345},"point_estimate":1790834.9070693636,"standard_error":301238.4399178732}}