{"mean":{"confidence_interval":{"confidence_level":0.95,"lower_bound":552051.2945907738,"upper_bound":1172778.9714925587},"point_estimate":813088.4541939484,"standard_error":163028.6838827439},"median":{"confidence_interval":{"confidence_level":0.95,"lower_bound":492087.6015625,"upper_bound":953761.3988095238},"point_estimate":612588.2991071428,"standard_error":130053.67380173053},"median_abs_dev":{"confidence_interval":{"confidence_level":0.95,"lower_bound":44735.492573754986,"upper_bound":595006.5744990216},"point_estimate":205836.13240531355,"standard_error":147018.07791945117},"slope":{"confidence_interval":{"confidence_level":0.95,"lower_bound":462169.4067479071,"upper_bound":633618.6722664185},"point_estimate":516045.46229128016,"standard_error":44153.078708381276},"std_dev":{"confidence_interval":{"confidence_level":0.95,"lower_bound":109834.88792378338,"upper_bound":794561.0189139823},"point_estimate":543694.4977759771,"standard_error":197908.69704475862}}