{"mean":{"confidence_interval":{"confidence_level":0.95,"lower_bound":-0.023305962378513973,"upper_bound":-0.004363138139436894},"point_estimate":-0.013997120955688724,"standard_error":0.004835150601576466},"median":{"confidence_interval":{"confidence_level":0.95,"lower_bound":-0.029385212206820333,"upper_bound":-0.002568288494647075},"point_estimate":-0.014146345302844865,"standard_error":0.00662185326585337}}