{"mean":{"confidence_interval":{"confidence_level":0.95,"lower_bound":6816572990.6925,"upper_bound":7749384932.49},"point_estimate":7284437722.6,"standard_error":240005424.3690123},"median":{"confidence_interval":{"confidence_level":0.95,"lower_bound":6482948527.0,"upper_bound":8038649063.0},"point_estimate":7378875841.5,"standard_error":630889332.8139853},"median_abs_dev":{"confidence_interval":{"confidence_level":0.95,"lower_bound":7822912.815615535,"upper_bound":1157627396.1763053},"point_estimate":990528871.2290972,"standard_error":422714409.2969173},"slope":null,"std_dev":{"confidence_interval":{"confidence_level":0.95,"lower_bound":602387859.2164578,"upper_bound":822555332.9238175},"point_estimate":798039415.3581544,"standard_error":70547912.65174082}}