{"mean":{"confidence_interval":{"confidence_level":0.95,"lower_bound":0.4197014769217593,"upper_bound":0.8246266980300989},"point_estimate":0.6240126363495551,"standard_error":0.10280933784582261},"median":{"confidence_interval":{"confidence_level":0.95,"lower_bound":0.20107207536831995,"upper_bound":0.7907646787862359},"point_estimate":0.7646174236003482,"standard_error":0.13874389203225887}}