{"mean":{"confidence_interval":{"confidence_level":0.95,"lower_bound":23575767941.1,"upper_bound":23875772862.6},"point_estimate":23766736009.8,"standard_error":87573195.82637283},"median":{"confidence_interval":{"confidence_level":0.95,"lower_bound":23819538783.0,"upper_bound":23873960253.0},"point_estimate":23851911483.0,"standard_error":24874253.98815668},"median_abs_dev":{"confidence_interval":{"confidence_level":0.95,"lower_bound":7214154.301223159,"upper_bound":93386419.30485964},"point_estimate":34427424.33679104,"standard_error":30265467.803570267},"slope":null,"std_dev":{"confidence_interval":{"confidence_level":0.95,"lower_bound":20007481.976678498,"upper_bound":448850753.34805506},"point_estimate":291655474.3829072,"standard_error":151263452.79446286}}