{"mean":{"confidence_interval":{"confidence_level":0.95,"lower_bound":6388052249.0,"upper_bound":6698687997.6},"point_estimate":6553817574.0,"standard_error":79893445.2419316},"median":{"confidence_interval":{"confidence_level":0.95,"lower_bound":6327327566.0,"upper_bound":6746112297.5},"point_estimate":6671881543.0,"standard_error":103659352.00106564},"median_abs_dev":{"confidence_interval":{"confidence_level":0.95,"lower_bound":14058129.334518313,"upper_bound":430742009.0788007},"point_estimate":197159661.2269163,"standard_error":110504726.80159993},"slope":null,"std_dev":{"confidence_interval":{"confidence_level":0.95,"lower_bound":107035856.37932487,"upper_bound":327613345.0864752},"point_estimate":266548006.06807977,"standard_error":54165297.94507732}}