{"mean":{"confidence_interval":{"confidence_level":0.95,"lower_bound":4459935413.1,"upper_bound":4616280123.537499},"point_estimate":4537146861.4,"standard_error":40049635.3759077},"median":{"confidence_interval":{"confidence_level":0.95,"lower_bound":4421815989.5,"upper_bound":4680270002.0},"point_estimate":4503534345.5,"standard_error":75940579.9477654},"median_abs_dev":{"confidence_interval":{"confidence_level":0.95,"lower_bound":29799254.268157482,"upper_bound":210702872.47107625},"point_estimate":178355326.85075998,"standard_error":51543211.99723117},"slope":null,"std_dev":{"confidence_interval":{"confidence_level":0.95,"lower_bound":87226209.10023448,"upper_bound":154090065.01793656},"point_estimate":133663310.95084096,"standard_error":17192415.107487097}}