{"mean":{"confidence_interval":{"confidence_level":0.95,"lower_bound":-0.010412527845970233,"upper_bound":0.020406190488034204},"point_estimate":0.005265252566752476,"standard_error":0.007795692490651618},"median":{"confidence_interval":{"confidence_level":0.95,"lower_bound":-0.01244132559673361,"upper_bound":0.02955932092164182},"point_estimate":0.011702726302451394,"standard_error":0.010888731474841325}}