{"mean":{"confidence_interval":{"confidence_level":0.95,"lower_bound":483082830.5,"upper_bound":484831754.41749996},"point_estimate":483861048.7,"standard_error":450856.88125047466},"median":{"confidence_interval":{"confidence_level":0.95,"lower_bound":482688080.0,"upper_bound":484704143.0},"point_estimate":483494750.0,"standard_error":490917.19795015926},"median_abs_dev":{"confidence_interval":{"confidence_level":0.95,"lower_bound":238085.5406731367,"upper_bound":2183260.4126393795},"point_estimate":1258262.5825613737,"standard_error":487887.5984783773},"slope":null,"std_dev":{"confidence_interval":{"confidence_level":0.95,"lower_bound":568367.2345247738,"upper_bound":2109428.3666300415},"point_estimate":1502323.5723261817,"standard_error":444254.2192568187}}