{"mean":{"confidence_interval":{"confidence_level":0.95,"lower_bound":0.9877230542709675,"upper_bound":1.350276059882208},"point_estimate":1.163425293432145,"standard_error":0.09079832283749752},"median":{"confidence_interval":{"confidence_level":0.95,"lower_bound":0.8886357275429584,"upper_bound":1.4917763038206484},"point_estimate":1.1354868378600251,"standard_error":0.12514073034121218}}