{"mean":{"confidence_interval":{"confidence_level":0.95,"lower_bound":0.8864673087605925,"upper_bound":1.0079043172129063},"point_estimate":0.9483250368996743,"standard_error":0.030966869037640586},"median":{"confidence_interval":{"confidence_level":0.95,"lower_bound":0.8710662159600122,"upper_bound":1.056243209702504},"point_estimate":0.9905123949380219,"standard_error":0.04690021202687211}}