{"mean":{"confidence_interval":{"confidence_level":0.95,"lower_bound":505477489.2825,"upper_bound":531753591.38},"point_estimate":518928924.45,"standard_error":6760699.613971289},"median":{"confidence_interval":{"confidence_level":0.95,"lower_bound":494810916.5,"upper_bound":538788310.5},"point_estimate":521353429.75,"standard_error":9534688.052775348},"median_abs_dev":{"confidence_interval":{"confidence_level":0.95,"lower_bound":3153414.1607657075,"upper_bound":38563919.40550357},"point_estimate":26764217.19034016,"standard_error":9736144.425935106},"slope":null,"std_dev":{"confidence_interval":{"confidence_level":0.95,"lower_bound":12223879.919336054,"upper_bound":27639697.438581444},"point_estimate":22579988.305509917,"standard_error":3790218.3135431716}}