{"mean":{"confidence_interval":{"confidence_level":0.95,"lower_bound":4216451610.2125,"upper_bound":4359525485.0075},"point_estimate":4294129822.7,"standard_error":36619386.359705135},"median":{"confidence_interval":{"confidence_level":0.95,"lower_bound":4193256502.0,"upper_bound":4377479293.0},"point_estimate":4321605507.5,"standard_error":35137133.95158704},"median_abs_dev":{"confidence_interval":{"confidence_level":0.95,"lower_bound":12149966.088294983,"upper_bound":175638528.3746928},"point_estimate":57804830.17745912,"standard_error":41205343.61175034},"slope":null,"std_dev":{"confidence_interval":{"confidence_level":0.95,"lower_bound":38231683.62764736,"upper_bound":155093005.4876183},"point_estimate":122330415.56669755,"standard_error":30515669.716615986}}