{"mean":{"confidence_interval":{"confidence_level":0.95,"lower_bound":0.8942861852313708,"upper_bound":1.1944504947911787},"point_estimate":1.1086490445330464,"standard_error":0.07507991068619402},"median":{"confidence_interval":{"confidence_level":0.95,"lower_bound":1.1667201498053208,"upper_bound":1.199027245881036},"point_estimate":1.1817301747382487,"standard_error":0.006855558710679141}}