{"mean":{"confidence_interval":{"confidence_level":0.95,"lower_bound":23664631976.4,"upper_bound":23715253169.075},"point_estimate":23689310152.5,"standard_error":12962729.968871677},"median":{"confidence_interval":{"confidence_level":0.95,"lower_bound":23663339346.0,"upper_bound":23721020172.0},"point_estimate":23678132275.0,"standard_error":14754163.656054912},"median_abs_dev":{"confidence_interval":{"confidence_level":0.95,"lower_bound":3760973.622429371,"upper_bound":73514042.14666486},"point_estimate":29816221.14225626,"standard_error":19060538.191741955},"slope":null,"std_dev":{"confidence_interval":{"confidence_level":0.95,"lower_bound":21232171.963643495,"upper_bound":54940147.19098201},"point_estimate":43004938.39642616,"standard_error":8437263.854901627}}