{"mean":{"confidence_interval":{"confidence_level":0.95,"lower_bound":6563066600.840001,"upper_bound":8529164618.6},"point_estimate":7599964126.6,"standard_error":504879202.46236134},"median":{"confidence_interval":{"confidence_level":0.95,"lower_bound":5929386762.0,"upper_bound":9074478024.0},"point_estimate":8125323241.0,"standard_error":811997428.5267615},"median_abs_dev":{"confidence_interval":{"confidence_level":0.95,"lower_bound":157550490.67811966,"upper_bound":2810063187.9989057},"point_estimate":1435885414.586538,"standard_error":706164739.9672322},"slope":null,"std_dev":{"confidence_interval":{"confidence_level":0.95,"lower_bound":777322742.3101019,"upper_bound":1987524746.0254776},"point_estimate":1684633008.7545016,"standard_error":283809231.29346883}}