{"mean":{"confidence_interval":{"confidence_level":0.95,"lower_bound":726064308.75,"upper_bound":764865391.3349999},"point_estimate":745628077.5,"standard_error":9917983.849968426},"median":{"confidence_interval":{"confidence_level":0.95,"lower_bound":717060726.0,"upper_bound":777721335.5},"point_estimate":742361797.0,"standard_error":17507005.994006906},"median_abs_dev":{"confidence_interval":{"confidence_level":0.95,"lower_bound":3272559.2305004597,"upper_bound":54527110.016450286},"point_estimate":46290032.89818764,"standard_error":13695847.401408287},"slope":null,"std_dev":{"confidence_interval":{"confidence_level":0.95,"lower_bound":20964334.712955654,"upper_bound":39574240.96470806},"point_estimate":33048559.62581764,"standard_error":4816560.142427092}}