{"mean":{"confidence_interval":{"confidence_level":0.95,"lower_bound":512943510.75,"upper_bound":559057236.7},"point_estimate":541829098.8,"standard_error":13129120.278781118},"median":{"confidence_interval":{"confidence_level":0.95,"lower_bound":544452911.0,"upper_bound":559471638.25},"point_estimate":558060496.5,"standard_error":5251842.170844205},"median_abs_dev":{"confidence_interval":{"confidence_level":0.95,"lower_bound":725101.0995268822,"upper_bound":19614790.98006785},"point_estimate":6724873.700259626,"standard_error":6331825.735840156},"slope":null,"std_dev":{"confidence_interval":{"confidence_level":0.95,"lower_bound":5043957.178027702,"upper_bound":67285277.27661401},"point_estimate":43837108.68898811,"standard_error":21623486.351793755}}