{"mean":{"confidence_interval":{"confidence_level":0.95,"lower_bound":4400061714.1,"upper_bound":4935038773.8425},"point_estimate":4670409601.1,"standard_error":138279565.5421274},"median":{"confidence_interval":{"confidence_level":0.95,"lower_bound":4212545459.0,"upper_bound":5102733372.0},"point_estimate":4741453555.5,"standard_error":352025737.407815},"median_abs_dev":{"confidence_interval":{"confidence_level":0.95,"lower_bound":2237284.8730802536,"upper_bound":639643888.042751},"point_estimate":542708245.2328026,"standard_error":225419571.04295442},"slope":null,"std_dev":{"confidence_interval":{"confidence_level":0.95,"lower_bound":333728228.2113697,"upper_bound":485977715.33473134},"point_estimate":460933897.91856325,"standard_error":42407510.85476925}}