{"mean":{"confidence_interval":{"confidence_level":0.95,"lower_bound":0.4903896472538384,"upper_bound":0.5519353109463883},"point_estimate":0.5233981227879496,"standard_error":0.016064684812657413},"median":{"confidence_interval":{"confidence_level":0.95,"lower_bound":0.48671643014350163,"upper_bound":0.5845545484293804},"point_estimate":0.495614507625487,"standard_error":0.02156406456903819}}