{"mean":{"confidence_interval":{"confidence_level":0.95,"lower_bound":6774598660.585,"upper_bound":7696924590.7},"point_estimate":7232871587.4,"standard_error":239288056.2746945},"median":{"confidence_interval":{"confidence_level":0.95,"lower_bound":6472784226.5,"upper_bound":8029693862.0},"point_estimate":7181834644.5,"standard_error":635082080.3197548},"median_abs_dev":{"confidence_interval":{"confidence_level":0.95,"lower_bound":4191763.8011813164,"upper_bound":1143238085.8835669},"point_estimate":1059071867.6003158,"standard_error":435844170.1858343},"slope":null,"std_dev":{"confidence_interval":{"confidence_level":0.95,"lower_bound":609757030.6726537,"upper_bound":817007646.5427573},"point_estimate":798211362.5970497,"standard_error":68162729.7858993}}