{"mean":{"confidence_interval":{"confidence_level":0.95,"lower_bound":1041716150.26,"upper_bound":1081303344.2575002},"point_estimate":1059730073.3,"standard_error":10182652.078493426},"median":{"confidence_interval":{"confidence_level":0.95,"lower_bound":1029496262.0,"upper_bound":1073238498.0},"point_estimate":1061458949.5,"standard_error":13172141.381043138},"median_abs_dev":{"confidence_interval":{"confidence_level":0.95,"lower_bound":1157923.922842741,"upper_bound":53348178.393280506},"point_estimate":34701469.59852576,"standard_error":14522003.25542545},"slope":null,"std_dev":{"confidence_interval":{"confidence_level":0.95,"lower_bound":16075196.713283392,"upper_bound":47939033.83758905},"point_estimate":34071249.22786781,"standard_error":9578849.386447452}}