{"mean":{"confidence_interval":{"confidence_level":0.95,"lower_bound":298948342.81625,"upper_bound":301289787.25},"point_estimate":300123492.8,"standard_error":597820.2731540988},"median":{"confidence_interval":{"confidence_level":0.95,"lower_bound":298147571.5,"upper_bound":301772816.25},"point_estimate":300417589.75,"standard_error":858622.6720862307},"median_abs_dev":{"confidence_interval":{"confidence_level":0.95,"lower_bound":344819.7660282254,"upper_bound":3477244.0176665783},"point_estimate":2520422.549803555,"standard_error":841992.1408089391},"slope":null,"std_dev":{"confidence_interval":{"confidence_level":0.95,"lower_bound":1198766.5044060946,"upper_bound":2446296.0108057973},"point_estimate":2001453.4247256445,"standard_error":322134.4999328447}}