{"mean":{"confidence_interval":{"confidence_level":0.95,"lower_bound":1814071.4054446542,"upper_bound":2128249.8666547616},"point_estimate":1967966.8849778697,"standard_error":80647.06196292442},"median":{"confidence_interval":{"confidence_level":0.95,"lower_bound":1788992.2722222223,"upper_bound":2206745.6153846155},"point_estimate":1892480.578125,"standard_error":105661.18562923979},"median_abs_dev":{"confidence_interval":{"confidence_level":0.95,"lower_bound":35157.476593185704,"upper_bound":475241.0891500916},"point_estimate":218786.09567891143,"standard_error":120312.30722059438},"slope":{"confidence_interval":{"confidence_level":0.95,"lower_bound":1772789.6539274384,"upper_bound":2183900.114757951},"point_estimate":1969384.5875124875,"standard_error":113519.61713613475},"std_dev":{"confidence_interval":{"confidence_level":0.95,"lower_bound":144416.3089531976,"upper_bound":335618.3885607656},"point_estimate":269120.518757624,"standard_error":47550.463924115604}}