{"mean":{"confidence_interval":{"confidence_level":0.95,"lower_bound":-0.010903558318160502,"upper_bound":-0.004259995288139769},"point_estimate":-0.007641741239435507,"standard_error":0.0016950854743654855},"median":{"confidence_interval":{"confidence_level":0.95,"lower_bound":-0.012263042217005027,"upper_bound":-0.0033480907997448517},"point_estimate":-0.008762389481134392,"standard_error":0.0022725492654174285}}