{"mean":{"confidence_interval":{"confidence_level":0.95,"lower_bound":0.2346434003562302,"upper_bound":0.5924787828149375},"point_estimate":0.4416865741885043,"standard_error":0.08903772908336387},"median":{"confidence_interval":{"confidence_level":0.95,"lower_bound":0.2074844153340598,"upper_bound":0.6074818500823456},"point_estimate":0.5828402950711533,"standard_error":0.07735645660247867}}