{"mean":{"confidence_interval":{"confidence_level":0.95,"lower_bound":608262083.7025,"upper_bound":617245806.7},"point_estimate":613255788.7,"standard_error":2315085.9592140424},"median":{"confidence_interval":{"confidence_level":0.95,"lower_bound":608646992.0,"upper_bound":618249286.0},"point_estimate":616126537.0,"standard_error":2173303.9615146406},"median_abs_dev":{"confidence_interval":{"confidence_level":0.95,"lower_bound":584606.9608211517,"upper_bound":9635023.598644137},"point_estimate":3272220.456406474,"standard_error":2313177.1437629983},"slope":null,"std_dev":{"confidence_interval":{"confidence_level":0.95,"lower_bound":1731567.599624483,"upper_bound":10207070.892969321},"point_estimate":7740943.590529647,"standard_error":2235714.6324665206}}