{"mean":{"confidence_interval":{"confidence_level":0.95,"lower_bound":3743920.190055555,"upper_bound":3765601.512398413},"point_estimate":3755450.9423984126,"standard_error":5503.343691838814},"median":{"confidence_interval":{"confidence_level":0.95,"lower_bound":3741302.61,"upper_bound":3771085.104},"point_estimate":3756990.6877777777,"standard_error":6991.525068590349},"median_abs_dev":{"confidence_interval":{"confidence_level":0.95,"lower_bound":4261.950507535002,"upper_bound":32116.55316738423},"point_estimate":16834.110236334527,"standard_error":7405.038844136502},"slope":{"confidence_interval":{"confidence_level":0.95,"lower_bound":3756648.074397394,"upper_bound":3771916.4577557757},"point_estimate":3765893.249662338,"standard_error":3916.8506304637376},"std_dev":{"confidence_interval":{"confidence_level":0.95,"lower_bound":9077.632224827628,"upper_bound":23183.239495901296},"point_estimate":18354.209603271833,"standard_error":3623.1225718008563}}