{"mean":{"confidence_interval":{"confidence_level":0.95,"lower_bound":2498593745.8,"upper_bound":2536396867.1975},"point_estimate":2516705361.4,"standard_error":9668994.17213323},"median":{"confidence_interval":{"confidence_level":0.95,"lower_bound":2490374095.5,"upper_bound":2541913863.0},"point_estimate":2512726526.5,"standard_error":9589412.381995853},"median_abs_dev":{"confidence_interval":{"confidence_level":0.95,"lower_bound":3520561.1410975456,"upper_bound":62327276.04196966},"point_estimate":15687302.106794715,"standard_error":15393848.591184422},"slope":null,"std_dev":{"confidence_interval":{"confidence_level":0.95,"lower_bound":15323266.884345997,"upper_bound":41828687.03234374},"point_estimate":32298078.126226515,"standard_error":6786696.826209799}}