{"mean":{"confidence_interval":{"confidence_level":0.95,"lower_bound":220581268.7883334,"upper_bound":230942312.88333333},"point_estimate":225457744.3666667,"standard_error":2649457.285757044},"median":{"confidence_interval":{"confidence_level":0.95,"lower_bound":219409623.0,"upper_bound":231155149.0},"point_estimate":223648464.5,"standard_error":3057718.1319946763},"median_abs_dev":{"confidence_interval":{"confidence_level":0.95,"lower_bound":719017.2505349363,"upper_bound":14157272.030258216},"point_estimate":6379133.486747749,"standard_error":3290520.1487640715},"slope":null,"std_dev":{"confidence_interval":{"confidence_level":0.95,"lower_bound":3953806.559948725,"upper_bound":11802482.324751025},"point_estimate":8852565.084564155,"standard_error":2083110.6974072843}}