{"mean":{"confidence_interval":{"confidence_level":0.95,"lower_bound":204060550.10666665,"upper_bound":209532617.46833333},"point_estimate":206706693.33333334,"standard_error":1400220.7828571405},"median":{"confidence_interval":{"confidence_level":0.95,"lower_bound":203124542.66666666,"upper_bound":209937039.33333334},"point_estimate":205712240.3333333,"standard_error":1618692.4343474314},"median_abs_dev":{"confidence_interval":{"confidence_level":0.95,"lower_bound":792790.683925174,"upper_bound":7936848.89389278},"point_estimate":4399031.771701589,"standard_error":1954504.5860401932},"slope":null,"std_dev":{"confidence_interval":{"confidence_level":0.95,"lower_bound":2298694.1673507467,"upper_bound":5918044.225065448},"point_estimate":4655620.410073435,"standard_error":914434.7662898488}}