{"mean":{"confidence_interval":{"confidence_level":0.95,"lower_bound":386979400.97499996,"upper_bound":392663820.85},"point_estimate":389802652.6,"standard_error":1456101.6894186132},"median":{"confidence_interval":{"confidence_level":0.95,"lower_bound":385383650.0,"upper_bound":393368524.0},"point_estimate":390289970.5,"standard_error":2203733.391840965},"median_abs_dev":{"confidence_interval":{"confidence_level":0.95,"lower_bound":1306032.3243632913,"upper_bound":8326228.078579903},"point_estimate":5816295.294240117,"standard_error":1842715.0015225152},"slope":null,"std_dev":{"confidence_interval":{"confidence_level":0.95,"lower_bound":2947351.8979991176,"upper_bound":5991649.302808897},"point_estimate":4852753.148792891,"standard_error":789303.36975972}}