{"mean":{"confidence_interval":{"confidence_level":0.95,"lower_bound":1861368682.3975,"upper_bound":1916984122.4125001},"point_estimate":1889064890.0,"standard_error":14156323.68942575},"median":{"confidence_interval":{"confidence_level":0.95,"lower_bound":1854553096.0,"upper_bound":1940112885.0},"point_estimate":1881668335.0,"standard_error":20320682.130646713},"median_abs_dev":{"confidence_interval":{"confidence_level":0.95,"lower_bound":6711501.019147038,"upper_bound":86475430.75275421},"point_estimate":53358271.19260132,"standard_error":19808433.888056178},"slope":null,"std_dev":{"confidence_interval":{"confidence_level":0.95,"lower_bound":28003404.40954712,"upper_bound":57860849.45432449},"point_estimate":47150316.62954339,"standard_error":7617867.39934755}}