{"mean":{"confidence_interval":{"confidence_level":0.95,"lower_bound":267581064.98625,"upper_bound":273386214.17499995},"point_estimate":270617617.2,"standard_error":1484055.4280548035},"median":{"confidence_interval":{"confidence_level":0.95,"lower_bound":266769841.0,"upper_bound":274045387.75},"point_estimate":272384172.75,"standard_error":2343133.5313271238},"median_abs_dev":{"confidence_interval":{"confidence_level":0.95,"lower_bound":174387.11540400982,"upper_bound":8682748.152950406},"point_estimate":4831742.535169423,"standard_error":2274637.205207434},"slope":null,"std_dev":{"confidence_interval":{"confidence_level":0.95,"lower_bound":2684041.145032942,"upper_bound":6391032.871338983},"point_estimate":4946360.851400644,"standard_error":994941.5176231541}}