{"mean":{"confidence_interval":{"confidence_level":0.95,"lower_bound":17206039.503968254,"upper_bound":17335443.993473873},"point_estimate":17258954.08522487,"standard_error":34367.6685107657},"median":{"confidence_interval":{"confidence_level":0.95,"lower_bound":17183087.166666668,"upper_bound":17282576.75},"point_estimate":17238903.604166668,"standard_error":28389.43245316615},"median_abs_dev":{"confidence_interval":{"confidence_level":0.95,"lower_bound":2189.143581135406,"upper_bound":115085.00304572427},"point_estimate":74135.09168939387,"standard_error":30525.72691704909},"slope":{"confidence_interval":{"confidence_level":0.95,"lower_bound":17188256.088721264,"upper_bound":17252923.35722041},"point_estimate":17212285.606926408,"standard_error":16910.01613616162},"std_dev":{"confidence_interval":{"confidence_level":0.95,"lower_bound":31166.92178847347,"upper_bound":171459.52734179597},"point_estimate":114317.55363711229,"standard_error":45668.843664973865}}