{"mean":{"confidence_interval":{"confidence_level":0.95,"lower_bound":541471533.1,"upper_bound":560478439.0775},"point_estimate":550819285.0,"standard_error":4861699.357885501},"median":{"confidence_interval":{"confidence_level":0.95,"lower_bound":540295294.0,"upper_bound":560487161.5},"point_estimate":550683063.5,"standard_error":4997218.185739634},"median_abs_dev":{"confidence_interval":{"confidence_level":0.95,"lower_bound":3368584.2655956745,"upper_bound":28611047.49955237},"point_estimate":13296999.573031068,"standard_error":6421297.306919151},"slope":null,"std_dev":{"confidence_interval":{"confidence_level":0.95,"lower_bound":8001911.499546517,"upper_bound":21617316.566425856},"point_estimate":16248212.39460835,"standard_error":3502158.5434758035}}