{"mean":{"confidence_interval":{"confidence_level":0.95,"lower_bound":-0.0012829231437243317,"upper_bound":0.37378872051731765},"point_estimate":0.18470032234494038,"standard_error":0.09512668597697774},"median":{"confidence_interval":{"confidence_level":0.95,"lower_bound":-0.06857480452654774,"upper_bound":0.587085910205638},"point_estimate":-0.047056971089470045,"standard_error":0.22480879225563688}}