{"mean":{"confidence_interval":{"confidence_level":0.95,"lower_bound":298557009.25,"upper_bound":318551961.33875},"point_estimate":308613211.0,"standard_error":5137294.108847195},"median":{"confidence_interval":{"confidence_level":0.95,"lower_bound":290929125.5,"upper_bound":326785813.0},"point_estimate":310780132.5,"standard_error":9012729.821143927},"median_abs_dev":{"confidence_interval":{"confidence_level":0.95,"lower_bound":1879625.4206299782,"upper_bound":28984854.31896597},"point_estimate":25356014.82464075,"standard_error":6857580.876751543},"slope":null,"std_dev":{"confidence_interval":{"confidence_level":0.95,"lower_bound":10879626.45027476,"upper_bound":19854892.633211106},"point_estimate":17055741.90270947,"standard_error":2285041.8456711117}}