{"mean":{"confidence_interval":{"confidence_level":0.95,"lower_bound":1286183350.6,"upper_bound":1552835389.8674998},"point_estimate":1415587566.4,"standard_error":68009765.40129666},"median":{"confidence_interval":{"confidence_level":0.95,"lower_bound":1242467210.0,"upper_bound":1591135006.5},"point_estimate":1374439458.5,"standard_error":97980120.54264158},"median_abs_dev":{"confidence_interval":{"confidence_level":0.95,"lower_bound":31690411.351382732,"upper_bound":370148407.60955215},"point_estimate":208917658.27547014,"standard_error":86145060.56439148},"slope":null,"std_dev":{"confidence_interval":{"confidence_level":0.95,"lower_bound":126368571.73416038,"upper_bound":288479555.72069097},"point_estimate":227487091.21351564,"standard_error":42007933.916803606}}