{"mean":{"confidence_interval":{"confidence_level":0.95,"lower_bound":1725818957.0225,"upper_bound":1982487016.5825},"point_estimate":1856444078.2,"standard_error":65386791.5615706},"median":{"confidence_interval":{"confidence_level":0.95,"lower_bound":1599057431.0,"upper_bound":2030555285.0},"point_estimate":2010913934.5,"standard_error":146029066.33712152},"median_abs_dev":{"confidence_interval":{"confidence_level":0.95,"lower_bound":8196101.761490107,"upper_bound":321971359.2711657},"point_estimate":38559411.18963361,"standard_error":108029266.27382842},"slope":null,"std_dev":{"confidence_interval":{"confidence_level":0.95,"lower_bound":135372872.10993087,"upper_bound":231577949.7875999},"point_estimate":217542476.1541748,"standard_error":27608684.217234723}}