{"mean":{"confidence_interval":{"confidence_level":0.95,"lower_bound":248069001.66,"upper_bound":249243503.5975},"point_estimate":248643283.9,"standard_error":302031.5740209133},"median":{"confidence_interval":{"confidence_level":0.95,"lower_bound":247920062.1666667,"upper_bound":249000127.3333333},"point_estimate":248681507.1666667,"standard_error":235876.53020366724},"median_abs_dev":{"confidence_interval":{"confidence_level":0.95,"lower_bound":43812.80602215984,"upper_bound":1780454.8025906233},"point_estimate":445837.58008477127,"standard_error":442124.56231775484},"slope":null,"std_dev":{"confidence_interval":{"confidence_level":0.95,"lower_bound":238294.17388301375,"upper_bound":1389776.0091101604},"point_estimate":1004677.8153740589,"standard_error":261143.42257210752}}