{"mean":{"confidence_interval":{"confidence_level":0.95,"lower_bound":11302369454.7,"upper_bound":11375498724.6},"point_estimate":11341784185.4,"standard_error":18724807.54702604},"median":{"confidence_interval":{"confidence_level":0.95,"lower_bound":11298635446.0,"upper_bound":11385793773.5},"point_estimate":11367083279.5,"standard_error":24931881.7974821},"median_abs_dev":{"confidence_interval":{"confidence_level":0.95,"lower_bound":6117584.071791172,"upper_bound":97626833.88287723},"point_estimate":32922677.28470564,"standard_error":25263462.26428675},"slope":null,"std_dev":{"confidence_interval":{"confidence_level":0.95,"lower_bound":23522805.100154255,"upper_bound":77975979.8133692},"point_estimate":62178152.46707148,"standard_error":13365273.681621704}}