{"mean":{"confidence_interval":{"confidence_level":0.95,"lower_bound":1205320946.4625,"upper_bound":1241600132.7},"point_estimate":1224561438.9,"standard_error":9264269.442585183},"median":{"confidence_interval":{"confidence_level":0.95,"lower_bound":1207741664.5,"upper_bound":1249605753.0},"point_estimate":1224331057.5,"standard_error":10834308.710036078},"median_abs_dev":{"confidence_interval":{"confidence_level":0.95,"lower_bound":6152591.222369671,"upper_bound":49868351.68645978},"point_estimate":32057699.549362063,"standard_error":11238706.294669924},"slope":null,"std_dev":{"confidence_interval":{"confidence_level":0.95,"lower_bound":14855750.105146462,"upper_bound":41599657.745577455},"point_estimate":30868438.43989253,"standard_error":7337099.70286454}}