{"mean":{"confidence_interval":{"confidence_level":0.95,"lower_bound":673807795.31,"upper_bound":680884224.2625},"point_estimate":677179530.9,"standard_error":1822388.932866027},"median":{"confidence_interval":{"confidence_level":0.95,"lower_bound":672376947.0,"upper_bound":682033424.0},"point_estimate":675317815.0,"standard_error":2671784.3322729007},"median_abs_dev":{"confidence_interval":{"confidence_level":0.95,"lower_bound":837081.875538826,"upper_bound":9744134.06110704},"point_estimate":4617891.203016043,"standard_error":2397266.8637335077},"slope":null,"std_dev":{"confidence_interval":{"confidence_level":0.95,"lower_bound":2758935.619453069,"upper_bound":7387598.116706032},"point_estimate":6045767.8701179875,"standard_error":1132124.484942866}}