{"mean":{"confidence_interval":{"confidence_level":0.95,"lower_bound":3431277564.5750003,"upper_bound":3808556527.0},"point_estimate":3616315248.8,"standard_error":96593364.32584204},"median":{"confidence_interval":{"confidence_level":0.95,"lower_bound":3314618547.0,"upper_bound":3990529865.0},"point_estimate":3514307473.5,"standard_error":220477264.41487074},"median_abs_dev":{"confidence_interval":{"confidence_level":0.95,"lower_bound":10101951.410454512,"upper_bound":499263338.7340039},"point_estimate":307902916.9712305,"standard_error":159998091.514124},"slope":null,"std_dev":{"confidence_interval":{"confidence_level":0.95,"lower_bound":215756526.62632158,"upper_bound":350877809.6581716},"point_estimate":321388970.91834337,"standard_error":35511632.52384686}}