{"mean":{"confidence_interval":{"confidence_level":0.95,"lower_bound":19029536525.3,"upper_bound":19136172420.34},"point_estimate":19085719129.3,"standard_error":27436773.93367568},"median":{"confidence_interval":{"confidence_level":0.95,"lower_bound":19000389175.0,"upper_bound":19151066372.0},"point_estimate":19108507504.0,"standard_error":32102188.46891309},"median_abs_dev":{"confidence_interval":{"confidence_level":0.95,"lower_bound":16375139.53858316,"upper_bound":153712286.9404614},"point_estimate":68030858.15581083,"standard_error":34259020.247695066},"slope":null,"std_dev":{"confidence_interval":{"confidence_level":0.95,"lower_bound":38177419.06155999,"upper_bound":115157981.25216413},"point_estimate":91624080.06301963,"standard_error":19292745.122698206}}