{"mean":{"confidence_interval":{"confidence_level":0.95,"lower_bound":72715696.53652778,"upper_bound":79834857.95},"point_estimate":76163450.41652778,"standard_error":1767831.141992527},"median":{"confidence_interval":{"confidence_level":0.95,"lower_bound":72232834.3576389,"upper_bound":84174016.5},"point_estimate":72640892.575,"standard_error":2978096.706469752},"median_abs_dev":{"confidence_interval":{"confidence_level":0.95,"lower_bound":31810.19245651503,"upper_bound":9373757.542518783},"point_estimate":841858.3472823657,"standard_error":2532020.6533685024},"slope":{"confidence_interval":{"confidence_level":0.95,"lower_bound":72462214.2633136,"upper_bound":79102736.02425876},"point_estimate":74613073.53506494,"standard_error":1713081.9722161875},"std_dev":{"confidence_interval":{"confidence_level":0.95,"lower_bound":721827.942130495,"upper_bound":6601164.1554959025},"point_estimate":5886318.09553137,"standard_error":1166005.7486726171}}