{"mean":{"confidence_interval":{"confidence_level":0.95,"lower_bound":4458330446.0,"upper_bound":5850976708.8375},"point_estimate":5135901052.1,"standard_error":356281724.3542238},"median":{"confidence_interval":{"confidence_level":0.95,"lower_bound":4172395281.5,"upper_bound":6165942027.0},"point_estimate":4897972754.5,"standard_error":450149907.1084267},"median_abs_dev":{"confidence_interval":{"confidence_level":0.95,"lower_bound":163378515.56205153,"upper_bound":2170061355.8445096},"point_estimate":1152224464.5807266,"standard_error":502732839.61989266},"slope":null,"std_dev":{"confidence_interval":{"confidence_level":0.95,"lower_bound":644244624.2686533,"upper_bound":1490297475.3766198},"point_estimate":1187832957.6709526,"standard_error":216447428.15976757}}