{"mean":{"confidence_interval":{"confidence_level":0.95,"lower_bound":272674363.9275,"upper_bound":302159536.62},"point_estimate":287872654.05,"standard_error":7315801.772819257},"median":{"confidence_interval":{"confidence_level":0.95,"lower_bound":258661771.0,"upper_bound":303975144.0},"point_estimate":301767975.5,"standard_error":10963404.433821552},"median_abs_dev":{"confidence_interval":{"confidence_level":0.95,"lower_bound":688442.3325777054,"upper_bound":34805827.95742303},"point_estimate":3572826.1260196567,"standard_error":9696998.623548234},"slope":null,"std_dev":{"confidence_interval":{"confidence_level":0.95,"lower_bound":2312425.0996779795,"upper_bound":29346056.424301207},"point_estimate":24521593.3474105,"standard_error":5303881.004534818}}