{"mean":{"confidence_interval":{"confidence_level":0.95,"lower_bound":236013192.2666667,"upper_bound":242802764.53333336},"point_estimate":239358245.06666666,"standard_error":1736365.043503696},"median":{"confidence_interval":{"confidence_level":0.95,"lower_bound":234993414.5,"upper_bound":244258412.0},"point_estimate":238459154.3333333,"standard_error":2220969.74232023},"median_abs_dev":{"confidence_interval":{"confidence_level":0.95,"lower_bound":1352383.2179903984,"upper_bound":10405829.548859596},"point_estimate":5762826.067489386,"standard_error":2356683.561890385},"slope":null,"std_dev":{"confidence_interval":{"confidence_level":0.95,"lower_bound":3195479.4609042285,"upper_bound":7197929.3541829735},"point_estimate":5783507.869984802,"standard_error":1015109.5176614608}}