{"mean":{"confidence_interval":{"confidence_level":0.95,"lower_bound":800409374.53,"upper_bound":831462994.7},"point_estimate":815452796.2,"standard_error":7996985.485404569},"median":{"confidence_interval":{"confidence_level":0.95,"lower_bound":790257580.0,"upper_bound":839654063.0},"point_estimate":809656709.0,"standard_error":14303820.700337764},"median_abs_dev":{"confidence_interval":{"confidence_level":0.95,"lower_bound":4386544.820523262,"upper_bound":42755367.78354049},"point_estimate":33114899.336493015,"standard_error":10727593.85086079},"slope":null,"std_dev":{"confidence_interval":{"confidence_level":0.95,"lower_bound":16362278.143999217,"upper_bound":32254451.74752838},"point_estimate":26740240.891027328,"standard_error":4106564.4168140325}}