{"mean":{"confidence_interval":{"confidence_level":0.95,"lower_bound":45469085.207614586,"upper_bound":46812884.22718254},"point_estimate":46148670.92259921,"standard_error":345324.61859791155},"median":{"confidence_interval":{"confidence_level":0.95,"lower_bound":45196733.5,"upper_bound":47280939.583333336},"point_estimate":46107641.8,"standard_error":662802.8900426988},"median_abs_dev":{"confidence_interval":{"confidence_level":0.95,"lower_bound":186301.47852999286,"upper_bound":1823401.7702281438},"point_estimate":1595044.8734939664,"standard_error":470532.9635603108},"slope":{"confidence_interval":{"confidence_level":0.95,"lower_bound":46275566.39111111,"upper_bound":47177472.91004365},"point_estimate":46816205.312987015,"standard_error":232449.31641744715},"std_dev":{"confidence_interval":{"confidence_level":0.95,"lower_bound":759655.3062404254,"upper_bound":1349067.725115268},"point_estimate":1151594.637266545,"standard_error":151531.14114428227}}