{"mean":{"confidence_interval":{"confidence_level":0.95,"lower_bound":6062217079.0,"upper_bound":6496822732.5225},"point_estimate":6296083173.9,"standard_error":111789655.26058783},"median":{"confidence_interval":{"confidence_level":0.95,"lower_bound":6023259811.0,"upper_bound":6600086771.0},"point_estimate":6376502734.5,"standard_error":142728893.5845554},"median_abs_dev":{"confidence_interval":{"confidence_level":0.95,"lower_bound":66120319.78442967,"upper_bound":612555581.9111645},"point_estimate":308384960.6310725,"standard_error":144954566.16016147},"slope":null,"std_dev":{"confidence_interval":{"confidence_level":0.95,"lower_bound":167048632.35081053,"upper_bound":480540035.5571449},"point_estimate":371756059.8616852,"standard_error":82719929.4837093}}