{"mean":{"confidence_interval":{"confidence_level":0.95,"lower_bound":2390478124.1,"upper_bound":2449551389.485},"point_estimate":2421556043.0,"standard_error":15170908.061212052},"median":{"confidence_interval":{"confidence_level":0.95,"lower_bound":2389305410.5,"upper_bound":2457724394.5},"point_estimate":2432358805.5,"standard_error":18593346.209598042},"median_abs_dev":{"confidence_interval":{"confidence_level":0.95,"lower_bound":10225663.258758187,"upper_bound":81803223.75840247},"point_estimate":40893913.108187914,"standard_error":18723019.593587954},"slope":null,"std_dev":{"confidence_interval":{"confidence_level":0.95,"lower_bound":23494882.793113038,"upper_bound":65390408.63334424},"point_estimate":50710033.82564493,"standard_error":10681792.211966144}}