{"mean":{"confidence_interval":{"confidence_level":0.95,"lower_bound":464997673.9875,"upper_bound":479236927.09625},"point_estimate":472423696.9,"standard_error":3636087.022504556},"median":{"confidence_interval":{"confidence_level":0.95,"lower_bound":465769229.75,"upper_bound":481090250.75},"point_estimate":473711065.0,"standard_error":4094558.9643323394},"median_abs_dev":{"confidence_interval":{"confidence_level":0.95,"lower_bound":2296001.391787827,"upper_bound":20101608.982475102},"point_estimate":9389759.679548442,"standard_error":4411585.783152535},"slope":null,"std_dev":{"confidence_interval":{"confidence_level":0.95,"lower_bound":5625944.140866664,"upper_bound":16392396.174886936},"point_estimate":12124321.92339143,"standard_error":2862489.9136065375}}