{"mean":{"confidence_interval":{"confidence_level":0.95,"lower_bound":4986698.218466271,"upper_bound":5114745.749470073},"point_estimate":5045905.897585979,"standard_error":32907.880830394985},"median":{"confidence_interval":{"confidence_level":0.95,"lower_bound":4956893.111111111,"upper_bound":5103445.318253968},"point_estimate":5024492.686342592,"standard_error":35433.930866935225},"median_abs_dev":{"confidence_interval":{"confidence_level":0.95,"lower_bound":22814.287862326484,"upper_bound":173043.36400661586},"point_estimate":101352.32567563676,"standard_error":38361.628763979206},"slope":{"confidence_interval":{"confidence_level":0.95,"lower_bound":5010241.453696144,"upper_bound":5191898.18800091},"point_estimate":5111890.673160173,"standard_error":47026.65637229096},"std_dev":{"confidence_interval":{"confidence_level":0.95,"lower_bound":46063.96897990624,"upper_bound":147042.93468582578},"point_estimate":109842.01029850496,"standard_error":27389.74112474337}}