{"mean":{"confidence_interval":{"confidence_level":0.95,"lower_bound":202028826.46666667,"upper_bound":205671053.83083335},"point_estimate":203839744.56666666,"standard_error":929664.7217442695},"median":{"confidence_interval":{"confidence_level":0.95,"lower_bound":201805544.5,"upper_bound":206339880.66666666},"point_estimate":203394845.6666667,"standard_error":1252677.0439702673},"median_abs_dev":{"confidence_interval":{"confidence_level":0.95,"lower_bound":350931.1666697411,"upper_bound":5501315.694332153},"point_estimate":2684566.999739416,"standard_error":1227519.8149258182},"slope":null,"std_dev":{"confidence_interval":{"confidence_level":0.95,"lower_bound":1672617.080135233,"upper_bound":4008682.066857044},"point_estimate":3094754.9726338633,"standard_error":603823.4484848639}}