{"mean":{"confidence_interval":{"confidence_level":0.95,"lower_bound":13169747247.535,"upper_bound":15241434652.5725},"point_estimate":14206637909.7,"standard_error":544113370.3051957},"median":{"confidence_interval":{"confidence_level":0.95,"lower_bound":12475215135.0,"upper_bound":15929469985.0},"point_estimate":14222999403.0,"standard_error":1486404132.7656236},"median_abs_dev":{"confidence_interval":{"confidence_level":0.95,"lower_bound":6973935.299187899,"upper_bound":2565480063.985124},"point_estimate":2540487934.0502234,"standard_error":1079030352.1835344},"slope":null,"std_dev":{"confidence_interval":{"confidence_level":0.95,"lower_bound":1441644440.0914123,"upper_bound":1822935060.2988286},"point_estimate":1815332918.4011533,"standard_error":154302836.77877975}}