{"mean":{"confidence_interval":{"confidence_level":0.95,"lower_bound":939511675.8,"upper_bound":1048251598.9},"point_estimate":994773656.4,"standard_error":26793653.92946663},"median":{"confidence_interval":{"confidence_level":0.95,"lower_bound":895085585.0,"upper_bound":1050410472.0},"point_estimate":1048411275.0,"standard_error":39413282.20282474},"median_abs_dev":{"confidence_interval":{"confidence_level":0.95,"lower_bound":382671.65530622005,"upper_bound":119311829.6145916},"point_estimate":3346681.074884534,"standard_error":37674419.22926706},"slope":null,"std_dev":{"confidence_interval":{"confidence_level":0.95,"lower_bound":2408015.3896715227,"upper_bound":109038938.68478964},"point_estimate":89251658.00714143,"standard_error":20575520.36081859}}