{"mean":{"confidence_interval":{"confidence_level":0.95,"lower_bound":469144115.1,"upper_bound":484409856.15},"point_estimate":476612202.35,"standard_error":3899517.28998073},"median":{"confidence_interval":{"confidence_level":0.95,"lower_bound":468276185.5,"upper_bound":484049131.75},"point_estimate":475652489.0,"standard_error":4095797.0551691563},"median_abs_dev":{"confidence_interval":{"confidence_level":0.95,"lower_bound":2844476.6499504447,"upper_bound":21167414.891803265},"point_estimate":11343969.886404276,"standard_error":4636867.418996357},"slope":null,"std_dev":{"confidence_interval":{"confidence_level":0.95,"lower_bound":6175288.208310583,"upper_bound":17379235.628635764},"point_estimate":12959407.071549162,"standard_error":2883341.6211245903}}