{"mean":{"confidence_interval":{"confidence_level":0.95,"lower_bound":15942777030.335001,"upper_bound":18596574020.4},"point_estimate":17268668874.5,"standard_error":682253490.4826299},"median":{"confidence_interval":{"confidence_level":0.95,"lower_bound":15480915351.0,"upper_bound":19909001690.0},"point_estimate":15577300760.0,"standard_error":1675153818.46822},"median_abs_dev":{"confidence_interval":{"confidence_level":0.95,"lower_bound":3366268.4444367886,"upper_bound":3282540344.8239594},"point_estimate":165267372.39141762,"standard_error":1250407594.9188662},"slope":null,"std_dev":{"confidence_interval":{"confidence_level":0.95,"lower_bound":1392450192.691046,"upper_bound":2336294301.6979547},"point_estimate":2272578634.769603,"standard_error":270796105.37003785}}