{"mean":{"confidence_interval":{"confidence_level":0.95,"lower_bound":312278270.68875,"upper_bound":341528899.33500004},"point_estimate":325502168.5,"standard_error":7492627.739929663},"median":{"confidence_interval":{"confidence_level":0.95,"lower_bound":308635944.5,"upper_bound":331922927.5},"point_estimate":324655821.25,"standard_error":5856820.78126397},"median_abs_dev":{"confidence_interval":{"confidence_level":0.95,"lower_bound":2691584.6396148205,"upper_bound":35661858.57257545},"point_estimate":11881252.6267156,"standard_error":8264862.440955343},"slope":null,"std_dev":{"confidence_interval":{"confidence_level":0.95,"lower_bound":7684882.731456135,"upper_bound":35544365.706846975},"point_estimate":24924892.41637414,"standard_error":7679238.021739081}}