{"mean":{"confidence_interval":{"confidence_level":0.95,"lower_bound":15558500922.085001,"upper_bound":17712555768.3825},"point_estimate":16556554700.4,"standard_error":550616436.5954026},"median":{"confidence_interval":{"confidence_level":0.95,"lower_bound":15450621463.0,"upper_bound":17836899045.5},"point_estimate":15503557977.0,"standard_error":641223322.7995688},"median_abs_dev":{"confidence_interval":{"confidence_level":0.95,"lower_bound":17238857.063949108,"upper_bound":2574874255.5266438},"point_estimate":97099185.44784486,"standard_error":656899727.1581755},"slope":null,"std_dev":{"confidence_interval":{"confidence_level":0.95,"lower_bound":152682568.07501513,"upper_bound":2274384105.086483},"point_estimate":1832671421.3322058,"standard_error":495333986.8978675}}