{"mean":{"confidence_interval":{"confidence_level":0.95,"lower_bound":0.6260995500503549,"upper_bound":1.1656985285604458},"point_estimate":0.8719856636681749,"standard_error":0.14105603807324885},"median":{"confidence_interval":{"confidence_level":0.95,"lower_bound":0.49245283874116463,"upper_bound":1.0675240899024723},"point_estimate":0.8067649833150423,"standard_error":0.18140327747020937}}