{"mean":{"confidence_interval":{"confidence_level":0.95,"lower_bound":243097794.23125002,"upper_bound":246039917.8},"point_estimate":244521388.1,"standard_error":757723.6561941509},"median":{"confidence_interval":{"confidence_level":0.95,"lower_bound":242699263.5,"upper_bound":246933140.5},"point_estimate":243788289.75,"standard_error":1020633.2157883497},"median_abs_dev":{"confidence_interval":{"confidence_level":0.95,"lower_bound":312756.68834745884,"upper_bound":4227273.182500899},"point_estimate":2073051.3435959816,"standard_error":1065008.9950713045},"slope":null,"std_dev":{"confidence_interval":{"confidence_level":0.95,"lower_bound":1255157.9333568113,"upper_bound":3087537.7540996172},"point_estimate":2532024.8293043696,"standard_error":440301.9080662008}}