{"mean":{"confidence_interval":{"confidence_level":0.95,"lower_bound":12872897453.2775,"upper_bound":14945801325.109999},"point_estimate":13908610077.4,"standard_error":534265301.9603484},"median":{"confidence_interval":{"confidence_level":0.95,"lower_bound":12522505886.0,"upper_bound":15979233902.0},"point_estimate":12540692551.0,"standard_error":1314357747.2928526},"median_abs_dev":{"confidence_interval":{"confidence_level":0.95,"lower_bound":5353661.091953516,"upper_bound":2567826093.8597736},"point_estimate":37681451.067620516,"standard_error":1014161029.5256925},"slope":null,"std_dev":{"confidence_interval":{"confidence_level":0.95,"lower_bound":1092126307.285175,"upper_bound":1823096681.6078436},"point_estimate":1782390968.9862,"standard_error":213888121.1121583}}