{"mean":{"confidence_interval":{"confidence_level":0.95,"lower_bound":-0.0470004540559252,"upper_bound":0.039417605823686044},"point_estimate":-0.005360805638757737,"standard_error":0.022118603909114798},"median":{"confidence_interval":{"confidence_level":0.95,"lower_bound":-0.06791819523171116,"upper_bound":0.0630894491072227},"point_estimate":-0.015111932256944627,"standard_error":0.03238001574426995}}