{"mean":{"confidence_interval":{"confidence_level":0.95,"lower_bound":479612605.95,"upper_bound":512305435.4},"point_estimate":497039537.45,"standard_error":8384061.097236733},"median":{"confidence_interval":{"confidence_level":0.95,"lower_bound":481210498.0,"upper_bound":518615688.25},"point_estimate":500686168.25,"standard_error":8978731.976018533},"median_abs_dev":{"confidence_interval":{"confidence_level":0.95,"lower_bound":6085794.163155556,"upper_bound":44093902.40582675},"point_estimate":24344933.533591032,"standard_error":9886846.14752992},"slope":null,"std_dev":{"confidence_interval":{"confidence_level":0.95,"lower_bound":12868065.731188333,"upper_bound":37421371.16002673},"point_estimate":27921994.888207655,"standard_error":6722459.1755789835}}