{"mean":{"confidence_interval":{"confidence_level":0.95,"lower_bound":1334748459.505,"upper_bound":1384540598.6},"point_estimate":1360046337.7,"standard_error":12752272.866556546},"median":{"confidence_interval":{"confidence_level":0.95,"lower_bound":1326310164.5,"upper_bound":1388705256.0},"point_estimate":1358975286.0,"standard_error":15770954.58410739},"median_abs_dev":{"confidence_interval":{"confidence_level":0.95,"lower_bound":3575340.244925022,"upper_bound":70286442.01906621},"point_estimate":42289982.617002726,"standard_error":18654804.098938532},"slope":null,"std_dev":{"confidence_interval":{"confidence_level":0.95,"lower_bound":20142952.69463713,"upper_bound":54776271.795832366},"point_estimate":42400075.29502792,"standard_error":8494060.44164255}}