{"mean":{"confidence_interval":{"confidence_level":0.95,"lower_bound":495085577.89875,"upper_bound":516557671.7},"point_estimate":506221241.1,"standard_error":5519079.893513123},"median":{"confidence_interval":{"confidence_level":0.95,"lower_bound":493288174.5,"upper_bound":521440793.25},"point_estimate":508674294.75,"standard_error":8360127.302843356},"median_abs_dev":{"confidence_interval":{"confidence_level":0.95,"lower_bound":4426141.359320283,"upper_bound":30952632.910130918},"point_estimate":19864546.435783803,"standard_error":6762843.805929926},"slope":null,"std_dev":{"confidence_interval":{"confidence_level":0.95,"lower_bound":10319409.793985335,"upper_bound":23377570.818082854},"point_estimate":18358417.61368344,"standard_error":3462639.3000891125}}