{"mean":{"confidence_interval":{"confidence_level":0.95,"lower_bound":4533589677.9,"upper_bound":5054726567.625},"point_estimate":4796597556.8,"standard_error":133932397.83197528},"median":{"confidence_interval":{"confidence_level":0.95,"lower_bound":4355906908.5,"upper_bound":5218717295.5},"point_estimate":4856953526.5,"standard_error":324589375.8829987},"median_abs_dev":{"confidence_interval":{"confidence_level":0.95,"lower_bound":6632488.818749785,"upper_bound":661967439.5831287},"point_estimate":604957550.6008565,"standard_error":207130645.20289376},"slope":null,"std_dev":{"confidence_interval":{"confidence_level":0.95,"lower_bound":317380507.8935424,"upper_bound":477564182.38870865},"point_estimate":447068255.34950006,"standard_error":42522006.020070836}}