{"mean":{"confidence_interval":{"confidence_level":0.95,"lower_bound":-0.03988191098078884,"upper_bound":0.013990280758047473},"point_estimate":-0.012591062851313395,"standard_error":0.013812669010044772},"median":{"confidence_interval":{"confidence_level":0.95,"lower_bound":-0.039698473880746196,"upper_bound":0.028892878216362883},"point_estimate":-0.013768620272040732,"standard_error":0.016770064745047285}}