{"mean":{"confidence_interval":{"confidence_level":0.95,"lower_bound":361568680.9,"upper_bound":378713569.1},"point_estimate":370080555.0,"standard_error":4413160.484239311},"median":{"confidence_interval":{"confidence_level":0.95,"lower_bound":356045626.25,"upper_bound":383158577.5},"point_estimate":369882147.25,"standard_error":10439962.595056826},"median_abs_dev":{"confidence_interval":{"confidence_level":0.95,"lower_bound":842634.2124402523,"upper_bound":21382307.009138167},"point_estimate":20092708.564183116,"standard_error":6874741.404291809},"slope":null,"std_dev":{"confidence_interval":{"confidence_level":0.95,"lower_bound":10385310.538935944,"upper_bound":16110860.699341904},"point_estimate":14698394.501756089,"standard_error":1478687.3974318926}}