{"mean":{"confidence_interval":{"confidence_level":0.95,"lower_bound":1208105599.83,"upper_bound":1262741706.4075},"point_estimate":1234375615.7,"standard_error":14043187.101816569},"median":{"confidence_interval":{"confidence_level":0.95,"lower_bound":1201429554.5,"upper_bound":1279212265.0},"point_estimate":1223071095.5,"standard_error":16955643.798058763},"median_abs_dev":{"confidence_interval":{"confidence_level":0.95,"lower_bound":5234038.995677233,"upper_bound":80386722.53935039},"point_estimate":35441579.05758619,"standard_error":21664394.88269458},"slope":null,"std_dev":{"confidence_interval":{"confidence_level":0.95,"lower_bound":23087377.91739465,"upper_bound":59665940.1945846},"point_estimate":46763371.78070279,"standard_error":9212258.344483396}}