{"mean":{"confidence_interval":{"confidence_level":0.95,"lower_bound":468907037.02500004,"upper_bound":480523171.05},"point_estimate":474954154.35,"standard_error":2963237.027772024},"median":{"confidence_interval":{"confidence_level":0.95,"lower_bound":469833264.75,"upper_bound":482634466.0},"point_estimate":475258337.5,"standard_error":2689751.871559573},"median_abs_dev":{"confidence_interval":{"confidence_level":0.95,"lower_bound":762813.2537573576,"upper_bound":16251332.433231175},"point_estimate":7619320.333980024,"standard_error":4033108.9717016593},"slope":null,"std_dev":{"confidence_interval":{"confidence_level":0.95,"lower_bound":4201988.828743412,"upper_bound":13550578.974458292},"point_estimate":9877857.615923187,"standard_error":2448063.3075720654}}