{"mean":{"confidence_interval":{"confidence_level":0.95,"lower_bound":3154344028.2675004,"upper_bound":3563629413.8475},"point_estimate":3376326733.1,"standard_error":105513519.08502717},"median":{"confidence_interval":{"confidence_level":0.95,"lower_bound":3205599680.0,"upper_bound":3601242512.5},"point_estimate":3434426294.0,"standard_error":84590635.7717145},"median_abs_dev":{"confidence_interval":{"confidence_level":0.95,"lower_bound":45676008.188688755,"upper_bound":552787354.2254627},"point_estimate":184717333.83681178,"standard_error":130060755.92662822},"slope":null,"std_dev":{"confidence_interval":{"confidence_level":0.95,"lower_bound":132323205.22729668,"upper_bound":482281219.3776254},"point_estimate":351078128.84081393,"standard_error":96011110.56739451}}