{"mean":{"confidence_interval":{"confidence_level":0.95,"lower_bound":1178360770.1,"upper_bound":1202548419.3374999},"point_estimate":1188787368.8,"standard_error":6247778.845800471},"median":{"confidence_interval":{"confidence_level":0.95,"lower_bound":1176904047.5,"upper_bound":1202135119.5},"point_estimate":1181387729.5,"standard_error":5257922.397296204},"median_abs_dev":{"confidence_interval":{"confidence_level":0.95,"lower_bound":558839.3732786179,"upper_bound":29110697.034081817},"point_estimate":6258693.489485979,"standard_error":5517414.533111691},"slope":null,"std_dev":{"confidence_interval":{"confidence_level":0.95,"lower_bound":2860510.755018026,"upper_bound":26906922.740962185},"point_estimate":20771489.261294123,"standard_error":6505322.454530275}}