{"mean":{"confidence_interval":{"confidence_level":0.95,"lower_bound":4778132627.1,"upper_bound":4900267877.0},"point_estimate":4844495830.9,"standard_error":31492964.681989882},"median":{"confidence_interval":{"confidence_level":0.95,"lower_bound":4779596644.0,"upper_bound":4907991514.5},"point_estimate":4880303755.5,"standard_error":32859977.03993581},"median_abs_dev":{"confidence_interval":{"confidence_level":0.95,"lower_bound":6899648.886206746,"upper_bound":163535161.14487052},"point_estimate":59094359.3108654,"standard_error":40225033.48411629},"slope":null,"std_dev":{"confidence_interval":{"confidence_level":0.95,"lower_bound":42542283.42401793,"upper_bound":144184484.30635655},"point_estimate":105211429.26587242,"standard_error":28045230.059975185}}