{"mean":{"confidence_interval":{"confidence_level":0.95,"lower_bound":265431409.0,"upper_bound":270057009.2525},"point_estimate":267717541.25,"standard_error":1186378.6323008032},"median":{"confidence_interval":{"confidence_level":0.95,"lower_bound":263359506.5,"upper_bound":270465350.0},"point_estimate":268344493.25,"standard_error":1702171.3584853194},"median_abs_dev":{"confidence_interval":{"confidence_level":0.95,"lower_bound":865465.8813849092,"upper_bound":7509347.368982434},"point_estimate":3181490.897767246,"standard_error":1728545.826918807},"slope":null,"std_dev":{"confidence_interval":{"confidence_level":0.95,"lower_bound":2263258.2740429845,"upper_bound":5072319.254803949},"point_estimate":3963446.947061346,"standard_error":733242.7228182093}}