{"mean":{"confidence_interval":{"confidence_level":0.95,"lower_bound":-0.006389783613203872,"upper_bound":0.0048486281176155915},"point_estimate":-0.000887952485660537,"standard_error":0.0028708415560358995},"median":{"confidence_interval":{"confidence_level":0.95,"lower_bound":-0.008066207067484954,"upper_bound":0.005093618307826064},"point_estimate":-0.001025229548935691,"standard_error":0.003253634094996112}}