{"mean":{"confidence_interval":{"confidence_level":0.95,"lower_bound":52772677.90833334,"upper_bound":54625186.39441666},"point_estimate":53704795.33166666,"standard_error":475387.25025363296},"median":{"confidence_interval":{"confidence_level":0.95,"lower_bound":52085286.5,"upper_bound":55044621.425},"point_estimate":53804316.875,"standard_error":762588.8736562749},"median_abs_dev":{"confidence_interval":{"confidence_level":0.95,"lower_bound":470587.9187203925,"upper_bound":2674238.343472777},"point_estimate":2090229.9206160028,"standard_error":576616.0530223416},"slope":{"confidence_interval":{"confidence_level":0.95,"lower_bound":52501963.59313726,"upper_bound":54642204.74579832},"point_estimate":53609343.96363636,"standard_error":551720.9008240489},"std_dev":{"confidence_interval":{"confidence_level":0.95,"lower_bound":981396.653764277,"upper_bound":1916269.0743885709},"point_estimate":1590399.4019699802,"standard_error":237176.59283716645}}