{"mean":{"confidence_interval":{"confidence_level":0.95,"lower_bound":608426652.3625,"upper_bound":627654619.6},"point_estimate":618523385.3,"standard_error":4922239.65002633},"median":{"confidence_interval":{"confidence_level":0.95,"lower_bound":602496470.5,"upper_bound":632357661.0},"point_estimate":623109857.5,"standard_error":7989965.848396429},"median_abs_dev":{"confidence_interval":{"confidence_level":0.95,"lower_bound":2159187.4368667603,"upper_bound":29342442.977267504},"point_estimate":15525328.05967033,"standard_error":8276773.28378143},"slope":null,"std_dev":{"confidence_interval":{"confidence_level":0.95,"lower_bound":8402398.96590676,"upper_bound":19878908.813124824},"point_estimate":16407668.087978952,"standard_error":2981021.8081792872}}