{"mean":{"confidence_interval":{"confidence_level":0.95,"lower_bound":467065034.48125,"upper_bound":474378654.3625},"point_estimate":470659361.75,"standard_error":1879114.2562977963},"median":{"confidence_interval":{"confidence_level":0.95,"lower_bound":465633957.75,"upper_bound":477581503.0},"point_estimate":467673157.5,"standard_error":4067235.6212640638},"median_abs_dev":{"confidence_interval":{"confidence_level":0.95,"lower_bound":456357.61529803276,"upper_bound":8920877.059672773},"point_estimate":5251763.849012554,"standard_error":2614705.436119475},"slope":null,"std_dev":{"confidence_interval":{"confidence_level":0.95,"lower_bound":3986104.5768479505,"upper_bound":6929713.150742861},"point_estimate":6252742.74508777,"standard_error":739083.3372887787}}