{"mean":{"confidence_interval":{"confidence_level":0.95,"lower_bound":311992021.6,"upper_bound":349829641.54875},"point_estimate":330093333.2,"standard_error":9518291.871422749},"median":{"confidence_interval":{"confidence_level":0.95,"lower_bound":312556547.25,"upper_bound":370987288.0},"point_estimate":319828326.0,"standard_error":13942861.046507014},"median_abs_dev":{"confidence_interval":{"confidence_level":0.95,"lower_bound":2238810.0978031754,"upper_bound":58527863.05002272},"point_estimate":10850025.767223537,"standard_error":16303055.103180889},"slope":null,"std_dev":{"confidence_interval":{"confidence_level":0.95,"lower_bound":16918970.596866097,"upper_bound":39417275.71964464},"point_estimate":31741944.78481042,"standard_error":5718982.339538242}}