{"mean":{"confidence_interval":{"confidence_level":0.95,"lower_bound":45654619.399083324,"upper_bound":46589719.51083333},"point_estimate":46064184.18327381,"standard_error":242537.87655372967},"median":{"confidence_interval":{"confidence_level":0.95,"lower_bound":45597361.672619045,"upper_bound":46285583.525},"point_estimate":45868529.3125,"standard_error":158259.88460281596},"median_abs_dev":{"confidence_interval":{"confidence_level":0.95,"lower_bound":21633.86715967208,"upper_bound":1017747.6350388665},"point_estimate":313516.65982771665,"standard_error":267656.422379463},"slope":{"confidence_interval":{"confidence_level":0.95,"lower_bound":45659038.42588126,"upper_bound":46334168.3019802},"point_estimate":45982939.52727272,"standard_error":186569.12368834295},"std_dev":{"confidence_interval":{"confidence_level":0.95,"lower_bound":252537.14857181377,"upper_bound":1158548.6589367243},"point_estimate":809197.9004399808,"standard_error":268292.44879462733}}