{"mean":{"confidence_interval":{"confidence_level":0.95,"lower_bound":12851646367.63,"upper_bound":14690218308.5},"point_estimate":13695487857.1,"standard_error":480586708.9085882},"median":{"confidence_interval":{"confidence_level":0.95,"lower_bound":12501759180.0,"upper_bound":15970205251.0},"point_estimate":12732161365.5,"standard_error":882503994.0375586},"median_abs_dev":{"confidence_interval":{"confidence_level":0.95,"lower_bound":2115475.2005428076,"upper_bound":2263088726.500744},"point_estimate":343709749.35833216,"standard_error":680720329.6808212},"slope":null,"std_dev":{"confidence_interval":{"confidence_level":0.95,"lower_bound":486434894.4768647,"upper_bound":1793308121.074079},"point_estimate":1606893524.372559,"standard_error":285313042.4923639}}