{"mean":{"confidence_interval":{"confidence_level":0.95,"lower_bound":181493646.7,"upper_bound":223444926.9066667},"point_estimate":204426782.3333333,"standard_error":10760578.480504625},"median":{"confidence_interval":{"confidence_level":0.95,"lower_bound":189087605.0,"upper_bound":233300858.0},"point_estimate":209043138.6666667,"standard_error":12372813.857389005},"median_abs_dev":{"confidence_interval":{"confidence_level":0.95,"lower_bound":1405294.9871509825,"upper_bound":55622951.05379525},"point_estimate":29861981.590443872,"standard_error":12427762.878765354},"slope":null,"std_dev":{"confidence_interval":{"confidence_level":0.95,"lower_bound":15935615.739566864,"upper_bound":49747615.4010185},"point_estimate":35823643.528489135,"standard_error":10032197.90024484}}