{"mean":{"confidence_interval":{"confidence_level":0.95,"lower_bound":0.28854097470136375,"upper_bound":0.7204702329996715},"point_estimate":0.5032624143107567,"standard_error":0.10959259302531014},"median":{"confidence_interval":{"confidence_level":0.95,"lower_bound":0.17849350899255012,"upper_bound":0.9474276749479611},"point_estimate":0.5405183524286483,"standard_error":0.20505123974258394}}