{"mean":{"confidence_interval":{"confidence_level":0.95,"lower_bound":3600191774.6,"upper_bound":3975226243.14},"point_estimate":3791068523.8,"standard_error":95813612.7802465},"median":{"confidence_interval":{"confidence_level":0.95,"lower_bound":3434493766.5,"upper_bound":4045538422.5},"point_estimate":4003569019.0,"standard_error":209137056.6128817},"median_abs_dev":{"confidence_interval":{"confidence_level":0.95,"lower_bound":4622083.995741606,"upper_bound":502628802.86795497},"point_estimate":129613361.22050285,"standard_error":150741760.18758693},"slope":null,"std_dev":{"confidence_interval":{"confidence_level":0.95,"lower_bound":194121814.68238255,"upper_bound":344270226.3202678},"point_estimate":318512093.53893507,"standard_error":38997655.877158}}