{"mean":{"confidence_interval":{"confidence_level":0.95,"lower_bound":20059567.679398812,"upper_bound":20200881.1985},"point_estimate":20132396.005261905,"standard_error":36267.986078975344},"median":{"confidence_interval":{"confidence_level":0.95,"lower_bound":20022702.790476188,"upper_bound":20213610.81666667},"point_estimate":20172478.99666667,"standard_error":52800.86415679237},"median_abs_dev":{"confidence_interval":{"confidence_level":0.95,"lower_bound":22625.83959031094,"upper_bound":201420.58139806558},"point_estimate":124846.23496353829,"standard_error":51483.695808948665},"slope":{"confidence_interval":{"confidence_level":0.95,"lower_bound":20056252.309333332,"upper_bound":20180566.917570096},"point_estimate":20114330.865454547,"standard_error":31612.22795232569},"std_dev":{"confidence_interval":{"confidence_level":0.95,"lower_bound":63986.61430171366,"upper_bound":151340.8323431377},"point_estimate":120542.64487710972,"standard_error":21796.43592839388}}