{"mean":{"confidence_interval":{"confidence_level":0.95,"lower_bound":4441600542.7625,"upper_bound":4536024659.255},"point_estimate":4491550553.7,"standard_error":24224654.917906407},"median":{"confidence_interval":{"confidence_level":0.95,"lower_bound":4443213658.0,"upper_bound":4558114937.5},"point_estimate":4494280345.0,"standard_error":28508381.145827815},"median_abs_dev":{"confidence_interval":{"confidence_level":0.95,"lower_bound":11683259.925180674,"upper_bound":134896255.59181273},"point_estimate":78448844.2831546,"standard_error":29200310.981644597},"slope":null,"std_dev":{"confidence_interval":{"confidence_level":0.95,"lower_bound":40511771.00511897,"upper_bound":106498903.54010169},"point_estimate":80436946.44500065,"standard_error":17904236.85033341}}