{"mean":{"confidence_interval":{"confidence_level":0.95,"lower_bound":209619231.05624998,"upper_bound":240244369.41875},"point_estimate":222990540.3,"standard_error":7790258.686592457},"median":{"confidence_interval":{"confidence_level":0.95,"lower_bound":207553508.5,"upper_bound":242031771.25},"point_estimate":210188206.75,"standard_error":7921468.1893035155},"median_abs_dev":{"confidence_interval":{"confidence_level":0.95,"lower_bound":781569.6260243654,"upper_bound":35457524.42030311},"point_estimate":4442841.736073792,"standard_error":7374058.178963948},"slope":null,"std_dev":{"confidence_interval":{"confidence_level":0.95,"lower_bound":2701815.504383278,"upper_bound":32394121.236580316},"point_estimate":25915120.917267323,"standard_error":7619494.420614379}}