{"mean":{"confidence_interval":{"confidence_level":0.95,"lower_bound":1578248964.425,"upper_bound":1709794431.7},"point_estimate":1644840374.5,"standard_error":33671165.339032814},"median":{"confidence_interval":{"confidence_level":0.95,"lower_bound":1546768894.0,"upper_bound":1741734944.5},"point_estimate":1658060015.5,"standard_error":58554206.97507821},"median_abs_dev":{"confidence_interval":{"confidence_level":0.95,"lower_bound":34588551.819330454,"upper_bound":183973577.1818161},"point_estimate":142582386.69905663,"standard_error":38797782.77857409},"slope":null,"std_dev":{"confidence_interval":{"confidence_level":0.95,"lower_bound":70631080.53164893,"upper_bound":133779677.7409375},"point_estimate":112034205.84968963,"standard_error":16101586.079298476}}