{"mean":{"confidence_interval":{"confidence_level":0.95,"lower_bound":-0.10132051347296492,"upper_bound":0.004613246342475811},"point_estimate":-0.04913726510696237,"standard_error":0.027093653151201547},"median":{"confidence_interval":{"confidence_level":0.95,"lower_bound":-0.13636424348384912,"upper_bound":0.009273044676268105},"point_estimate":-0.07781210076706391,"standard_error":0.046426684271954344}}