{"mean":{"confidence_interval":{"confidence_level":0.95,"lower_bound":14969369.436734695,"upper_bound":15284924.872743195},"point_estimate":15121812.124710882,"standard_error":80633.59138619434},"median":{"confidence_interval":{"confidence_level":0.95,"lower_bound":14908570.857142856,"upper_bound":15271041.61904762},"point_estimate":15133299.907142857,"standard_error":100590.17451863835},"median_abs_dev":{"confidence_interval":{"confidence_level":0.95,"lower_bound":50162.61088264899,"upper_bound":462440.4758900413},"point_estimate":284716.12060777936,"standard_error":99432.04695276199},"slope":{"confidence_interval":{"confidence_level":0.95,"lower_bound":14961664.188725151,"upper_bound":15202863.964809114},"point_estimate":15062705.631168831,"standard_error":61464.43313466051},"std_dev":{"confidence_interval":{"confidence_level":0.95,"lower_bound":135902.60464339997,"upper_bound":356198.9921169795},"point_estimate":267948.211294762,"standard_error":58471.894812201965}}