{"mean":{"confidence_interval":{"confidence_level":0.95,"lower_bound":314115744.38375,"upper_bound":352523312.01},"point_estimate":333293520.25,"standard_error":9985585.00977886},"median":{"confidence_interval":{"confidence_level":0.95,"lower_bound":307830783.25,"upper_bound":374721738.5},"point_estimate":325905289.5,"standard_error":13496300.215984462},"median_abs_dev":{"confidence_interval":{"confidence_level":0.95,"lower_bound":1167768.7573179603,"upper_bound":59930512.33752072},"point_estimate":27066680.557720363,"standard_error":20501540.400741853},"slope":null,"std_dev":{"confidence_interval":{"confidence_level":0.95,"lower_bound":18406836.295510862,"upper_bound":40634632.173212856},"point_estimate":33195881.522440717,"standard_error":5561642.93689361}}