{"mean":{"confidence_interval":{"confidence_level":0.95,"lower_bound":386336223.4,"upper_bound":409054912.7725},"point_estimate":395831982.1,"standard_error":5967711.264298077},"median":{"confidence_interval":{"confidence_level":0.95,"lower_bound":384147335.0,"upper_bound":405454341.5},"point_estimate":387735818.0,"standard_error":5298148.450752031},"median_abs_dev":{"confidence_interval":{"confidence_level":0.95,"lower_bound":1609791.4841204882,"upper_bound":24250037.869025767},"point_estimate":6004437.601549923,"standard_error":5548179.773806312},"slope":null,"std_dev":{"confidence_interval":{"confidence_level":0.95,"lower_bound":3800724.1783780144,"upper_bound":29046062.101049297},"point_estimate":19879129.002870657,"standard_error":7180896.662040751}}