{"mean":{"confidence_interval":{"confidence_level":0.95,"lower_bound":15448686810.275,"upper_bound":17646863002.0},"point_estimate":16416035499.7,"standard_error":551579841.4059335},"median":{"confidence_interval":{"confidence_level":0.95,"lower_bound":15414763252.0,"upper_bound":17663855999.5},"point_estimate":15451396375.5,"standard_error":554033983.5546228},"median_abs_dev":{"confidence_interval":{"confidence_level":0.95,"lower_bound":12593118.18562746,"upper_bound":2567571477.3293943},"point_estimate":58011861.179083586,"standard_error":548616441.0749798},"slope":null,"std_dev":{"confidence_interval":{"confidence_level":0.95,"lower_bound":35828632.998381935,"upper_bound":2287998584.263052},"point_estimate":1837651237.2541068,"standard_error":557153361.9202604}}