{"mean":{"confidence_interval":{"confidence_level":0.95,"lower_bound":771637816.6500001,"upper_bound":782262063.5400001},"point_estimate":776946803.3,"standard_error":2724220.667716244},"median":{"confidence_interval":{"confidence_level":0.95,"lower_bound":768883560.0,"upper_bound":784087791.0},"point_estimate":777531680.0,"standard_error":5428239.996621815},"median_abs_dev":{"confidence_interval":{"confidence_level":0.95,"lower_bound":920302.4359613657,"upper_bound":13339036.471384764},"point_estimate":11184445.835736394,"standard_error":3823610.6909435196},"slope":null,"std_dev":{"confidence_interval":{"confidence_level":0.95,"lower_bound":6056179.905618833,"upper_bound":10843463.069116388},"point_estimate":9095626.514042499,"standard_error":1251151.0976246458}}