{"mean":{"confidence_interval":{"confidence_level":0.95,"lower_bound":-0.022695318196091913,"upper_bound":-0.01080274190653901},"point_estimate":-0.016580255220566054,"standard_error":0.0030405675636414444},"median":{"confidence_interval":{"confidence_level":0.95,"lower_bound":-0.024964235426376602,"upper_bound":-0.009374590343005584},"point_estimate":-0.01765117206584388,"standard_error":0.003951038335173036}}