{"mean":{"confidence_interval":{"confidence_level":0.95,"lower_bound":487513474.0125,"upper_bound":494172326.61375},"point_estimate":490638973.0,"standard_error":1698872.2585802511},"median":{"confidence_interval":{"confidence_level":0.95,"lower_bound":486799161.0,"upper_bound":493397090.5},"point_estimate":490027088.5,"standard_error":1770221.4016704352},"median_abs_dev":{"confidence_interval":{"confidence_level":0.95,"lower_bound":432675.3046184778,"upper_bound":8773005.132848024},"point_estimate":3969635.113374889,"standard_error":1987551.6031882179},"slope":null,"std_dev":{"confidence_interval":{"confidence_level":0.95,"lower_bound":2424691.6479080953,"upper_bound":7818385.884997655},"point_estimate":5669190.07491657,"standard_error":1475570.3679890814}}