{"mean":{"confidence_interval":{"confidence_level":0.95,"lower_bound":489578726.0,"upper_bound":528018875.67875},"point_estimate":509457802.35,"standard_error":9836856.821405247},"median":{"confidence_interval":{"confidence_level":0.95,"lower_bound":486916459.5,"upper_bound":537778319.25},"point_estimate":512396205.75,"standard_error":13085076.40563214},"median_abs_dev":{"confidence_interval":{"confidence_level":0.95,"lower_bound":9178966.951140761,"upper_bound":56578393.82723272},"point_estimate":33741426.81156993,"standard_error":11661419.428605815},"slope":null,"std_dev":{"confidence_interval":{"confidence_level":0.95,"lower_bound":17879503.746147495,"upper_bound":41772158.89534111},"point_estimate":32792857.005395085,"standard_error":6173295.840510466}}