{"mean":{"confidence_interval":{"confidence_level":0.95,"lower_bound":12408770573.320002,"upper_bound":14447377170.17},"point_estimate":13417288376.6,"standard_error":495370983.68658674},"median":{"confidence_interval":{"confidence_level":0.95,"lower_bound":12360302003.0,"upper_bound":15780618381.0},"point_estimate":12425364311.5,"standard_error":851101765.7862442},"median_abs_dev":{"confidence_interval":{"confidence_level":0.95,"lower_bound":18464390.51079154,"upper_bound":2543754237.4501348},"point_estimate":100725609.41616297,"standard_error":741761429.6989591},"slope":null,"std_dev":{"confidence_interval":{"confidence_level":0.95,"lower_bound":54725781.08976617,"upper_bound":1814090251.1782963},"point_estimate":1653700613.574581,"standard_error":335015221.04088205}}