{"mean":{"confidence_interval":{"confidence_level":0.95,"lower_bound":-0.007747200213608209,"upper_bound":0.0007419802177485461},"point_estimate":-0.003214368360600295,"standard_error":0.0021764871335708627},"median":{"confidence_interval":{"confidence_level":0.95,"lower_bound":-0.010302608997577622,"upper_bound":0.0033476391807925054},"point_estimate":-0.0014949927584224643,"standard_error":0.0035666075900628925}}