{"mean":{"confidence_interval":{"confidence_level":0.95,"lower_bound":1222649982.7350001,"upper_bound":1683467945.21},"point_estimate":1433698100.5,"standard_error":119417447.9361507},"median":{"confidence_interval":{"confidence_level":0.95,"lower_bound":1159979639.5,"upper_bound":1884224119.0},"point_estimate":1177076724.0,"standard_error":197154901.5513181},"median_abs_dev":{"confidence_interval":{"confidence_level":0.95,"lower_bound":2920779.0282458067,"upper_bound":637195458.6944193},"point_estimate":41800148.63559902,"standard_error":178178570.78484845},"slope":null,"std_dev":{"confidence_interval":{"confidence_level":0.95,"lower_bound":98572676.42026918,"upper_bound":457866018.0461112},"point_estimate":397436585.4120043,"standard_error":76966643.84610885}}