{"mean":{"confidence_interval":{"confidence_level":0.95,"lower_bound":6756700487.72,"upper_bound":7682168243.997499},"point_estimate":7220517671.5,"standard_error":235079425.82109967},"median":{"confidence_interval":{"confidence_level":0.95,"lower_bound":6476984054.0,"upper_bound":8030371800.0},"point_estimate":7262252797.0,"standard_error":575514657.5280771},"median_abs_dev":{"confidence_interval":{"confidence_level":0.95,"lower_bound":4268155.5061250925,"upper_bound":1153368092.5333233},"point_estimate":1140654990.497026,"standard_error":387018579.02825797},"slope":null,"std_dev":{"confidence_interval":{"confidence_level":0.95,"lower_bound":559323822.5771306,"upper_bound":840686753.1125791},"point_estimate":784921401.0840875,"standard_error":73931471.15328363}}