{"mean":{"confidence_interval":{"confidence_level":0.95,"lower_bound":16812927728.5,"upper_bound":19152131319.8925},"point_estimate":18015436283.5,"standard_error":604114159.9760063},"median":{"confidence_interval":{"confidence_level":0.95,"lower_bound":15633941248.0,"upper_bound":19912825477.0},"point_estimate":18727203658.5,"standard_error":1274621727.0178232},"median_abs_dev":{"confidence_interval":{"confidence_level":0.95,"lower_bound":27048179.56329882,"upper_bound":3235539537.1897907},"point_estimate":1784851056.4641595,"standard_error":948164918.0622743},"slope":null,"std_dev":{"confidence_interval":{"confidence_level":0.95,"lower_bound":1333190260.4906938,"upper_bound":2235284337.455905},"point_estimate":2012531257.7234478,"standard_error":248315201.87626752}}