{"mean":{"confidence_interval":{"confidence_level":0.95,"lower_bound":12815172.443095239,"upper_bound":13028695.380208332},"point_estimate":12912201.195907738,"standard_error":54788.74078448317},"median":{"confidence_interval":{"confidence_level":0.95,"lower_bound":12774639.583333332,"upper_bound":13017680.481770832},"point_estimate":12846016.816666666,"standard_error":83416.14089466992},"median_abs_dev":{"confidence_interval":{"confidence_level":0.95,"lower_bound":2794.9634941303993,"upper_bound":318957.28977081313},"point_estimate":126122.51129462772,"standard_error":87538.1122627624},"slope":{"confidence_interval":{"confidence_level":0.95,"lower_bound":12816921.587287396,"upper_bound":12991104.903707378},"point_estimate":12915989.58051948,"standard_error":43837.12940549111},"std_dev":{"confidence_interval":{"confidence_level":0.95,"lower_bound":86780.1845370709,"upper_bound":247749.19495965404},"point_estimate":182340.8059020038,"standard_error":46079.25506351717}}