{"mean":{"confidence_interval":{"confidence_level":0.95,"lower_bound":16728120.387182541,"upper_bound":16787121.947035715},"point_estimate":16755850.201190475,"standard_error":15131.432365968216},"median":{"confidence_interval":{"confidence_level":0.95,"lower_bound":16731298.177777778,"upper_bound":16792097.75},"point_estimate":16740752.992063493,"standard_error":15773.073496418347},"median_abs_dev":{"confidence_interval":{"confidence_level":0.95,"lower_bound":2372.835364541584,"upper_bound":85921.40043958985},"point_estimate":21133.711028968908,"standard_error":22780.770376825287},"slope":{"confidence_interval":{"confidence_level":0.95,"lower_bound":16723043.625975475,"upper_bound":16744181.586691087},"point_estimate":16733472.641991341,"standard_error":5268.10637629573},"std_dev":{"confidence_interval":{"confidence_level":0.95,"lower_bound":19973.61250753739,"upper_bound":68969.79037101982},"point_estimate":50257.15591397661,"standard_error":12914.109670903972}}