{"mean":{"confidence_interval":{"confidence_level":0.95,"lower_bound":208382494.23333332,"upper_bound":270615439.0},"point_estimate":242744088.1666667,"standard_error":15964433.008162715},"median":{"confidence_interval":{"confidence_level":0.95,"lower_bound":196791987.5,"upper_bound":282877157.0},"point_estimate":254945134.5,"standard_error":18029691.501583025},"median_abs_dev":{"confidence_interval":{"confidence_level":0.95,"lower_bound":1192946.3936209825,"upper_bound":74574058.62664582},"point_estimate":39738148.345106855,"standard_error":18108470.907164644},"slope":null,"std_dev":{"confidence_interval":{"confidence_level":0.95,"lower_bound":15355893.807370145,"upper_bound":66571251.88113506},"point_estimate":53203516.15108999,"standard_error":13874245.112608455}}