{"mean":{"confidence_interval":{"confidence_level":0.95,"lower_bound":0.008764224207123607,"upper_bound":0.057202320404277245},"point_estimate":0.03484386419319874,"standard_error":0.012395198258415159},"median":{"confidence_interval":{"confidence_level":0.95,"lower_bound":0.003008720332717152,"upper_bound":0.06640489632853619},"point_estimate":0.0549688189173374,"standard_error":0.016661260234433088}}