{"mean":{"confidence_interval":{"confidence_level":0.95,"lower_bound":9057093927.0275,"upper_bound":9372896151.0},"point_estimate":9241453578.6,"standard_error":83253059.4705107},"median":{"confidence_interval":{"confidence_level":0.95,"lower_bound":9176005049.0,"upper_bound":9412654147.5},"point_estimate":9348747669.5,"standard_error":68381558.50119537},"median_abs_dev":{"confidence_interval":{"confidence_level":0.95,"lower_bound":11593641.204571724,"upper_bound":295783488.64323044},"point_estimate":100614093.43524277,"standard_error":76713347.15659976},"slope":null,"std_dev":{"confidence_interval":{"confidence_level":0.95,"lower_bound":61896459.66135743,"upper_bound":409096701.8785095},"point_estimate":278471732.64472026,"standard_error":103351506.83027266}}