{"mean":{"confidence_interval":{"confidence_level":0.95,"lower_bound":39662106.57592593,"upper_bound":40435415.513703704},"point_estimate":39969335.999497354,"standard_error":208835.8876607842},"median":{"confidence_interval":{"confidence_level":0.95,"lower_bound":39531513.61904762,"upper_bound":40006361.263888896},"point_estimate":39815979.611111104,"standard_error":137357.73250420435},"median_abs_dev":{"confidence_interval":{"confidence_level":0.95,"lower_bound":54159.88535847267,"upper_bound":576920.0241326237},"point_estimate":329954.8343143666,"standard_error":129628.88179303161},"slope":{"confidence_interval":{"confidence_level":0.95,"lower_bound":39639619.15639506,"upper_bound":39946262.61803438},"point_estimate":39799333.33246753,"standard_error":77641.9736721333},"std_dev":{"confidence_interval":{"confidence_level":0.95,"lower_bound":166159.76193031378,"upper_bound":1048866.0995225369},"point_estimate":692397.3851735705,"standard_error":294469.0827564322}}