{"mean":{"confidence_interval":{"confidence_level":0.95,"lower_bound":1887479231.7424998,"upper_bound":1950508576.7},"point_estimate":1920086652.6,"standard_error":16157908.996475434},"median":{"confidence_interval":{"confidence_level":0.95,"lower_bound":1867166179.0,"upper_bound":1964424226.0},"point_estimate":1933874951.5,"standard_error":24923788.478723064},"median_abs_dev":{"confidence_interval":{"confidence_level":0.95,"lower_bound":14952446.240741014,"upper_bound":88604776.41735077},"point_estimate":52419284.29047167,"standard_error":20320121.217457153},"slope":null,"std_dev":{"confidence_interval":{"confidence_level":0.95,"lower_bound":29896804.120287545,"upper_bound":64399600.95461032},"point_estimate":53855201.40363164,"standard_error":8503830.151315339}}