{"mean":{"confidence_interval":{"confidence_level":0.95,"lower_bound":41073964.0721412,"upper_bound":41912736.403703704},"point_estimate":41475346.35800264,"standard_error":214157.03947764484},"median":{"confidence_interval":{"confidence_level":0.95,"lower_bound":41095869.35714286,"upper_bound":41734651.333333336},"point_estimate":41469736.37037037,"standard_error":144933.78657463923},"median_abs_dev":{"confidence_interval":{"confidence_level":0.95,"lower_bound":51201.01352433486,"upper_bound":1125217.8669497743},"point_estimate":363291.97330028185,"standard_error":286014.6297030807},"slope":{"confidence_interval":{"confidence_level":0.95,"lower_bound":40821084.9224572,"upper_bound":41706161.045842834},"point_estimate":41299723.31861472,"standard_error":227699.26366209172},"std_dev":{"confidence_interval":{"confidence_level":0.95,"lower_bound":251541.77011724014,"upper_bound":1004199.2508599741},"point_estimate":716313.1316092324,"standard_error":192870.86371801843}}