{"mean":{"confidence_interval":{"confidence_level":0.95,"lower_bound":-0.022926403619400945,"upper_bound":-0.005885891847119884},"point_estimate":-0.014195426570418834,"standard_error":0.00435295791813371},"median":{"confidence_interval":{"confidence_level":0.95,"lower_bound":-0.02485124763365021,"upper_bound":-0.0020673261699525325},"point_estimate":-0.015022379664032193,"standard_error":0.006301311819981455}}