{"mean":{"confidence_interval":{"confidence_level":0.95,"lower_bound":316797715.0183333,"upper_bound":381196739.41583335},"point_estimate":352772024.8666667,"standard_error":16672442.854012042},"median":{"confidence_interval":{"confidence_level":0.95,"lower_bound":320079836.6666667,"upper_bound":386809868.1666667},"point_estimate":374501765.6666666,"standard_error":14331164.22628046},"median_abs_dev":{"confidence_interval":{"confidence_level":0.95,"lower_bound":3682087.6901298612,"upper_bound":75224688.23529482},"point_estimate":19389884.51766081,"standard_error":15563774.026820354},"slope":null,"std_dev":{"confidence_interval":{"confidence_level":0.95,"lower_bound":9544447.466563202,"upper_bound":73067577.46204092},"point_estimate":55778961.753040746,"standard_error":16826983.038098335}}