{"mean":{"confidence_interval":{"confidence_level":0.95,"lower_bound":0.07675999067204707,"upper_bound":0.48499338395756664},"point_estimate":0.28504481557084826,"standard_error":0.1111288952486564},"median":{"confidence_interval":{"confidence_level":0.95,"lower_bound":-0.10710165320886522,"upper_bound":0.5610884166348651},"point_estimate":0.5224173388384918,"standard_error":0.255119902984906}}