{"mean":{"confidence_interval":{"confidence_level":0.95,"lower_bound":817517617.4,"upper_bound":883829298.7},"point_estimate":851242929.9,"standard_error":16924696.52628946},"median":{"confidence_interval":{"confidence_level":0.95,"lower_bound":815555050.0,"upper_bound":894706236.0},"point_estimate":853757439.0,"standard_error":16835026.844262894},"median_abs_dev":{"confidence_interval":{"confidence_level":0.95,"lower_bound":2556770.3414082527,"upper_bound":103666148.53685796},"point_estimate":41516949.8016268,"standard_error":28804317.589459386},"slope":null,"std_dev":{"confidence_interval":{"confidence_level":0.95,"lower_bound":29695025.769298922,"upper_bound":72361312.21345194},"point_estimate":56493951.09354474,"standard_error":11083051.718231715}}