{"mean":{"confidence_interval":{"confidence_level":0.95,"lower_bound":1734959775.555,"upper_bound":1969760210.0849998},"point_estimate":1866926325.7,"standard_error":60564154.4433052},"median":{"confidence_interval":{"confidence_level":0.95,"lower_bound":1777699976.0,"upper_bound":2011491048.0},"point_estimate":1955435800.5,"standard_error":66175241.64190113},"median_abs_dev":{"confidence_interval":{"confidence_level":0.95,"lower_bound":15597518.0762887,"upper_bound":280839244.23820674},"point_estimate":95728355.72098196,"standard_error":71114426.46404587},"slope":null,"std_dev":{"confidence_interval":{"confidence_level":0.95,"lower_bound":68024531.01387809,"upper_bound":286454046.3461993},"point_estimate":202586021.05971968,"standard_error":63065055.43545038}}