{"mean":{"confidence_interval":{"confidence_level":0.95,"lower_bound":85621126.06041667,"upper_bound":86792464.44986111},"point_estimate":86262350.89152777,"standard_error":301123.72108866344},"median":{"confidence_interval":{"confidence_level":0.95,"lower_bound":85932580.1875,"upper_bound":86959581.95833334},"point_estimate":86343440.375,"standard_error":272964.074409306},"median_abs_dev":{"confidence_interval":{"confidence_level":0.95,"lower_bound":152000.12349312013,"upper_bound":1418464.737392217},"point_estimate":592774.5474490598,"standard_error":323265.86769646755},"slope":{"confidence_interval":{"confidence_level":0.95,"lower_bound":85469269.96179204,"upper_bound":86598221.36096275},"point_estimate":86181014.54155844,"standard_error":291771.242679004},"std_dev":{"confidence_interval":{"confidence_level":0.95,"lower_bound":366417.9917394974,"upper_bound":1419508.8392066364},"point_estimate":1001298.7233505591,"standard_error":298563.09162739466}}