{"mean":{"confidence_interval":{"confidence_level":0.95,"lower_bound":242657470.2391667,"upper_bound":246839700.5716667},"point_estimate":244699261.2666667,"standard_error":1072124.578190708},"median":{"confidence_interval":{"confidence_level":0.95,"lower_bound":241722984.1666667,"upper_bound":247704352.8333333},"point_estimate":244150913.8333333,"standard_error":1737340.576786024},"median_abs_dev":{"confidence_interval":{"confidence_level":0.95,"lower_bound":846598.9318698718,"upper_bound":5806529.902413458},"point_estimate":4153694.0932571813,"standard_error":1298759.4100248583},"slope":null,"std_dev":{"confidence_interval":{"confidence_level":0.95,"lower_bound":2131230.584289896,"upper_bound":4417814.446621496},"point_estimate":3572782.3230991834,"standard_error":589893.9198977294}}