{"mean":{"confidence_interval":{"confidence_level":0.95,"lower_bound":2203197700.5550003,"upper_bound":2290391463.8250003},"point_estimate":2242285444.0,"standard_error":22509283.45672478},"median":{"confidence_interval":{"confidence_level":0.95,"lower_bound":2193923058.5,"upper_bound":2281499461.0},"point_estimate":2218625823.5,"standard_error":17533508.260343887},"median_abs_dev":{"confidence_interval":{"confidence_level":0.95,"lower_bound":1153049.1341292858,"upper_bound":108348283.76193345},"point_estimate":41109312.64536381,"standard_error":28323241.79193744},"slope":null,"std_dev":{"confidence_interval":{"confidence_level":0.95,"lower_bound":25221864.505608927,"upper_bound":103596766.27596252},"point_estimate":74942096.84503682,"standard_error":21856978.774027664}}