{"mean":{"confidence_interval":{"confidence_level":0.95,"lower_bound":979519889.7275001,"upper_bound":1063369345.03},"point_estimate":1028911318.5,"standard_error":21498868.673668124},"median":{"confidence_interval":{"confidence_level":0.95,"lower_bound":982849708.0,"upper_bound":1064063625.0},"point_estimate":1061644180.0,"standard_error":17869970.033578556},"median_abs_dev":{"confidence_interval":{"confidence_level":0.95,"lower_bound":465844.0312296152,"upper_bound":114267968.16533804},"point_estimate":3139148.2131689787,"standard_error":18659477.065187145},"slope":null,"std_dev":{"confidence_interval":{"confidence_level":0.95,"lower_bound":2024757.2217660001,"upper_bound":91115484.53650436},"point_estimate":71737245.44344015,"standard_error":24411740.190725535}}