{"mean":{"confidence_interval":{"confidence_level":0.95,"lower_bound":1144405874.9775,"upper_bound":1503515666.7},"point_estimate":1329369349.6,"standard_error":91991986.61949573},"median":{"confidence_interval":{"confidence_level":0.95,"lower_bound":1041886227.0,"upper_bound":1600108376.0},"point_estimate":1404842960.5,"standard_error":130807001.33436608},"median_abs_dev":{"confidence_interval":{"confidence_level":0.95,"lower_bound":22812358.079999685,"upper_bound":499540575.29218197},"point_estimate":293785677.1170616,"standard_error":126287207.51781647},"slope":null,"std_dev":{"confidence_interval":{"confidence_level":0.95,"lower_bound":153830988.59590474,"upper_bound":372810759.998605},"point_estimate":308147793.46318877,"standard_error":52088505.037227154}}