{"mean":{"confidence_interval":{"confidence_level":0.95,"lower_bound":817660844.8525,"upper_bound":838138782.19},"point_estimate":827322682.5,"standard_error":5342140.995112497},"median":{"confidence_interval":{"confidence_level":0.95,"lower_bound":815889125.5,"upper_bound":840262577.0},"point_estimate":817391845.0,"standard_error":8591083.00521054},"median_abs_dev":{"confidence_interval":{"confidence_level":0.95,"lower_bound":788230.2064061165,"upper_bound":33943651.965379715},"point_estimate":9584286.803644896,"standard_error":9140777.44183209},"slope":null,"std_dev":{"confidence_interval":{"confidence_level":0.95,"lower_bound":8893064.321524939,"upper_bound":23166865.316414025},"point_estimate":17813932.139016435,"standard_error":3864326.210012118}}