{"mean":{"confidence_interval":{"confidence_level":0.95,"lower_bound":218708175.0,"upper_bound":224489168.66583332},"point_estimate":221594672.2666667,"standard_error":1483320.4219472655},"median":{"confidence_interval":{"confidence_level":0.95,"lower_bound":217079278.0,"upper_bound":227012804.0},"point_estimate":221548891.6666667,"standard_error":2556287.8930031997},"median_abs_dev":{"confidence_interval":{"confidence_level":0.95,"lower_bound":633265.891957283,"upper_bound":8177254.2093247175},"point_estimate":7363722.693067789,"standard_error":1887034.7990653818},"slope":null,"std_dev":{"confidence_interval":{"confidence_level":0.95,"lower_bound":3142421.129920563,"upper_bound":5854305.75208182},"point_estimate":4946894.170451404,"standard_error":688803.7275711389}}