{"mean":{"confidence_interval":{"confidence_level":0.95,"lower_bound":341239787.195,"upper_bound":441348458.12749964},"point_estimate":390364636.5,"standard_error":25660589.904691532},"median":{"confidence_interval":{"confidence_level":0.95,"lower_bound":304319947.5,"upper_bound":487454205.5},"point_estimate":355195545.5,"standard_error":54617478.30034859},"median_abs_dev":{"confidence_interval":{"confidence_level":0.95,"lower_bound":1818836.5978091955,"upper_bound":125291548.93873036},"point_estimate":76344964.86765593,"standard_error":35069400.03472904},"slope":null,"std_dev":{"confidence_interval":{"confidence_level":0.95,"lower_bound":55337177.2598938,"upper_bound":94327250.39421183},"point_estimate":85504259.87220952,"standard_error":10085316.678751945}}