{"mean":{"confidence_interval":{"confidence_level":0.95,"lower_bound":2419730047.6525,"upper_bound":2476945363.94},"point_estimate":2448926213.5,"standard_error":14649423.650893956},"median":{"confidence_interval":{"confidence_level":0.95,"lower_bound":2413554209.0,"upper_bound":2494068554.0},"point_estimate":2443574752.5,"standard_error":21081848.16028609},"median_abs_dev":{"confidence_interval":{"confidence_level":0.95,"lower_bound":12121169.549006224,"upper_bound":88387241.19491279},"point_estimate":58242080.044296384,"standard_error":19972800.126419794},"slope":null,"std_dev":{"confidence_interval":{"confidence_level":0.95,"lower_bound":27932062.0426301,"upper_bound":62105556.891929895},"point_estimate":48743711.70278307,"standard_error":8969853.705330454}}