{"mean":{"confidence_interval":{"confidence_level":0.95,"lower_bound":4601889110.557501,"upper_bound":4890489292.8},"point_estimate":4740466690.9,"standard_error":73779640.06691486},"median":{"confidence_interval":{"confidence_level":0.95,"lower_bound":4575629054.0,"upper_bound":4869382597.0},"point_estimate":4720163245.0,"standard_error":74240682.25388506},"median_abs_dev":{"confidence_interval":{"confidence_level":0.95,"lower_bound":44692634.46724713,"upper_bound":413193502.85604894},"point_estimate":167366311.413154,"standard_error":88452664.61697768},"slope":null,"std_dev":{"confidence_interval":{"confidence_level":0.95,"lower_bound":108283041.26801199,"upper_bound":333095955.77237874},"point_estimate":244668085.0471426,"standard_error":58244155.526370205}}