{"mean":{"confidence_interval":{"confidence_level":0.95,"lower_bound":1625022494.3,"upper_bound":1667750456.7},"point_estimate":1646204422.5,"standard_error":10865447.20115794},"median":{"confidence_interval":{"confidence_level":0.95,"lower_bound":1627878841.0,"upper_bound":1668058065.0},"point_estimate":1637931621.5,"standard_error":11619470.291436471},"median_abs_dev":{"confidence_interval":{"confidence_level":0.95,"lower_bound":2847076.7596542835,"upper_bound":62412599.67045486},"point_estimate":27677391.28562808,"standard_error":14749137.070393417},"slope":null,"std_dev":{"confidence_interval":{"confidence_level":0.95,"lower_bound":16215016.69629492,"upper_bound":49151215.784857646},"point_estimate":36462588.852932274,"standard_error":8639807.38274842}}