{"mean":{"confidence_interval":{"confidence_level":0.95,"lower_bound":8828091460.1,"upper_bound":9371633633.187498},"point_estimate":9101414496.9,"standard_error":139311528.7052788},"median":{"confidence_interval":{"confidence_level":0.95,"lower_bound":8729777191.5,"upper_bound":9402143262.0},"point_estimate":9182043210.5,"standard_error":172843422.81416205},"median_abs_dev":{"confidence_interval":{"confidence_level":0.95,"lower_bound":77171379.06573415,"upper_bound":868775538.973251},"point_estimate":342491957.3072523,"standard_error":204162111.63512146},"slope":null,"std_dev":{"confidence_interval":{"confidence_level":0.95,"lower_bound":250541445.978767,"upper_bound":599513550.8049858},"point_estimate":466576323.2443382,"standard_error":89300309.84136698}}