{"mean":{"confidence_interval":{"confidence_level":0.95,"lower_bound":4353472394.3,"upper_bound":4846886199.1},"point_estimate":4597089113.2,"standard_error":126063527.80344208},"median":{"confidence_interval":{"confidence_level":0.95,"lower_bound":4241175433.0,"upper_bound":5098696354.0},"point_estimate":4342371238.5,"standard_error":291711632.45185065},"median_abs_dev":{"confidence_interval":{"confidence_level":0.95,"lower_bound":4882986.008709669,"upper_bound":634572685.9673828},"point_estimate":156575149.68333542,"standard_error":210187857.30404577},"slope":null,"std_dev":{"confidence_interval":{"confidence_level":0.95,"lower_bound":263685453.7983567,"upper_bound":444907660.01048356},"point_estimate":419005525.8458619,"standard_error":49452715.26105873}}