{"mean":{"confidence_interval":{"confidence_level":0.95,"lower_bound":1022701160.7,"upper_bound":1045358053.79},"point_estimate":1034849841.9,"standard_error":5817149.837117573},"median":{"confidence_interval":{"confidence_level":0.95,"lower_bound":1023712353.5,"upper_bound":1048572537.5},"point_estimate":1041065841.5,"standard_error":6511758.515712687},"median_abs_dev":{"confidence_interval":{"confidence_level":0.95,"lower_bound":1290687.7852857113,"upper_bound":30132750.306236744},"point_estimate":20242601.64542198,"standard_error":8105350.379973739},"slope":null,"std_dev":{"confidence_interval":{"confidence_level":0.95,"lower_bound":8918137.09542789,"upper_bound":26292676.569466125},"point_estimate":19415841.449900717,"standard_error":4758012.933179259}}