{"mean":{"confidence_interval":{"confidence_level":0.95,"lower_bound":464448105.0625,"upper_bound":472881012.35},"point_estimate":468293174.35,"standard_error":2176016.5972725926},"median":{"confidence_interval":{"confidence_level":0.95,"lower_bound":462366120.0,"upper_bound":471996854.0},"point_estimate":466291998.25,"standard_error":2474786.762758016},"median_abs_dev":{"confidence_interval":{"confidence_level":0.95,"lower_bound":406495.1836332679,"upper_bound":10724012.553110719},"point_estimate":5845568.489420414,"standard_error":2794706.1446235823},"slope":null,"std_dev":{"confidence_interval":{"confidence_level":0.95,"lower_bound":2274227.276687051,"upper_bound":9605637.748577522},"point_estimate":7241923.324211432,"standard_error":1846764.5005867912}}