{"mean":{"confidence_interval":{"confidence_level":0.95,"lower_bound":1534209793.7775,"upper_bound":1576808609.2749999},"point_estimate":1556038793.7,"standard_error":10873016.98603466},"median":{"confidence_interval":{"confidence_level":0.95,"lower_bound":1537237533.0,"upper_bound":1588788185.0},"point_estimate":1544856197.5,"standard_error":17448820.8177061},"median_abs_dev":{"confidence_interval":{"confidence_level":0.95,"lower_bound":3293085.085836053,"upper_bound":72737568.95805001},"point_estimate":38422688.785260916,"standard_error":19229919.80909435},"slope":null,"std_dev":{"confidence_interval":{"confidence_level":0.95,"lower_bound":21170423.856701802,"upper_bound":47111736.4930742},"point_estimate":36292661.237921014,"standard_error":7086749.965984966}}