{"mean":{"confidence_interval":{"confidence_level":0.95,"lower_bound":343376.319706258,"upper_bound":346640.5414249225},"point_estimate":344876.39418627985,"standard_error":835.2081810266702},"median":{"confidence_interval":{"confidence_level":0.95,"lower_bound":342726.31819923373,"upper_bound":346397.88916256157},"point_estimate":344207.64208173694,"standard_error":1020.7868484559305},"median_abs_dev":{"confidence_interval":{"confidence_level":0.95,"lower_bound":444.61928243215726,"upper_bound":4420.289454857456},"point_estimate":2419.712505892057,"standard_error":946.034674472198},"slope":{"confidence_interval":{"confidence_level":0.95,"lower_bound":342499.19428435946,"upper_bound":345565.2520592201},"point_estimate":343700.53800069663,"standard_error":790.831060377256},"std_dev":{"confidence_interval":{"confidence_level":0.95,"lower_bound":1283.420255719872,"upper_bound":3731.7517718303498},"point_estimate":2785.393896922227,"standard_error":677.1054576005743}}