{"mean":{"confidence_interval":{"confidence_level":0.95,"lower_bound":1291093001.96,"upper_bound":1314400655.0725},"point_estimate":1302254454.1,"standard_error":5973746.275330397},"median":{"confidence_interval":{"confidence_level":0.95,"lower_bound":1291950962.5,"upper_bound":1314039961.5},"point_estimate":1298486090.5,"standard_error":5298093.04080792},"median_abs_dev":{"confidence_interval":{"confidence_level":0.95,"lower_bound":2226266.931375861,"upper_bound":33734987.87988424},"point_estimate":12122320.046585798,"standard_error":8567665.802079363},"slope":null,"std_dev":{"confidence_interval":{"confidence_level":0.95,"lower_bound":8156016.049388603,"upper_bound":26558002.669914007},"point_estimate":19921491.024561055,"standard_error":4641480.172353229}}