{"mean":{"confidence_interval":{"confidence_level":0.95,"lower_bound":3934829592.165,"upper_bound":3982264724.3025},"point_estimate":3955692893.7,"standard_error":12310266.298345745},"median":{"confidence_interval":{"confidence_level":0.95,"lower_bound":3922634537.0,"upper_bound":3969367592.5},"point_estimate":3948163122.5,"standard_error":10617023.00379122},"median_abs_dev":{"confidence_interval":{"confidence_level":0.95,"lower_bound":4309706.111687422,"upper_bound":51652436.882185936},"point_estimate":31324851.86497271,"standard_error":12505036.729461439},"slope":null,"std_dev":{"confidence_interval":{"confidence_level":0.95,"lower_bound":15292095.959911544,"upper_bound":58935137.17242619},"point_estimate":41076976.40873105,"standard_error":13202882.210821735}}