{"mean":{"confidence_interval":{"confidence_level":0.95,"lower_bound":1823915641.995,"upper_bound":1876338222.1249998},"point_estimate":1849242803.2,"standard_error":13391638.830499062},"median":{"confidence_interval":{"confidence_level":0.95,"lower_bound":1807643113.0,"upper_bound":1887389467.5},"point_estimate":1845653926.0,"standard_error":18339738.879792586},"median_abs_dev":{"confidence_interval":{"confidence_level":0.95,"lower_bound":11359217.685833573,"upper_bound":81608347.8526622},"point_estimate":48419205.098587275,"standard_error":18342732.193304364},"slope":null,"std_dev":{"confidence_interval":{"confidence_level":0.95,"lower_bound":24705428.375252437,"upper_bound":55319935.66652664},"point_estimate":44790775.202756435,"standard_error":7815312.717209556}}