{"mean":{"confidence_interval":{"confidence_level":0.95,"lower_bound":390082297.10499996,"upper_bound":525894055.5225},"point_estimate":454089219.5,"standard_error":34942723.63929842},"median":{"confidence_interval":{"confidence_level":0.95,"lower_bound":363095042.0,"upper_bound":566785979.5},"point_estimate":403684192.0,"standard_error":56385265.81331848},"median_abs_dev":{"confidence_interval":{"confidence_level":0.95,"lower_bound":3332250.1880407333,"upper_bound":199983303.27008665},"point_estimate":77265498.95986319,"standard_error":58762202.79289502},"slope":null,"std_dev":{"confidence_interval":{"confidence_level":0.95,"lower_bound":54931809.84936959,"upper_bound":141185594.66438106},"point_estimate":116680953.64620973,"standard_error":21894159.545615822}}