{"mean":{"confidence_interval":{"confidence_level":0.95,"lower_bound":4519194064.6,"upper_bound":5083496093.0},"point_estimate":4802166728.6,"standard_error":145233244.46954438},"median":{"confidence_interval":{"confidence_level":0.95,"lower_bound":4338742464.0,"upper_bound":5264627398.0},"point_estimate":4820798612.0,"standard_error":352013631.7040205},"median_abs_dev":{"confidence_interval":{"confidence_level":0.95,"lower_bound":51271131.44275546,"upper_bound":726691409.6473485},"point_estimate":665158663.3790731,"standard_error":228463216.4545904},"slope":null,"std_dev":{"confidence_interval":{"confidence_level":0.95,"lower_bound":348940360.6893369,"upper_bound":515575314.7930756},"point_estimate":484065563.9391473,"standard_error":45264607.42210621}}