{"mean":{"confidence_interval":{"confidence_level":0.95,"lower_bound":252007798.28750002,"upper_bound":255422814.84125},"point_estimate":253688773.85,"standard_error":876570.3079025684},"median":{"confidence_interval":{"confidence_level":0.95,"lower_bound":250773086.5,"upper_bound":256435331.25},"point_estimate":253423916.25,"standard_error":1608285.2061271053},"median_abs_dev":{"confidence_interval":{"confidence_level":0.95,"lower_bound":516010.3958889842,"upper_bound":4633058.9420467615},"point_estimate":3838450.2199038863,"standard_error":1131554.4064368093},"slope":null,"std_dev":{"confidence_interval":{"confidence_level":0.95,"lower_bound":1869853.3360435045,"upper_bound":3418486.1745349537},"point_estimate":2920972.336385029,"standard_error":395972.56275344116}}