{"mean":{"confidence_interval":{"confidence_level":0.95,"lower_bound":1769108989.6125,"upper_bound":2001098165.2424998},"point_estimate":1888220861.1,"standard_error":59014959.55585401},"median":{"confidence_interval":{"confidence_level":0.95,"lower_bound":1663057519.0,"upper_bound":2043848816.0},"point_estimate":2022711673.0,"standard_error":126989150.23231332},"median_abs_dev":{"confidence_interval":{"confidence_level":0.95,"lower_bound":3808090.6495928764,"upper_bound":291422768.5830116},"point_estimate":41283749.427866936,"standard_error":94773450.13997039},"slope":null,"std_dev":{"confidence_interval":{"confidence_level":0.95,"lower_bound":120792810.57211852,"upper_bound":215410344.3206508},"point_estimate":196774852.40714106,"standard_error":26044896.22385993}}