{"mean":{"confidence_interval":{"confidence_level":0.95,"lower_bound":-0.01190800633985735,"upper_bound":-0.004088339241946323},"point_estimate":-0.007954489956335964,"standard_error":0.001998259216656222},"median":{"confidence_interval":{"confidence_level":0.95,"lower_bound":-0.014012458269669558,"upper_bound":-0.003810555812709393},"point_estimate":-0.008808250869559053,"standard_error":0.0023744779770046337}}