{"mean":{"confidence_interval":{"confidence_level":0.95,"lower_bound":3464483029.5225,"upper_bound":3807826276.1349998},"point_estimate":3633564121.6,"standard_error":87952098.73559938},"median":{"confidence_interval":{"confidence_level":0.95,"lower_bound":3388424576.0,"upper_bound":3946344786.0},"point_estimate":3478744694.0,"standard_error":192477639.45626923},"median_abs_dev":{"confidence_interval":{"confidence_level":0.95,"lower_bound":23142094.2445457,"upper_bound":440767032.8244209},"point_estimate":188052900.60099363,"standard_error":127286192.75322306},"slope":null,"std_dev":{"confidence_interval":{"confidence_level":0.95,"lower_bound":180742150.28552955,"upper_bound":322202581.8503116},"point_estimate":292739051.57021326,"standard_error":35337931.431605354}}