{"mean":{"confidence_interval":{"confidence_level":0.95,"lower_bound":156027433.43583333,"upper_bound":156983788.28577778},"point_estimate":156510372.17805555,"standard_error":244720.3909601805},"median":{"confidence_interval":{"confidence_level":0.95,"lower_bound":155798321.83333334,"upper_bound":157193921.3125},"point_estimate":156574725.7,"standard_error":295094.9396899196},"median_abs_dev":{"confidence_interval":{"confidence_level":0.95,"lower_bound":99191.86863899231,"upper_bound":1604450.0079411594},"point_estimate":791463.5098487065,"standard_error":428858.2781105615},"slope":{"confidence_interval":{"confidence_level":0.95,"lower_bound":155752961.58953723,"upper_bound":157353296.68661973},"point_estimate":156571452.21558443,"standard_error":422154.69288815564},"std_dev":{"confidence_interval":{"confidence_level":0.95,"lower_bound":462825.942246364,"upper_bound":1019689.8781249196},"point_estimate":818907.0047883652,"standard_error":143176.36934518578}}