{"mean":{"confidence_interval":{"confidence_level":0.95,"lower_bound":232541301.86666664,"upper_bound":240325339.03333336},"point_estimate":236394494.7,"standard_error":1992304.607434476},"median":{"confidence_interval":{"confidence_level":0.95,"lower_bound":231831349.66666666,"upper_bound":241294830.33333334},"point_estimate":235958050.0,"standard_error":2474319.0384148224},"median_abs_dev":{"confidence_interval":{"confidence_level":0.95,"lower_bound":1955030.949491277,"upper_bound":11410646.113720536},"point_estimate":6699980.970251575,"standard_error":2440927.8814684455},"slope":null,"std_dev":{"confidence_interval":{"confidence_level":0.95,"lower_bound":3632676.941403915,"upper_bound":8460756.79422713},"point_estimate":6621119.277817908,"standard_error":1242182.4813720707}}