{"mean":{"confidence_interval":{"confidence_level":0.95,"lower_bound":819477239.3075,"upper_bound":874090164.7},"point_estimate":847037657.4,"standard_error":13988938.614824219},"median":{"confidence_interval":{"confidence_level":0.95,"lower_bound":811344532.0,"upper_bound":892978790.5},"point_estimate":837643972.5,"standard_error":28200185.515563235},"median_abs_dev":{"confidence_interval":{"confidence_level":0.95,"lower_bound":1246846.5627640486,"upper_bound":81159084.47823822},"point_estimate":63439085.1752311,"standard_error":21409341.806656457},"slope":null,"std_dev":{"confidence_interval":{"confidence_level":0.95,"lower_bound":31191652.52179679,"upper_bound":55535139.41994454},"point_estimate":46746072.19296903,"standard_error":6356541.15075038}}