{"mean":{"confidence_interval":{"confidence_level":0.95,"lower_bound":286586234.2575,"upper_bound":296102328.85},"point_estimate":291476455.65,"standard_error":2420359.0348529555},"median":{"confidence_interval":{"confidence_level":0.95,"lower_bound":285378323.5,"upper_bound":296505330.0},"point_estimate":292050765.75,"standard_error":2633283.463233687},"median_abs_dev":{"confidence_interval":{"confidence_level":0.95,"lower_bound":1252526.7739132047,"upper_bound":13857828.595474362},"point_estimate":7627487.977235019,"standard_error":3159476.426508756},"slope":null,"std_dev":{"confidence_interval":{"confidence_level":0.95,"lower_bound":3887773.0460887635,"upper_bound":10694819.022872476},"point_estimate":8071328.421742693,"standard_error":1769846.078161951}}