{"mean":{"confidence_interval":{"confidence_level":0.95,"lower_bound":5007473533.815,"upper_bound":5585539237.784999},"point_estimate":5278470658.7,"standard_error":147614143.90516642},"median":{"confidence_interval":{"confidence_level":0.95,"lower_bound":4950527886.0,"upper_bound":5658174066.0},"point_estimate":5020760780.0,"standard_error":198285946.34229925},"median_abs_dev":{"confidence_interval":{"confidence_level":0.95,"lower_bound":14733302.397331595,"upper_bound":752383106.6037297},"point_estimate":107880631.70003593,"standard_error":190895624.39475852},"slope":null,"std_dev":{"confidence_interval":{"confidence_level":0.95,"lower_bound":68930978.87214121,"upper_bound":594200828.5865004},"point_estimate":492628762.80973977,"standard_error":111664246.26927888}}