{"mean":{"confidence_interval":{"confidence_level":0.95,"lower_bound":142675286693.47,"upper_bound":150531090284.04498},"point_estimate":146472817239.2,"standard_error":2014257541.488925},"median":{"confidence_interval":{"confidence_level":0.95,"lower_bound":140762495642.0,"upper_bound":151770858120.5},"point_estimate":145086705876.0,"standard_error":3171502733.76827},"median_abs_dev":{"confidence_interval":{"confidence_level":0.95,"lower_bound":1404389422.5001037,"upper_bound":11062780356.424587},"point_estimate":7329665108.483532,"standard_error":2478733140.5074744},"slope":null,"std_dev":{"confidence_interval":{"confidence_level":0.95,"lower_bound":3842021019.382654,"upper_bound":8357747561.419794},"point_estimate":6674225809.718606,"standard_error":1180019695.0353825}}