{"mean":{"confidence_interval":{"confidence_level":0.95,"lower_bound":258783627.0525,"upper_bound":261135458.3},"point_estimate":259820512.7,"standard_error":611539.1420990675},"median":{"confidence_interval":{"confidence_level":0.95,"lower_bound":258599993.25,"upper_bound":260995017.75},"point_estimate":258826086.25,"standard_error":545083.2348576265},"median_abs_dev":{"confidence_interval":{"confidence_level":0.95,"lower_bound":71286.74258440733,"upper_bound":2614943.8578754663},"point_estimate":493428.9156898856,"standard_error":609639.4924699389},"slope":null,"std_dev":{"confidence_interval":{"confidence_level":0.95,"lower_bound":348731.81483149447,"upper_bound":2731190.528867613},"point_estimate":2042138.5405297175,"standard_error":635935.1318056011}}