{"mean":{"confidence_interval":{"confidence_level":0.95,"lower_bound":392978846.475,"upper_bound":432051530.54249996},"point_estimate":411677937.0,"standard_error":10024942.980728237},"median":{"confidence_interval":{"confidence_level":0.95,"lower_bound":387525851.25,"upper_bound":437299281.75},"point_estimate":407547705.5,"standard_error":12511092.40642861},"median_abs_dev":{"confidence_interval":{"confidence_level":0.95,"lower_bound":2437451.80747658,"upper_bound":52606360.23775041},"point_estimate":29610103.792865574,"standard_error":13223326.711538645},"slope":null,"std_dev":{"confidence_interval":{"confidence_level":0.95,"lower_bound":15952020.448668687,"upper_bound":42511683.89531663},"point_estimate":33416888.099402484,"standard_error":6659813.753403456}}