{"mean":{"confidence_interval":{"confidence_level":0.95,"lower_bound":0.5139042636943826,"upper_bound":1.0605471204308388},"point_estimate":0.8011181429982479,"standard_error":0.13941823783194737},"median":{"confidence_interval":{"confidence_level":0.95,"lower_bound":0.35344934930050265,"upper_bound":1.2666242479856007},"point_estimate":1.0534804155040067,"standard_error":0.3070595049510378}}