{"mean":{"confidence_interval":{"confidence_level":0.95,"lower_bound":4331924967.6275,"upper_bound":4840089394.6},"point_estimate":4585521366.7,"standard_error":130851085.62314552},"median":{"confidence_interval":{"confidence_level":0.95,"lower_bound":4240866877.0,"upper_bound":5092540941.0},"point_estimate":4260666825.5,"standard_error":318133582.38244104},"median_abs_dev":{"confidence_interval":{"confidence_level":0.95,"lower_bound":3237431.989324093,"upper_bound":627146969.0977156},"point_estimate":38030017.73443222,"standard_error":240091218.17807508},"slope":null,"std_dev":{"confidence_interval":{"confidence_level":0.95,"lower_bound":267220261.50001052,"upper_bound":448576228.0913902},"point_estimate":436317353.5996812,"standard_error":51890333.66833413}}