{"mean":{"confidence_interval":{"confidence_level":0.95,"lower_bound":3613437081.9,"upper_bound":3955631930.5},"point_estimate":3785849231.2,"standard_error":87643848.47468711},"median":{"confidence_interval":{"confidence_level":0.95,"lower_bound":3463692634.0,"upper_bound":4010355338.0},"point_estimate":4005274821.5,"standard_error":205445023.92221755},"median_abs_dev":{"confidence_interval":{"confidence_level":0.95,"lower_bound":1513752.3643255234,"upper_bound":407777845.3635961},"point_estimate":21703935.94637811,"standard_error":154623790.56714162},"slope":null,"std_dev":{"confidence_interval":{"confidence_level":0.95,"lower_bound":173423992.20168537,"upper_bound":309650597.0058372},"point_estimate":291772120.0141569,"standard_error":36299752.60267978}}