{"mean":{"confidence_interval":{"confidence_level":0.95,"lower_bound":2099825135.1,"upper_bound":2282457994.7},"point_estimate":2192520870.9,"standard_error":46941170.57289226},"median":{"confidence_interval":{"confidence_level":0.95,"lower_bound":2022049608.0,"upper_bound":2331115469.5},"point_estimate":2220707061.0,"standard_error":86720180.02424417},"median_abs_dev":{"confidence_interval":{"confidence_level":0.95,"lower_bound":14229600.175774097,"upper_bound":250196241.5837288},"point_estimate":176360100.14498234,"standard_error":63474336.78232146},"slope":null,"std_dev":{"confidence_interval":{"confidence_level":0.95,"lower_bound":99153060.36221816,"upper_bound":181444670.25962356},"point_estimate":156036262.63756225,"standard_error":21049583.406876177}}