{"mean":{"confidence_interval":{"confidence_level":0.95,"lower_bound":45091761.28369909,"upper_bound":45577632.5161111},"point_estimate":45362466.8974074,"standard_error":125681.95005583351},"median":{"confidence_interval":{"confidence_level":0.95,"lower_bound":45226403.07777777,"upper_bound":45604543.17777778},"point_estimate":45431013.958333336,"standard_error":94222.14078688207},"median_abs_dev":{"confidence_interval":{"confidence_level":0.95,"lower_bound":47050.11248469426,"upper_bound":553947.3905238098},"point_estimate":218020.65037935603,"standard_error":127125.86963171996},"slope":{"confidence_interval":{"confidence_level":0.95,"lower_bound":45267267.56910569,"upper_bound":45704080.92906225},"point_estimate":45539415.05627706,"standard_error":111276.3441075909},"std_dev":{"confidence_interval":{"confidence_level":0.95,"lower_bound":135199.4694213699,"upper_bound":596210.8552087495},"point_estimate":420117.99703455623,"standard_error":133063.81643279377}}