{"mean":{"confidence_interval":{"confidence_level":0.95,"lower_bound":-0.013267069476118856,"upper_bound":0.0121975044328292},"point_estimate":0.0003539644613541615,"standard_error":0.006529051977797594},"median":{"confidence_interval":{"confidence_level":0.95,"lower_bound":-0.010181285510279157,"upper_bound":0.015034074911378426},"point_estimate":0.0014575962918346175,"standard_error":0.00672123036577928}}