{"mean":{"confidence_interval":{"confidence_level":0.95,"lower_bound":801247547.6625,"upper_bound":827783374.9275},"point_estimate":814424432.9,"standard_error":6808850.066654901},"median":{"confidence_interval":{"confidence_level":0.95,"lower_bound":788946839.0,"upper_bound":836893064.0},"point_estimate":812099057.5,"standard_error":10455131.352253726},"median_abs_dev":{"confidence_interval":{"confidence_level":0.95,"lower_bound":2450710.3283911943,"upper_bound":38344603.9511472},"point_estimate":35542535.96149385,"standard_error":10612856.784336992},"slope":null,"std_dev":{"confidence_interval":{"confidence_level":0.95,"lower_bound":13732486.15622133,"upper_bound":27207352.25032627},"point_estimate":22715097.674270242,"standard_error":3421979.468896404}}