{"mean":{"confidence_interval":{"confidence_level":0.95,"lower_bound":1202111851.0,"upper_bound":1325603019.4},"point_estimate":1264503309.7,"standard_error":30108596.64927924},"median":{"confidence_interval":{"confidence_level":0.95,"lower_bound":1125201730.0,"upper_bound":1328160798.0},"point_estimate":1325786938.0,"standard_error":51222514.294673964},"median_abs_dev":{"confidence_interval":{"confidence_level":0.95,"lower_bound":966343.8368439674,"upper_bound":154571398.02770913},"point_estimate":4561390.800619125,"standard_error":45342949.22952209},"slope":null,"std_dev":{"confidence_interval":{"confidence_level":0.95,"lower_bound":3156036.653945008,"upper_bound":109871410.56448121},"point_estimate":99927796.33731051,"standard_error":20576430.335942794}}