{"mean":{"confidence_interval":{"confidence_level":0.95,"lower_bound":6896394714.497499,"upper_bound":7393766479.6},"point_estimate":7176879045.8,"standard_error":126198700.43917157},"median":{"confidence_interval":{"confidence_level":0.95,"lower_bound":6873086158.5,"upper_bound":7421516524.5},"point_estimate":7381400057.5,"standard_error":126318709.01970688},"median_abs_dev":{"confidence_interval":{"confidence_level":0.95,"lower_bound":21156809.112891555,"upper_bound":546585304.2092711},"point_estimate":86522346.88762128,"standard_error":119841891.9960922},"slope":null,"std_dev":{"confidence_interval":{"confidence_level":0.95,"lower_bound":55007784.62036673,"upper_bound":526810075.8318345},"point_estimate":420730020.34910184,"standard_error":122615193.75315596}}