{"mean":{"confidence_interval":{"confidence_level":0.95,"lower_bound":44096582.89842592,"upper_bound":45455653.721712954},"point_estimate":44712178.67953703,"standard_error":350365.88569097675},"median":{"confidence_interval":{"confidence_level":0.95,"lower_bound":43861237.4,"upper_bound":45489344.19444445},"point_estimate":44309927.72916667,"standard_error":389017.0299946143},"median_abs_dev":{"confidence_interval":{"confidence_level":0.95,"lower_bound":141644.7351252974,"upper_bound":1699313.4650811553},"point_estimate":694513.2520624335,"standard_error":417853.3291109168},"slope":{"confidence_interval":{"confidence_level":0.95,"lower_bound":43859090.27461214,"upper_bound":44549580.516007535},"point_estimate":44103073.54632035,"standard_error":178908.59578658757},"std_dev":{"confidence_interval":{"confidence_level":0.95,"lower_bound":384754.28901732276,"upper_bound":1545760.3756376116},"point_estimate":1168775.5048364478,"standard_error":310728.526276808}}