{"mean":{"confidence_interval":{"confidence_level":0.95,"lower_bound":797622812.4,"upper_bound":856026351.2},"point_estimate":825438599.9,"standard_error":14991652.219153967},"median":{"confidence_interval":{"confidence_level":0.95,"lower_bound":793359008.0,"upper_bound":878259091.0},"point_estimate":807482405.0,"standard_error":19750160.154984888},"median_abs_dev":{"confidence_interval":{"confidence_level":0.95,"lower_bound":987665.1070654392,"upper_bound":76134484.9678427},"point_estimate":24525681.74418211,"standard_error":23658761.285559196},"slope":null,"std_dev":{"confidence_interval":{"confidence_level":0.95,"lower_bound":22621071.796260495,"upper_bound":60820558.041874155},"point_estimate":49874932.96208769,"standard_error":9019302.12930278}}