{"mean":{"confidence_interval":{"confidence_level":0.95,"lower_bound":24301656994.4,"upper_bound":27732497292.5},"point_estimate":25762879943.5,"standard_error":859750412.4566369},"median":{"confidence_interval":{"confidence_level":0.95,"lower_bound":24201343382.0,"upper_bound":27945347569.5},"point_estimate":24231845225.5,"standard_error":816116646.2468824},"median_abs_dev":{"confidence_interval":{"confidence_level":0.95,"lower_bound":14348281.562367082,"upper_bound":4366393807.232514},"point_estimate":71242207.50509799,"standard_error":842944840.8861917},"slope":null,"std_dev":{"confidence_interval":{"confidence_level":0.95,"lower_bound":277395052.5599228,"upper_bound":3590426282.397528},"point_estimate":2861061644.898167,"standard_error":902407740.8015144}}