{"mean":{"confidence_interval":{"confidence_level":0.95,"lower_bound":410145579.5,"upper_bound":431747420.95},"point_estimate":420960845.85,"standard_error":5525283.179174985},"median":{"confidence_interval":{"confidence_level":0.95,"lower_bound":405482529.5,"upper_bound":437814897.0},"point_estimate":420506917.25,"standard_error":8164535.847234907},"median_abs_dev":{"confidence_interval":{"confidence_level":0.95,"lower_bound":4010966.664791107,"upper_bound":30316157.37455526},"point_estimate":19738639.227569103,"standard_error":6780265.067580183},"slope":null,"std_dev":{"confidence_interval":{"confidence_level":0.95,"lower_bound":10795579.780050766,"upper_bound":22969427.976968497},"point_estimate":18413060.030181397,"standard_error":3113183.0444549234}}