{"mean":{"confidence_interval":{"confidence_level":0.95,"lower_bound":3705337508.1,"upper_bound":3961912214.8},"point_estimate":3850531241.6,"standard_error":67190137.21072347},"median":{"confidence_interval":{"confidence_level":0.95,"lower_bound":3724822854.0,"upper_bound":3981206360.0},"point_estimate":3938927901.5,"standard_error":52080326.0756576},"median_abs_dev":{"confidence_interval":{"confidence_level":0.95,"lower_bound":17393575.26680231,"upper_bound":285934571.9216466},"point_estimate":61316778.15400958,"standard_error":55264128.02131941},"slope":null,"std_dev":{"confidence_interval":{"confidence_level":0.95,"lower_bound":34095394.68136446,"upper_bound":303821913.979229},"point_estimate":224297266.7956831,"standard_error":73378477.69425273}}