{"mean":{"confidence_interval":{"confidence_level":0.95,"lower_bound":5535849.646712885,"upper_bound":5656910.548450047},"point_estimate":5596467.600901027,"standard_error":30978.234776415957},"median":{"confidence_interval":{"confidence_level":0.95,"lower_bound":5501077.7342436975,"upper_bound":5692975.088235294},"point_estimate":5587827.332352941,"standard_error":54179.490949208324},"median_abs_dev":{"confidence_interval":{"confidence_level":0.95,"lower_bound":14921.470938423932,"upper_bound":178596.84174691932},"point_estimate":129334.45753679628,"standard_error":39242.12403796973},"slope":{"confidence_interval":{"confidence_level":0.95,"lower_bound":5518696.892252314,"upper_bound":5626327.90524424},"point_estimate":5565107.838044309,"standard_error":27726.832380700256},"std_dev":{"confidence_interval":{"confidence_level":0.95,"lower_bound":66121.7743738582,"upper_bound":122085.7125266723},"point_estimate":103258.86634294166,"standard_error":14323.730015242043}}