{"mean":{"confidence_interval":{"confidence_level":0.95,"lower_bound":0.498619739491545,"upper_bound":0.5430919069572981},"point_estimate":0.52100111160468,"standard_error":0.01221298197845721},"median":{"confidence_interval":{"confidence_level":0.95,"lower_bound":0.4908866214095693,"upper_bound":0.5497308595385857},"point_estimate":0.5080700798457898,"standard_error":0.013412634754542253}}