{"mean":{"confidence_interval":{"confidence_level":0.95,"lower_bound":6393037892.4,"upper_bound":7221040661.7},"point_estimate":6786460660.9,"standard_error":206855608.97144115},"median":{"confidence_interval":{"confidence_level":0.95,"lower_bound":6326423706.5,"upper_bound":7499420119.0},"point_estimate":6427649781.5,"standard_error":301402837.4824518},"median_abs_dev":{"confidence_interval":{"confidence_level":0.95,"lower_bound":31928636.256453395,"upper_bound":1042266327.8067738},"point_estimate":190073928.25281322,"standard_error":265407436.5353483},"slope":null,"std_dev":{"confidence_interval":{"confidence_level":0.95,"lower_bound":84338138.69956934,"upper_bound":804995341.047421},"point_estimate":689522179.1498942,"standard_error":144271040.27454126}}