{"mean":{"confidence_interval":{"confidence_level":0.95,"lower_bound":685995784.9,"upper_bound":700543144.6},"point_estimate":693607095.2,"standard_error":3744645.5348169054},"median":{"confidence_interval":{"confidence_level":0.95,"lower_bound":682827359.0,"upper_bound":703150081.0},"point_estimate":694866616.0,"standard_error":5275122.559149335},"median_abs_dev":{"confidence_interval":{"confidence_level":0.95,"lower_bound":1342902.7324587107,"upper_bound":21064817.491024733},"point_estimate":12933828.555178642,"standard_error":4863728.655260837},"slope":null,"std_dev":{"confidence_interval":{"confidence_level":0.95,"lower_bound":6596545.07951549,"upper_bound":15915228.616018593},"point_estimate":12478825.976592517,"standard_error":2406061.5056962953}}