{"mean":{"confidence_interval":{"confidence_level":0.95,"lower_bound":19171366.721,"upper_bound":19469445.053924404},"point_estimate":19314742.32286508,"standard_error":76397.92615100105},"median":{"confidence_interval":{"confidence_level":0.95,"lower_bound":19129861.3,"upper_bound":19485659.8},"point_estimate":19311578.527777776,"standard_error":76701.705028779},"median_abs_dev":{"confidence_interval":{"confidence_level":0.95,"lower_bound":6889.230244360835,"upper_bound":426934.1503737353},"point_estimate":263753.4233674407,"standard_error":99979.63858627358},"slope":{"confidence_interval":{"confidence_level":0.95,"lower_bound":19218977.5215311,"upper_bound":19650619.406807132},"point_estimate":19445861.61974026,"standard_error":116493.20417014415},"std_dev":{"confidence_interval":{"confidence_level":0.95,"lower_bound":116758.31351078779,"upper_bound":345370.70594588725},"point_estimate":254188.01568169188,"standard_error":60415.05763171612}}