{"mean":{"confidence_interval":{"confidence_level":0.95,"lower_bound":4285858796.335,"upper_bound":4830630250.5},"point_estimate":4578606773.6,"standard_error":140291594.2529115},"median":{"confidence_interval":{"confidence_level":0.95,"lower_bound":4249242951.5,"upper_bound":4898989228.5},"point_estimate":4700002214.5,"standard_error":151610763.6289351},"median_abs_dev":{"confidence_interval":{"confidence_level":0.95,"lower_bound":59863313.49371374,"upper_bound":743986787.8700942},"point_estimate":312203047.7109879,"standard_error":166889831.1613516},"slope":null,"std_dev":{"confidence_interval":{"confidence_level":0.95,"lower_bound":162421637.87155572,"upper_bound":593121699.2580978},"point_estimate":468840101.6576543,"standard_error":108515030.97127749}}