{"mean":{"confidence_interval":{"confidence_level":0.95,"lower_bound":467669246.3,"upper_bound":476538140.55},"point_estimate":472222983.65,"standard_error":2269766.820311442},"median":{"confidence_interval":{"confidence_level":0.95,"lower_bound":466335434.5,"upper_bound":477551112.5},"point_estimate":473298141.75,"standard_error":2617871.907628161},"median_abs_dev":{"confidence_interval":{"confidence_level":0.95,"lower_bound":1044096.1979135871,"upper_bound":12462048.564304411},"point_estimate":7960944.355764985,"standard_error":3109897.6659583207},"slope":null,"std_dev":{"confidence_interval":{"confidence_level":0.95,"lower_bound":3961498.5477855364,"upper_bound":9806527.720564594},"point_estimate":7564512.904632477,"standard_error":1513836.2657887614}}