{"mean":{"confidence_interval":{"confidence_level":0.95,"lower_bound":63727998.49362351,"upper_bound":65037164.033895835},"point_estimate":64348228.093154766,"standard_error":335338.7657126547},"median":{"confidence_interval":{"confidence_level":0.95,"lower_bound":63381670.82291667,"upper_bound":64865774.9},"point_estimate":64432539.55833334,"standard_error":423681.61914811906},"median_abs_dev":{"confidence_interval":{"confidence_level":0.95,"lower_bound":74965.54260909521,"upper_bound":2008171.4405853376},"point_estimate":913690.904928742,"standard_error":457038.9741060036},"slope":{"confidence_interval":{"confidence_level":0.95,"lower_bound":63408580.56852038,"upper_bound":64557478.26530612},"point_estimate":64037652.77792208,"standard_error":294957.40749864443},"std_dev":{"confidence_interval":{"confidence_level":0.95,"lower_bound":547165.9269758731,"upper_bound":1514915.6200204608},"point_estimate":1117348.597261462,"standard_error":270212.0592512029}}