{"mean":{"confidence_interval":{"confidence_level":0.95,"lower_bound":31861780853.675003,"upper_bound":32018643640.245},"point_estimate":31940178183.6,"standard_error":40313619.22459326},"median":{"confidence_interval":{"confidence_level":0.95,"lower_bound":31798902288.0,"upper_bound":32055430762.5},"point_estimate":31946860465.0,"standard_error":59624849.894669466},"median_abs_dev":{"confidence_interval":{"confidence_level":0.95,"lower_bound":31974782.921934128,"upper_bound":239713004.00764346},"point_estimate":179279915.48324525,"standard_error":55997841.82813108},"slope":null,"std_dev":{"confidence_interval":{"confidence_level":0.95,"lower_bound":81108471.32425804,"upper_bound":162877838.2436116},"point_estimate":134305867.29074138,"standard_error":20867109.07821416}}