{"mean":{"confidence_interval":{"confidence_level":0.95,"lower_bound":162126916.54714286,"upper_bound":165260480.69142857},"point_estimate":163636572.3404762,"standard_error":804783.4112240962},"median":{"confidence_interval":{"confidence_level":0.95,"lower_bound":161653001.15,"upper_bound":166752356.0},"point_estimate":162930318.3333333,"standard_error":1165064.2221665669},"median_abs_dev":{"confidence_interval":{"confidence_level":0.95,"lower_bound":378769.452175498,"upper_bound":4099692.076555919},"point_estimate":2632910.375006475,"standard_error":1139373.021846006},"slope":{"confidence_interval":{"confidence_level":0.95,"lower_bound":161074412.6978022,"upper_bound":163254469.625},"point_estimate":161834560.64155844,"standard_error":549268.7743441204},"std_dev":{"confidence_interval":{"confidence_level":0.95,"lower_bound":1250150.2716652635,"upper_bound":3201839.3120144703},"point_estimate":2685624.2549481136,"standard_error":442085.6047062717}}