{"mean":{"confidence_interval":{"confidence_level":0.95,"lower_bound":15065334966.9,"upper_bound":15226963538.63},"point_estimate":15143119136.4,"standard_error":41420552.933567084},"median":{"confidence_interval":{"confidence_level":0.95,"lower_bound":15024384168.5,"upper_bound":15274194176.5},"point_estimate":15101900284.5,"standard_error":66873316.16221814},"median_abs_dev":{"confidence_interval":{"confidence_level":0.95,"lower_bound":9912991.819909215,"upper_bound":233161277.59855986},"point_estimate":161576610.99724174,"standard_error":56644316.527759284},"slope":null,"std_dev":{"confidence_interval":{"confidence_level":0.95,"lower_bound":76500005.14023635,"upper_bound":167575175.8539603},"point_estimate":138206077.49758312,"standard_error":22815725.94730773}}