{"mean":{"confidence_interval":{"confidence_level":0.95,"lower_bound":0.566072361519401,"upper_bound":0.6418670870487687},"point_estimate":0.6105235579638038,"standard_error":0.02003875232865182},"median":{"confidence_interval":{"confidence_level":0.95,"lower_bound":0.6140164364606022,"upper_bound":0.6346398730293816},"point_estimate":0.6283181255952532,"standard_error":0.0068177836650250455}}