{"mean":{"confidence_interval":{"confidence_level":0.95,"lower_bound":226377361.63333336,"upper_bound":235666107.83333334},"point_estimate":231291444.6,"standard_error":2382843.8091040803},"median":{"confidence_interval":{"confidence_level":0.95,"lower_bound":224373867.66666666,"upper_bound":236588819.66666666},"point_estimate":234645115.0,"standard_error":3206244.0952447373},"median_abs_dev":{"confidence_interval":{"confidence_level":0.95,"lower_bound":803329.4987380652,"upper_bound":12339794.235324875},"point_estimate":3272064.042109251,"standard_error":3373417.669843114},"slope":null,"std_dev":{"confidence_interval":{"confidence_level":0.95,"lower_bound":3218294.7055729446,"upper_bound":9790533.750336807},"point_estimate":7963647.611513808,"standard_error":1571882.0441792503}}