{"mean":{"confidence_interval":{"confidence_level":0.95,"lower_bound":-0.0037935722122763023,"upper_bound":0.006090871721209205},"point_estimate":0.0010265921004164458,"standard_error":0.0025252064354503484},"median":{"confidence_interval":{"confidence_level":0.95,"lower_bound":-0.004475740420050833,"upper_bound":0.005110575436053866},"point_estimate":-0.0005670615559337788,"standard_error":0.0025816602147086132}}