{"mean":{"confidence_interval":{"confidence_level":0.95,"lower_bound":392611913.8,"upper_bound":420725408.34499997},"point_estimate":406840322.35,"standard_error":7199390.037809753},"median":{"confidence_interval":{"confidence_level":0.95,"lower_bound":381351507.5,"upper_bound":429289484.5},"point_estimate":414545667.0,"standard_error":13508592.247418668},"median_abs_dev":{"confidence_interval":{"confidence_level":0.95,"lower_bound":4078994.2819833755,"upper_bound":39057825.34773499},"point_estimate":28841525.449110568,"standard_error":9204539.60203082},"slope":null,"std_dev":{"confidence_interval":{"confidence_level":0.95,"lower_bound":15440324.97817678,"upper_bound":27842256.84861061},"point_estimate":24024216.503349382,"standard_error":3169594.382929886}}