{"mean":{"confidence_interval":{"confidence_level":0.95,"lower_bound":463669369.6,"upper_bound":469356139.91125},"point_estimate":466209166.45,"standard_error":1468905.4404398804},"median":{"confidence_interval":{"confidence_level":0.95,"lower_bound":463039835.0,"upper_bound":467707599.25},"point_estimate":465190217.5,"standard_error":1157100.6656241487},"median_abs_dev":{"confidence_interval":{"confidence_level":0.95,"lower_bound":107162.3260974884,"upper_bound":6580651.193270087},"point_estimate":3315573.9035367966,"standard_error":1648984.2617635755},"slope":null,"std_dev":{"confidence_interval":{"confidence_level":0.95,"lower_bound":1615198.2724656602,"upper_bound":6994465.154847797},"point_estimate":4894535.06270832,"standard_error":1546420.1252586858}}