{"mean":{"confidence_interval":{"confidence_level":0.95,"lower_bound":219366348.87583333,"upper_bound":223724348.26},"point_estimate":221539983.43333334,"standard_error":1113471.0135632032},"median":{"confidence_interval":{"confidence_level":0.95,"lower_bound":218213022.33333334,"upper_bound":224454242.66666666},"point_estimate":221863757.0,"standard_error":1607507.253962322},"median_abs_dev":{"confidence_interval":{"confidence_level":0.95,"lower_bound":1266122.3392218277,"upper_bound":6539668.917697661},"point_estimate":4359443.387204401,"standard_error":1324117.3757930973},"slope":null,"std_dev":{"confidence_interval":{"confidence_level":0.95,"lower_bound":2160768.19293539,"upper_bound":4684865.694372525},"point_estimate":3711599.8448728025,"standard_error":648911.1547390113}}