{"mean":{"confidence_interval":{"confidence_level":0.95,"lower_bound":6781938962.5875,"upper_bound":7727971023.3},"point_estimate":7255241036.1,"standard_error":248224926.18022922},"median":{"confidence_interval":{"confidence_level":0.95,"lower_bound":6467179665.5,"upper_bound":8040714133.0},"point_estimate":7259133723.5,"standard_error":675289079.0178871},"median_abs_dev":{"confidence_interval":{"confidence_level":0.95,"lower_bound":3334343.6192035675,"upper_bound":1172786348.5782802},"point_estimate":1159815687.0506554,"standard_error":490734539.2376241},"slope":null,"std_dev":{"confidence_interval":{"confidence_level":0.95,"lower_bound":656350064.4080122,"upper_bound":832987394.1221367},"point_estimate":828391912.9819995,"standard_error":71131990.41907118}}