{"mean":{"confidence_interval":{"confidence_level":0.95,"lower_bound":1641478590.6650002,"upper_bound":1851994956.9875},"point_estimate":1740064553.2,"standard_error":54451302.09450585},"median":{"confidence_interval":{"confidence_level":0.95,"lower_bound":1589019915.0,"upper_bound":1995065519.0},"point_estimate":1681104152.0,"standard_error":90550944.9809032},"median_abs_dev":{"confidence_interval":{"confidence_level":0.95,"lower_bound":3250923.649084568,"upper_bound":234656232.0778191},"point_estimate":138316638.9352888,"standard_error":64944774.86004328},"slope":null,"std_dev":{"confidence_interval":{"confidence_level":0.95,"lower_bound":56751163.26416626,"upper_bound":209268630.54008418},"point_estimate":181925223.63669816,"standard_error":31147676.584434066}}