{"mean":{"confidence_interval":{"confidence_level":0.95,"lower_bound":1462972.224979214,"upper_bound":1493742.6949962208},"point_estimate":1477508.7813057445,"standard_error":7889.921328416615},"median":{"confidence_interval":{"confidence_level":0.95,"lower_bound":1452875.2857142857,"upper_bound":1501862.8703703703},"point_estimate":1471980.8238095238,"standard_error":11209.909702142082},"median_abs_dev":{"confidence_interval":{"confidence_level":0.95,"lower_bound":4523.931093493307,"upper_bound":46961.912522608756},"point_estimate":29546.18037128386,"standard_error":10740.030457037592},"slope":{"confidence_interval":{"confidence_level":0.95,"lower_bound":1455109.0981448956,"upper_bound":1500868.6415016926},"point_estimate":1476425.0144712431,"standard_error":12090.260266382687},"std_dev":{"confidence_interval":{"confidence_level":0.95,"lower_bound":13677.067934269824,"upper_bound":32192.693477216984},"point_estimate":26355.38738431328,"standard_error":4654.584547255917}}