{"mean":{"confidence_interval":{"confidence_level":0.95,"lower_bound":1538933727.9,"upper_bound":1573997153.8274999},"point_estimate":1556795606.3,"standard_error":8925434.43134474},"median":{"confidence_interval":{"confidence_level":0.95,"lower_bound":1545388855.0,"upper_bound":1578012739.5},"point_estimate":1552382698.5,"standard_error":7972352.244098876},"median_abs_dev":{"confidence_interval":{"confidence_level":0.95,"lower_bound":3391195.3977942467,"upper_bound":55836107.91141093},"point_estimate":11568640.121215582,"standard_error":13988523.902275719},"slope":null,"std_dev":{"confidence_interval":{"confidence_level":0.95,"lower_bound":10895535.345941322,"upper_bound":40794723.621741615},"point_estimate":29842756.3717109,"standard_error":7311532.554482469}}