{"mean":{"confidence_interval":{"confidence_level":0.95,"lower_bound":387602045.9,"upper_bound":405632621.505},"point_estimate":396211852.85,"standard_error":4640220.289718395},"median":{"confidence_interval":{"confidence_level":0.95,"lower_bound":382261977.0,"upper_bound":411453824.5},"point_estimate":392031382.0,"standard_error":7632434.78658719},"median_abs_dev":{"confidence_interval":{"confidence_level":0.95,"lower_bound":1210798.6270040274,"upper_bound":25841016.271430254},"point_estimate":14799150.96321255,"standard_error":6716425.649921699},"slope":null,"std_dev":{"confidence_interval":{"confidence_level":0.95,"lower_bound":7705275.87904746,"upper_bound":18220198.646382242},"point_estimate":15485298.433334384,"standard_error":2504906.558262353}}