{"mean":{"confidence_interval":{"confidence_level":0.95,"lower_bound":1399053593.7675002,"upper_bound":1464398593.7},"point_estimate":1430629583.6,"standard_error":16754243.653124472},"median":{"confidence_interval":{"confidence_level":0.95,"lower_bound":1384612592.0,"upper_bound":1480987884.0},"point_estimate":1419214568.5,"standard_error":25253854.82284684},"median_abs_dev":{"confidence_interval":{"confidence_level":0.95,"lower_bound":11401607.442981005,"upper_bound":90329536.85773015},"point_estimate":55625858.18524361,"standard_error":21582169.249943174},"slope":null,"std_dev":{"confidence_interval":{"confidence_level":0.95,"lower_bound":28027850.96528228,"upper_bound":66702188.94632917},"point_estimate":55658373.53183102,"standard_error":9299033.277231814}}