{"mean":{"confidence_interval":{"confidence_level":0.95,"lower_bound":3036613.729317002,"upper_bound":3523728.7359935893},"point_estimate":3277192.17855464,"standard_error":124919.33334730701},"median":{"confidence_interval":{"confidence_level":0.95,"lower_bound":2940125.5,"upper_bound":3698137.5384615385},"point_estimate":3191420.6802884615,"standard_error":231416.7960786401},"median_abs_dev":{"confidence_interval":{"confidence_level":0.95,"lower_bound":32492.746557753555,"upper_bound":674542.1186574966},"point_estimate":486345.515988718,"standard_error":166339.38364751797},"slope":{"confidence_interval":{"confidence_level":0.95,"lower_bound":3192317.0211510668,"upper_bound":3713793.897888006},"point_estimate":3511169.7114885114,"standard_error":132331.01512174288},"std_dev":{"confidence_interval":{"confidence_level":0.95,"lower_bound":268822.38520288526,"upper_bound":492934.101882214},"point_estimate":416635.81044886366,"standard_error":57513.56512014334}}