{"mean":{"confidence_interval":{"confidence_level":0.95,"lower_bound":59733046.37714286,"upper_bound":60700069.560761906},"point_estimate":60212435.69130953,"standard_error":247042.74975927614},"median":{"confidence_interval":{"confidence_level":0.95,"lower_bound":59677639.65833333,"upper_bound":60713906.70833333},"point_estimate":60237794.16071428,"standard_error":239630.75936070966},"median_abs_dev":{"confidence_interval":{"confidence_level":0.95,"lower_bound":140147.32503689182,"upper_bound":1466595.1957677316},"point_estimate":549245.2649914484,"standard_error":342065.297695718},"slope":{"confidence_interval":{"confidence_level":0.95,"lower_bound":59794150.121890545,"upper_bound":60355858.62555195},"point_estimate":60083986.32857143,"standard_error":144668.87880967662},"std_dev":{"confidence_interval":{"confidence_level":0.95,"lower_bound":383001.94365408045,"upper_bound":1099062.6703026525},"point_estimate":823378.2264333148,"standard_error":182092.136004229}}