{"mean":{"confidence_interval":{"confidence_level":0.95,"lower_bound":1042219076.5,"upper_bound":1184261446.3725},"point_estimate":1126925999.8,"standard_error":37960748.33481409},"median":{"confidence_interval":{"confidence_level":0.95,"lower_bound":1112392163.0,"upper_bound":1201448032.0},"point_estimate":1163212420.5,"standard_error":29517112.912895665},"median_abs_dev":{"confidence_interval":{"confidence_level":0.95,"lower_bound":11721625.164699554,"upper_bound":113979417.88676083},"point_estimate":61619713.358831406,"standard_error":26511481.89120491},"slope":null,"std_dev":{"confidence_interval":{"confidence_level":0.95,"lower_bound":33003012.817886226,"upper_bound":191175467.2964059},"point_estimate":127079859.21786319,"standard_error":52392181.428595714}}