{"mean":{"confidence_interval":{"confidence_level":0.95,"lower_bound":773211465.4,"upper_bound":788764826.8},"point_estimate":781048109.2,"standard_error":3988035.824831803},"median":{"confidence_interval":{"confidence_level":0.95,"lower_bound":767893214.0,"upper_bound":793193816.0},"point_estimate":785017728.0,"standard_error":8141945.879196007},"median_abs_dev":{"confidence_interval":{"confidence_level":0.95,"lower_bound":199247.3517626524,"upper_bound":19679238.118323684},"point_estimate":16483286.31106317,"standard_error":5467207.806983205},"slope":null,"std_dev":{"confidence_interval":{"confidence_level":0.95,"lower_bound":8749630.254101478,"upper_bound":15192954.405587817},"point_estimate":13279922.270053132,"standard_error":1642228.2201895276}}