{"mean":{"confidence_interval":{"confidence_level":0.95,"lower_bound":-0.0027162728894222915,"upper_bound":0.008498289072006913},"point_estimate":0.0026705066924137544,"standard_error":0.0028797783295095034},"median":{"confidence_interval":{"confidence_level":0.95,"lower_bound":-0.006459599124784443,"upper_bound":0.009855463930914521},"point_estimate":0.0016972792976892581,"standard_error":0.004101147227931881}}