{"mean":{"confidence_interval":{"confidence_level":0.95,"lower_bound":6517651386.8,"upper_bound":7403351627.845},"point_estimate":6957135810.3,"standard_error":226997920.35360187},"median":{"confidence_interval":{"confidence_level":0.95,"lower_bound":6367343684.0,"upper_bound":7837472713.0},"point_estimate":6431236383.5,"standard_error":535120699.5630469},"median_abs_dev":{"confidence_interval":{"confidence_level":0.95,"lower_bound":12378830.598431826,"upper_bound":1087440425.495973},"point_estimate":207186282.4740082,"standard_error":386992722.5803471},"slope":null,"std_dev":{"confidence_interval":{"confidence_level":0.95,"lower_bound":465942065.543102,"upper_bound":794975739.5315607},"point_estimate":757224188.580458,"standard_error":88770630.50279844}}