{"mean":{"confidence_interval":{"confidence_level":0.95,"lower_bound":1207691044.045,"upper_bound":1228402179.8674998},"point_estimate":1218305156.3,"standard_error":5312593.4838456},"median":{"confidence_interval":{"confidence_level":0.95,"lower_bound":1203946943.5,"upper_bound":1226881762.5},"point_estimate":1220654463.0,"standard_error":4450297.426891012},"median_abs_dev":{"confidence_interval":{"confidence_level":0.95,"lower_bound":1188306.8441033363,"upper_bound":32493454.121462177},"point_estimate":6162043.538501859,"standard_error":8388650.183179729},"slope":null,"std_dev":{"confidence_interval":{"confidence_level":0.95,"lower_bound":5437169.520527692,"upper_bound":23589132.91217404},"point_estimate":17760435.468192197,"standard_error":4126064.8631672165}}