{"mean":{"confidence_interval":{"confidence_level":0.95,"lower_bound":12522746979.0,"upper_bound":14246867748.9},"point_estimate":13264842980.1,"standard_error":431052365.15733975},"median":{"confidence_interval":{"confidence_level":0.95,"lower_bound":12508858287.0,"upper_bound":14250549497.0},"point_estimate":12526793198.5,"standard_error":409343661.3828761},"median_abs_dev":{"confidence_interval":{"confidence_level":0.95,"lower_bound":4508228.472062945,"upper_bound":2140223743.008533},"point_estimate":30100436.298510432,"standard_error":402623782.7534527},"slope":null,"std_dev":{"confidence_interval":{"confidence_level":0.95,"lower_bound":18135380.294391815,"upper_bound":1788739036.3211882},"point_estimate":1439319404.6725206,"standard_error":456114975.85869926}}