{"mean":{"confidence_interval":{"confidence_level":0.95,"lower_bound":12857725711.9,"upper_bound":14943651594.6275},"point_estimate":13899248737.1,"standard_error":537198746.057937},"median":{"confidence_interval":{"confidence_level":0.95,"lower_bound":12500836188.0,"upper_bound":15977934152.0},"point_estimate":12535269568.5,"standard_error":1311211005.1645062},"median_abs_dev":{"confidence_interval":{"confidence_level":0.95,"lower_bound":7390703.047388792,"upper_bound":2590434704.155791},"point_estimate":60856061.69478893,"standard_error":1016421847.2967381},"slope":null,"std_dev":{"confidence_interval":{"confidence_level":0.95,"lower_bound":1097971076.8951862,"upper_bound":1836369805.2130365},"point_estimate":1791804924.5013843,"standard_error":216229425.96466908}}