{"mean":{"confidence_interval":{"confidence_level":0.95,"lower_bound":0.27292661756111497,"upper_bound":0.6789686482558841},"point_estimate":0.49123603751059863,"standard_error":0.10501725513696494},"median":{"confidence_interval":{"confidence_level":0.95,"lower_bound":0.1412391820929122,"upper_bound":0.7509302645298019},"point_estimate":0.5786101261796641,"standard_error":0.15482791658018913}}