{"mean":{"confidence_interval":{"confidence_level":0.95,"lower_bound":880139559.3,"upper_bound":1025941630.3},"point_estimate":936343247.6,"standard_error":41820102.05301235},"median":{"confidence_interval":{"confidence_level":0.95,"lower_bound":876812647.0,"upper_bound":938850690.0},"point_estimate":883648974.5,"standard_error":15792867.4729256},"median_abs_dev":{"confidence_interval":{"confidence_level":0.95,"lower_bound":1137938.4751975536,"upper_bound":79860956.26498461},"point_estimate":8930609.216549993,"standard_error":19703393.20188579},"slope":null,"std_dev":{"confidence_interval":{"confidence_level":0.95,"lower_bound":4652837.673389758,"upper_bound":212519906.44996685},"point_estimate":139727863.41723958,"standard_error":66550457.50387593}}