{"mean":{"confidence_interval":{"confidence_level":0.95,"lower_bound":203249348.5425,"upper_bound":206163789.76666665},"point_estimate":204685457.1,"standard_error":748614.1443567072},"median":{"confidence_interval":{"confidence_level":0.95,"lower_bound":201898307.0,"upper_bound":206556460.66666666},"point_estimate":204522659.8333333,"standard_error":1138080.1000454614},"median_abs_dev":{"confidence_interval":{"confidence_level":0.95,"lower_bound":265655.2284836769,"upper_bound":4220558.6107700765},"point_estimate":3392138.5784775093,"standard_error":1012787.275997308},"slope":null,"std_dev":{"confidence_interval":{"confidence_level":0.95,"lower_bound":1496145.3595888945,"upper_bound":3085063.886723745},"point_estimate":2497123.046941705,"standard_error":414163.8330367394}}