{"mean":{"confidence_interval":{"confidence_level":0.95,"lower_bound":-0.022283700643216275,"upper_bound":0.10180292821108006},"point_estimate":0.03708575350402765,"standard_error":0.031686898976561545},"median":{"confidence_interval":{"confidence_level":0.95,"lower_bound":-0.055719254122471806,"upper_bound":0.16967701537782287},"point_estimate":0.053186787348209474,"standard_error":0.0627958279526438}}