{"mean":{"confidence_interval":{"confidence_level":0.95,"lower_bound":3510622449.7799997,"upper_bound":3882898881.1},"point_estimate":3700115929.5,"standard_error":94961121.25302029},"median":{"confidence_interval":{"confidence_level":0.95,"lower_bound":3336461430.0,"upper_bound":3977081210.0},"point_estimate":3884055896.0,"standard_error":206417461.23175907},"median_abs_dev":{"confidence_interval":{"confidence_level":0.95,"lower_bound":9521032.417067885,"upper_bound":482871966.20830894},"point_estimate":185023019.26458478,"standard_error":139793849.86931145},"slope":null,"std_dev":{"confidence_interval":{"confidence_level":0.95,"lower_bound":199827244.92555898,"upper_bound":344930327.6522035},"point_estimate":317630951.2791257,"standard_error":37427868.00298123}}