{"mean":{"confidence_interval":{"confidence_level":0.95,"lower_bound":0.5025692605116582,"upper_bound":0.9493312249459268},"point_estimate":0.7276577283606025,"standard_error":0.11589850520381113},"median":{"confidence_interval":{"confidence_level":0.95,"lower_bound":0.3767050535716445,"upper_bound":1.1090222895681743},"point_estimate":0.9510424566401667,"standard_error":0.23321784203192736}}