{"mean":{"confidence_interval":{"confidence_level":0.95,"lower_bound":190942672.89249998,"upper_bound":193944905.9},"point_estimate":192481738.23333335,"standard_error":768693.391201244},"median":{"confidence_interval":{"confidence_level":0.95,"lower_bound":190316002.0,"upper_bound":194397382.66666666},"point_estimate":193192407.0,"standard_error":1275513.600975147},"median_abs_dev":{"confidence_interval":{"confidence_level":0.95,"lower_bound":332308.7226003261,"upper_bound":4176306.2138557434},"point_estimate":2587950.407254681,"standard_error":1040606.1317645526},"slope":null,"std_dev":{"confidence_interval":{"confidence_level":0.95,"lower_bound":1516073.4063265333,"upper_bound":3159884.616030168},"point_estimate":2562842.499524811,"standard_error":420806.92834764183}}