{"mean":{"confidence_interval":{"confidence_level":0.95,"lower_bound":1785436981.1,"upper_bound":2235754333.3},"point_estimate":2030536103.8,"standard_error":116076159.12439397},"median":{"confidence_interval":{"confidence_level":0.95,"lower_bound":1705517440.0,"upper_bound":2290531047.5},"point_estimate":2189338539.5,"standard_error":141778691.77334026},"median_abs_dev":{"confidence_interval":{"confidence_level":0.95,"lower_bound":41702420.83443403,"upper_bound":663678569.74065},"point_estimate":178859060.20691693,"standard_error":148117099.15338284},"slope":null,"std_dev":{"confidence_interval":{"confidence_level":0.95,"lower_bound":118146462.20454018,"upper_bound":512644201.0356561},"point_estimate":385612912.48871154,"standard_error":97536889.77426565}}