{"mean":{"confidence_interval":{"confidence_level":0.95,"lower_bound":5924809531.7,"upper_bound":6311837957.6725},"point_estimate":6145211854.9,"standard_error":98197559.28465264},"median":{"confidence_interval":{"confidence_level":0.95,"lower_bound":5895954997.0,"upper_bound":6336620330.5},"point_estimate":6261663481.5,"standard_error":87971733.30208015},"median_abs_dev":{"confidence_interval":{"confidence_level":0.95,"lower_bound":9984812.66913414,"upper_bound":495463904.24435735},"point_estimate":76860634.26555097,"standard_error":87554008.77995788},"slope":null,"std_dev":{"confidence_interval":{"confidence_level":0.95,"lower_bound":53122083.7053429,"upper_bound":411213066.5356749},"point_estimate":326971586.9723369,"standard_error":97323252.23313458}}