{"mean":{"confidence_interval":{"confidence_level":0.95,"lower_bound":296620256.76625,"upper_bound":302362791.0},"point_estimate":299447063.8,"standard_error":1469173.1848902828},"median":{"confidence_interval":{"confidence_level":0.95,"lower_bound":295070331.25,"upper_bound":303629972.0},"point_estimate":298813790.5,"standard_error":2962135.362803492},"median_abs_dev":{"confidence_interval":{"confidence_level":0.95,"lower_bound":446549.47517216206,"upper_bound":7822111.4703297615},"point_estimate":5660197.9027614,"standard_error":2225638.417098924},"slope":null,"std_dev":{"confidence_interval":{"confidence_level":0.95,"lower_bound":3230664.4033843535,"upper_bound":5679919.846427516},"point_estimate":4892011.541678957,"standard_error":636980.2773684482}}