{"mean":{"confidence_interval":{"confidence_level":0.95,"lower_bound":0.6144618166277439,"upper_bound":0.6722788591141756},"point_estimate":0.6441241228502106,"standard_error":0.014726370061958512},"median":{"confidence_interval":{"confidence_level":0.95,"lower_bound":0.6135200462910615,"upper_bound":0.6940906300193097},"point_estimate":0.6561568600299414,"standard_error":0.02696071907838809}}