{"mean":{"confidence_interval":{"confidence_level":0.95,"lower_bound":1829838174.6,"upper_bound":1893590888.125},"point_estimate":1860939591.6,"standard_error":16354675.543200608},"median":{"confidence_interval":{"confidence_level":0.95,"lower_bound":1812341152.5,"upper_bound":1910496301.0},"point_estimate":1848222353.5,"standard_error":29911953.13709117},"median_abs_dev":{"confidence_interval":{"confidence_level":0.95,"lower_bound":13523236.174714565,"upper_bound":89430543.83119047},"point_estimate":70367228.15033197,"standard_error":20667777.864206675},"slope":null,"std_dev":{"confidence_interval":{"confidence_level":0.95,"lower_bound":34195588.96958545,"upper_bound":64819567.16561009},"point_estimate":54599966.69784074,"standard_error":7817416.236518334}}