{"mean":{"confidence_interval":{"confidence_level":0.95,"lower_bound":201680559.2,"upper_bound":206579915.52916664},"point_estimate":204197289.10000002,"standard_error":1256950.967089977},"median":{"confidence_interval":{"confidence_level":0.95,"lower_bound":200762600.6666667,"upper_bound":207890097.0},"point_estimate":205046753.3333333,"standard_error":2162895.6686136485},"median_abs_dev":{"confidence_interval":{"confidence_level":0.95,"lower_bound":723897.2283482552,"upper_bound":6658835.114482038},"point_estimate":5628808.66676867,"standard_error":1540693.4788141},"slope":null,"std_dev":{"confidence_interval":{"confidence_level":0.95,"lower_bound":2570455.5785459825,"upper_bound":5058311.969230073},"point_estimate":4164230.023226145,"standard_error":646174.2957210358}}