{"mean":{"confidence_interval":{"confidence_level":0.95,"lower_bound":12215625.538839284,"upper_bound":12827439.903913688},"point_estimate":12518865.881235117,"standard_error":156699.55675350517},"median":{"confidence_interval":{"confidence_level":0.95,"lower_bound":11971257.1875,"upper_bound":13076781.458333334},"point_estimate":12450580.046875,"standard_error":288129.0424350159},"median_abs_dev":{"confidence_interval":{"confidence_level":0.95,"lower_bound":68889.70274571053,"upper_bound":843748.3245454738},"point_estimate":752950.8056855765,"standard_error":210580.90424737908},"slope":{"confidence_interval":{"confidence_level":0.95,"lower_bound":12088434.1875,"upper_bound":13051714.425721234},"point_estimate":12494969.719155844,"standard_error":249919.79942463216},"std_dev":{"confidence_interval":{"confidence_level":0.95,"lower_bound":341696.2120566476,"upper_bound":607108.0326251793},"point_estimate":524904.5133208313,"standard_error":67758.93560969761}}