{"mean":{"confidence_interval":{"confidence_level":0.95,"lower_bound":465830227.47,"upper_bound":476880339.30999994},"point_estimate":471538003.75,"standard_error":2833343.597920146},"median":{"confidence_interval":{"confidence_level":0.95,"lower_bound":464344930.5,"upper_bound":478372964.5},"point_estimate":473463546.5,"standard_error":3491694.0706669996},"median_abs_dev":{"confidence_interval":{"confidence_level":0.95,"lower_bound":1481492.471498251,"upper_bound":16029919.47056204},"point_estimate":9891816.58578515,"standard_error":3839968.023975425},"slope":null,"std_dev":{"confidence_interval":{"confidence_level":0.95,"lower_bound":4958502.00897894,"upper_bound":11851439.43367425},"point_estimate":9449848.751512196,"standard_error":1737269.4310158435}}