{"mean":{"confidence_interval":{"confidence_level":0.95,"lower_bound":311765777.16625,"upper_bound":318613159.6475},"point_estimate":315058069.7,"standard_error":1749855.8834306933},"median":{"confidence_interval":{"confidence_level":0.95,"lower_bound":310072346.5,"upper_bound":318817101.0},"point_estimate":314584376.75,"standard_error":2684181.2649635402},"median_abs_dev":{"confidence_interval":{"confidence_level":0.95,"lower_bound":932685.1109415293,"upper_bound":11116752.174188197},"point_estimate":6408744.838272035,"standard_error":2300200.316640916},"slope":null,"std_dev":{"confidence_interval":{"confidence_level":0.95,"lower_bound":3290053.026922015,"upper_bound":7600761.905403003},"point_estimate":5863098.379808017,"standard_error":1181863.3186913498}}