{"mean":{"confidence_interval":{"confidence_level":0.95,"lower_bound":5950560.689361608,"upper_bound":5986674.85953869},"point_estimate":5969317.515610119,"standard_error":9298.722114613973},"median":{"confidence_interval":{"confidence_level":0.95,"lower_bound":5940247.5375,"upper_bound":5993220.095238095},"point_estimate":5978267.4296875,"standard_error":12920.923732900314},"median_abs_dev":{"confidence_interval":{"confidence_level":0.95,"lower_bound":3802.489678117136,"upper_bound":51585.247582616284},"point_estimate":29072.156168240825,"standard_error":12264.287397556254},"slope":{"confidence_interval":{"confidence_level":0.95,"lower_bound":5967022.978142076,"upper_bound":5996294.859235197},"point_estimate":5984516.178571428,"standard_error":7397.321454215266},"std_dev":{"confidence_interval":{"confidence_level":0.95,"lower_bound":16611.39454560079,"upper_bound":38870.62963857055},"point_estimate":31064.59179190193,"standard_error":5626.223275035562}}