{"mean":{"confidence_interval":{"confidence_level":0.95,"lower_bound":268019323.55,"upper_bound":352850421.5},"point_estimate":312866623.95,"standard_error":21748570.343139045},"median":{"confidence_interval":{"confidence_level":0.95,"lower_bound":243818441.5,"upper_bound":376173176.75},"point_estimate":320491353.5,"standard_error":31531868.943645418},"median_abs_dev":{"confidence_interval":{"confidence_level":0.95,"lower_bound":4273821.632574499,"upper_bound":130100300.05480796},"point_estimate":79092050.63728541,"standard_error":33773559.476527385},"slope":null,"std_dev":{"confidence_interval":{"confidence_level":0.95,"lower_bound":35109910.21680218,"upper_bound":88938966.84618394},"point_estimate":72321045.20086764,"standard_error":13909451.99030947}}