{"mean":{"confidence_interval":{"confidence_level":0.95,"lower_bound":199977852.2,"upper_bound":201063294.73000002},"point_estimate":200417996.43333334,"standard_error":288814.27172705636},"median":{"confidence_interval":{"confidence_level":0.95,"lower_bound":199867667.66666666,"upper_bound":200519060.1666667},"point_estimate":200240957.5,"standard_error":214216.24139075403},"median_abs_dev":{"confidence_interval":{"confidence_level":0.95,"lower_bound":80124.15037751198,"upper_bound":885523.8528788384},"point_estimate":468685.1869791672,"standard_error":202966.23175886026},"slope":null,"std_dev":{"confidence_interval":{"confidence_level":0.95,"lower_bound":254939.41757175623,"upper_bound":1445482.6952895608},"point_estimate":960328.8294831327,"standard_error":390231.38194977783}}