{"mean":{"confidence_interval":{"confidence_level":0.95,"lower_bound":486815908.2,"upper_bound":515745878.75},"point_estimate":499789632.95,"standard_error":7442789.749159217},"median":{"confidence_interval":{"confidence_level":0.95,"lower_bound":485370701.0,"upper_bound":506929363.5},"point_estimate":496588575.75,"standard_error":6241162.274700125},"median_abs_dev":{"confidence_interval":{"confidence_level":0.95,"lower_bound":3870284.606538713,"upper_bound":31951903.068490326},"point_estimate":15981436.22752279,"standard_error":7053259.440670841},"slope":null,"std_dev":{"confidence_interval":{"confidence_level":0.95,"lower_bound":8651569.037840635,"upper_bound":35614029.07653662},"point_estimate":24832567.63544572,"standard_error":7852394.667255116}}