{"mean":{"confidence_interval":{"confidence_level":0.95,"lower_bound":551940495.3,"upper_bound":735237209.2724999},"point_estimate":642660547.6,"standard_error":47898963.31174012},"median":{"confidence_interval":{"confidence_level":0.95,"lower_bound":491502827.0,"upper_bound":821718952.5},"point_estimate":583032562.5,"standard_error":109658972.60290752},"median_abs_dev":{"confidence_interval":{"confidence_level":0.95,"lower_bound":1490908.4639310837,"upper_bound":241270988.2595837},"point_estimate":137025450.03121197,"standard_error":71379657.95868127},"slope":null,"std_dev":{"confidence_interval":{"confidence_level":0.95,"lower_bound":103566755.2423446,"upper_bound":173569563.4145676},"point_estimate":159648792.17763788,"standard_error":18087906.9369721}}