{"mean":{"confidence_interval":{"confidence_level":0.95,"lower_bound":2236018626.0,"upper_bound":2682222850.305},"point_estimate":2477176700.6,"standard_error":114659866.8415404},"median":{"confidence_interval":{"confidence_level":0.95,"lower_bound":2172708546.0,"upper_bound":2783839902.0},"point_estimate":2573123282.5,"standard_error":136535695.9568909},"median_abs_dev":{"confidence_interval":{"confidence_level":0.95,"lower_bound":48733953.65999937,"upper_bound":569689597.3435879},"point_estimate":280860942.08882153,"standard_error":134570487.73093322},"slope":null,"std_dev":{"confidence_interval":{"confidence_level":0.95,"lower_bound":138649359.77244416,"upper_bound":484548612.97979116},"point_estimate":383723447.7299446,"standard_error":90451420.61234891}}