{"mean":{"confidence_interval":{"confidence_level":0.95,"lower_bound":76288498.15411457,"upper_bound":78029302.98125},"point_estimate":76963200.03625001,"standard_error":480577.93699314684},"median":{"confidence_interval":{"confidence_level":0.95,"lower_bound":76220942.08333334,"upper_bound":76996764.5},"point_estimate":76361645.80625,"standard_error":236394.0947760358},"median_abs_dev":{"confidence_interval":{"confidence_level":0.95,"lower_bound":20686.33133900893,"upper_bound":1007929.2835056782},"point_estimate":295502.93115377426,"standard_error":281900.65856089524},"slope":{"confidence_interval":{"confidence_level":0.95,"lower_bound":76118471.11742768,"upper_bound":76469934.92565417},"point_estimate":76245880.80519481,"standard_error":89540.26459949551},"std_dev":{"confidence_interval":{"confidence_level":0.95,"lower_bound":212493.3811587627,"upper_bound":2441321.176317009},"point_estimate":1605340.4143420288,"standard_error":728009.2515698429}}