{"mean":{"confidence_interval":{"confidence_level":0.95,"lower_bound":6387260775.3025,"upper_bound":7283392256.6875},"point_estimate":6815457721.8,"standard_error":224068527.7824369},"median":{"confidence_interval":{"confidence_level":0.95,"lower_bound":6290334930.0,"upper_bound":7821898185.0},"point_estimate":6423423477.5,"standard_error":369316274.6745347},"median_abs_dev":{"confidence_interval":{"confidence_level":0.95,"lower_bound":38923882.44766295,"upper_bound":1178187704.911387},"point_estimate":204376588.73139024,"standard_error":306904802.0396774},"slope":null,"std_dev":{"confidence_interval":{"confidence_level":0.95,"lower_bound":94025067.55570085,"upper_bound":838834922.100259},"point_estimate":749839716.7517449,"standard_error":145103149.85630727}}