{"mean":{"confidence_interval":{"confidence_level":0.95,"lower_bound":3080801.7832974135,"upper_bound":3177071.734512452},"point_estimate":3131041.388113027,"standard_error":24650.793304089202},"median":{"confidence_interval":{"confidence_level":0.95,"lower_bound":3068909.6853448274,"upper_bound":3199107.777059387},"point_estimate":3139809.8948275866,"standard_error":29240.56580910066},"median_abs_dev":{"confidence_interval":{"confidence_level":0.95,"lower_bound":20391.498547288866,"upper_bound":141642.84552039416},"point_estimate":56509.95835019592,"standard_error":31794.957183562263},"slope":{"confidence_interval":{"confidence_level":0.95,"lower_bound":3134779.6146267527,"upper_bound":3205915.8435820113},"point_estimate":3171911.163367667,"standard_error":18432.72784515829},"std_dev":{"confidence_interval":{"confidence_level":0.95,"lower_bound":40709.50776834972,"upper_bound":105813.80377901594},"point_estimate":82033.68929882422,"standard_error":16935.928269783388}}