{"mean":{"confidence_interval":{"confidence_level":0.95,"lower_bound":1206556354.17,"upper_bound":1259066900.0},"point_estimate":1233953513.0,"standard_error":13420280.670108661},"median":{"confidence_interval":{"confidence_level":0.95,"lower_bound":1208457097.0,"upper_bound":1263310795.5},"point_estimate":1237006449.5,"standard_error":12365265.770745637},"median_abs_dev":{"confidence_interval":{"confidence_level":0.95,"lower_bound":9499771.933445334,"upper_bound":73043766.62411392},"point_estimate":28490037.689700723,"standard_error":16838526.24141556},"slope":null,"std_dev":{"confidence_interval":{"confidence_level":0.95,"lower_bound":19721118.295349058,"upper_bound":60967766.975396514},"point_estimate":44818611.30974553,"standard_error":10869506.844300512}}