{"mean":{"confidence_interval":{"confidence_level":0.95,"lower_bound":464476660.15,"upper_bound":481095613.75},"point_estimate":472994071.6,"standard_error":4260577.25972315},"median":{"confidence_interval":{"confidence_level":0.95,"lower_bound":455726509.5,"upper_bound":486311665.5},"point_estimate":476111774.0,"standard_error":7569502.806525881},"median_abs_dev":{"confidence_interval":{"confidence_level":0.95,"lower_bound":1272731.6463544965,"upper_bound":23622024.08747524},"point_estimate":15489289.760810137,"standard_error":5817396.366549006},"slope":null,"std_dev":{"confidence_interval":{"confidence_level":0.95,"lower_bound":8661408.846129816,"upper_bound":16547691.627376592},"point_estimate":14206560.430773722,"standard_error":1988189.5665948195}}