{"mean":{"confidence_interval":{"confidence_level":0.95,"lower_bound":222119309.71,"upper_bound":226107400.01},"point_estimate":223988778.33333334,"standard_error":1022276.4828443171},"median":{"confidence_interval":{"confidence_level":0.95,"lower_bound":221379513.66666666,"upper_bound":226047587.3333333},"point_estimate":223394648.1666667,"standard_error":1252156.4422311252},"median_abs_dev":{"confidence_interval":{"confidence_level":0.95,"lower_bound":702138.5911345482,"upper_bound":5752200.767678015},"point_estimate":3181226.6243219376,"standard_error":1221381.0177005334},"slope":null,"std_dev":{"confidence_interval":{"confidence_level":0.95,"lower_bound":1688919.788467639,"upper_bound":4544454.069170551},"point_estimate":3401445.3406623784,"standard_error":792895.6534268243}}