{"mean":{"confidence_interval":{"confidence_level":0.95,"lower_bound":-0.07453816240653297,"upper_bound":0.06301479148281451},"point_estimate":-0.01040897051915557,"standard_error":0.035177593857564936},"median":{"confidence_interval":{"confidence_level":0.95,"lower_bound":-0.14026539044066455,"upper_bound":0.06670186474044248},"point_estimate":-0.000878611970652976,"standard_error":0.041205412649872326}}