{"mean":{"confidence_interval":{"confidence_level":0.95,"lower_bound":-0.010048638671488122,"upper_bound":0.00499290229922741},"point_estimate":-0.0033783894395604808,"standard_error":0.003905342076645613},"median":{"confidence_interval":{"confidence_level":0.95,"lower_bound":-0.011665657967888654,"upper_bound":-0.001361269406369714},"point_estimate":-0.006595136873072671,"standard_error":0.0025785114904049848}}