{"mean":{"confidence_interval":{"confidence_level":0.95,"lower_bound":4626081062.5,"upper_bound":4692772684.8},"point_estimate":4657928098.0,"standard_error":17208546.517967027},"median":{"confidence_interval":{"confidence_level":0.95,"lower_bound":4609257571.0,"upper_bound":4705581522.5},"point_estimate":4643776433.5,"standard_error":24035326.14628179},"median_abs_dev":{"confidence_interval":{"confidence_level":0.95,"lower_bound":12347872.428381443,"upper_bound":96679302.01579928},"point_estimate":51736689.332190156,"standard_error":21926946.105103362},"slope":null,"std_dev":{"confidence_interval":{"confidence_level":0.95,"lower_bound":28373642.555016767,"upper_bound":70220737.97903667},"point_estimate":57353873.40265337,"standard_error":10274467.233183691}}