{"mean":{"confidence_interval":{"confidence_level":0.95,"lower_bound":1058267364.0825001,"upper_bound":1234726311.2275},"point_estimate":1142335161.7,"standard_error":44275502.00626769},"median":{"confidence_interval":{"confidence_level":0.95,"lower_bound":1041844596.5,"upper_bound":1352444152.0},"point_estimate":1063460938.0,"standard_error":74255855.40881653},"median_abs_dev":{"confidence_interval":{"confidence_level":0.95,"lower_bound":4490105.911284685,"upper_bound":219585409.1247797},"point_estimate":38721532.01415539,"standard_error":57976592.094836794},"slope":null,"std_dev":{"confidence_interval":{"confidence_level":0.95,"lower_bound":22058055.647323634,"upper_bound":165427249.78457144},"point_estimate":147903183.96149158,"standard_error":28348996.629294414}}