{"mean":{"confidence_interval":{"confidence_level":0.95,"lower_bound":26016295.444275793,"upper_bound":26434060.18781176},"point_estimate":26184450.18802579,"standard_error":111955.16336526496},"median":{"confidence_interval":{"confidence_level":0.95,"lower_bound":25990961.81111111,"upper_bound":26235891.140625},"point_estimate":26065418.885416664,"standard_error":62536.28160145344},"median_abs_dev":{"confidence_interval":{"confidence_level":0.95,"lower_bound":22617.150848468333,"upper_bound":314924.3699702259},"point_estimate":124972.67676670442,"standard_error":78049.52664866895},"slope":{"confidence_interval":{"confidence_level":0.95,"lower_bound":25947367.45435105,"upper_bound":26111391.687251773},"point_estimate":26011202.770779222,"standard_error":42562.54655005568},"std_dev":{"confidence_interval":{"confidence_level":0.95,"lower_bound":70439.16103490395,"upper_bound":556782.5245844163},"point_estimate":372150.40566656523,"standard_error":152602.039674625}}