{"mean":{"confidence_interval":{"confidence_level":0.95,"lower_bound":-0.002981449470747538,"upper_bound":0.011101730573746832},"point_estimate":0.004204111958180823,"standard_error":0.0036652717982130893},"median":{"confidence_interval":{"confidence_level":0.95,"lower_bound":-0.004579743773944767,"upper_bound":0.012242463257842395},"point_estimate":0.006918357651333196,"standard_error":0.004589494732799776}}