{"mean":{"confidence_interval":{"confidence_level":0.95,"lower_bound":6824603.794148351,"upper_bound":7349734.427918268},"point_estimate":7134558.846797924,"standard_error":139504.7817041477},"median":{"confidence_interval":{"confidence_level":0.95,"lower_bound":7060703.997863248,"upper_bound":7417823.67032967},"point_estimate":7255812.985576923,"standard_error":89166.55459950908},"median_abs_dev":{"confidence_interval":{"confidence_level":0.95,"lower_bound":17037.229486631884,"upper_bound":421412.8137507348},"point_estimate":228947.91860459268,"standard_error":104787.30621961202},"slope":{"confidence_interval":{"confidence_level":0.95,"lower_bound":7236538.789940828,"upper_bound":7366172.6064037485},"point_estimate":7304250.4775224775,"standard_error":32967.00981751227},"std_dev":{"confidence_interval":{"confidence_level":0.95,"lower_bound":101137.832451945,"upper_bound":692542.5266936485},"point_estimate":466087.6106805432,"standard_error":183560.46985816356}}