{"mean":{"confidence_interval":{"confidence_level":0.95,"lower_bound":6897279488.6,"upper_bound":7798369553.6},"point_estimate":7350492418.7,"standard_error":230449468.448135},"median":{"confidence_interval":{"confidence_level":0.95,"lower_bound":6459487532.0,"upper_bound":8029324702.0},"point_estimate":7831865323.5,"standard_error":538457299.0803484},"median_abs_dev":{"confidence_interval":{"confidence_level":0.95,"lower_bound":10591814.302557707,"upper_bound":1063655060.7748479},"point_estimate":303356550.09744465,"standard_error":364685170.9688427},"slope":null,"std_dev":{"confidence_interval":{"confidence_level":0.95,"lower_bound":476171400.1668989,"upper_bound":811841189.4515362},"point_estimate":767939534.6119432,"standard_error":89208773.9722151}}