{"mean":{"confidence_interval":{"confidence_level":0.95,"lower_bound":56734491.71208334,"upper_bound":57406138.152596734},"point_estimate":57064716.41585318,"standard_error":171631.54433609682},"median":{"confidence_interval":{"confidence_level":0.95,"lower_bound":56671083.833333336,"upper_bound":57522181.14444444},"point_estimate":57014189.64732143,"standard_error":163864.44824086875},"median_abs_dev":{"confidence_interval":{"confidence_level":0.95,"lower_bound":43496.508761535915,"upper_bound":998502.0171355437},"point_estimate":423297.79800996,"standard_error":268279.93137550476},"slope":{"confidence_interval":{"confidence_level":0.95,"lower_bound":56914534.12045454,"upper_bound":57269964.52316602},"point_estimate":57058550.87662338,"standard_error":89999.62349775065},"std_dev":{"confidence_interval":{"confidence_level":0.95,"lower_bound":244089.07841954965,"upper_bound":751225.3433334631},"point_estimate":573064.2330363571,"standard_error":122355.9468247785}}