{"mean":{"confidence_interval":{"confidence_level":0.95,"lower_bound":860303670.9725001,"upper_bound":981223365.525},"point_estimate":916537849.2,"standard_error":31279108.335297924},"median":{"confidence_interval":{"confidence_level":0.95,"lower_bound":843584532.5,"upper_bound":1059235337.0},"point_estimate":862167023.5,"standard_error":53456679.85704987},"median_abs_dev":{"confidence_interval":{"confidence_level":0.95,"lower_bound":5931486.640495062,"upper_bound":154855709.5529616},"point_estimate":41471989.957425,"standard_error":38829498.39812378},"slope":null,"std_dev":{"confidence_interval":{"confidence_level":0.95,"lower_bound":27086912.643582545,"upper_bound":117896625.86886251},"point_estimate":103994993.26344337,"standard_error":18750955.756970447}}