{"mean":{"confidence_interval":{"confidence_level":0.95,"lower_bound":715598786.1,"upper_bound":754779100.3199999},"point_estimate":735408843.7,"standard_error":10037324.272682436},"median":{"confidence_interval":{"confidence_level":0.95,"lower_bound":704569313.0,"upper_bound":763071256.0},"point_estimate":738203747.0,"standard_error":14721622.166239709},"median_abs_dev":{"confidence_interval":{"confidence_level":0.95,"lower_bound":8725182.388097048,"upper_bound":54104294.00165677},"point_estimate":41678576.92035735,"standard_error":12003742.07205836},"slope":null,"std_dev":{"confidence_interval":{"confidence_level":0.95,"lower_bound":19611477.123540167,"upper_bound":41449434.206300594},"point_estimate":33400952.303898394,"standard_error":5633718.062102415}}