{"mean":{"confidence_interval":{"confidence_level":0.95,"lower_bound":6320745942.4,"upper_bound":6921067787.585},"point_estimate":6613716669.5,"standard_error":153784245.14804003},"median":{"confidence_interval":{"confidence_level":0.95,"lower_bound":6301181347.5,"upper_bound":7065391569.0},"point_estimate":6522506196.0,"standard_error":187885250.31158736},"median_abs_dev":{"confidence_interval":{"confidence_level":0.95,"lower_bound":98327257.10584223,"upper_bound":937211393.7747717},"point_estimate":393380979.74139154,"standard_error":228720431.62119094},"slope":null,"std_dev":{"confidence_interval":{"confidence_level":0.95,"lower_bound":262477729.19354147,"upper_bound":649111257.7411617},"point_estimate":512384458.41319984,"standard_error":95497039.02345075}}