{"mean":{"confidence_interval":{"confidence_level":0.95,"lower_bound":387064852.98125,"upper_bound":408713325.1},"point_estimate":397762674.95,"standard_error":5490198.562714498},"median":{"confidence_interval":{"confidence_level":0.95,"lower_bound":381308413.75,"upper_bound":413896502.0},"point_estimate":399778163.0,"standard_error":7357481.515241587},"median_abs_dev":{"confidence_interval":{"confidence_level":0.95,"lower_bound":1663020.9003254771,"upper_bound":31110312.23578155},"point_estimate":21359570.226591825,"standard_error":7407747.721164561},"slope":null,"std_dev":{"confidence_interval":{"confidence_level":0.95,"lower_bound":10497594.841793425,"upper_bound":22822328.16874505},"point_estimate":18208039.12389162,"standard_error":3187616.8423660444}}