{"mean":{"confidence_interval":{"confidence_level":0.95,"lower_bound":299005115.45,"upper_bound":324586212.26874995},"point_estimate":308585996.55,"standard_error":7241337.426954843},"median":{"confidence_interval":{"confidence_level":0.95,"lower_bound":297452976.75,"upper_bound":306057341.0},"point_estimate":302741444.25,"standard_error":3099557.114851667},"median_abs_dev":{"confidence_interval":{"confidence_level":0.95,"lower_bound":1005093.069756031,"upper_bound":11434183.870902658},"point_estimate":5995827.772852778,"standard_error":3044970.291503963},"slope":null,"std_dev":{"confidence_interval":{"confidence_level":0.95,"lower_bound":3313138.939957372,"upper_bound":37096992.23968904},"point_estimate":24158048.411273714,"standard_error":11819611.527298374}}