{"mean":{"confidence_interval":{"confidence_level":0.95,"lower_bound":1.1871699360948549,"upper_bound":1.2576502442353927},"point_estimate":1.2242643637662436,"standard_error":0.017759920625447446},"median":{"confidence_interval":{"confidence_level":0.95,"lower_bound":1.2004089562151412,"upper_bound":1.2569578313158467},"point_estimate":1.2381627454797504,"standard_error":0.015966612207528347}}