{"mean":{"confidence_interval":{"confidence_level":0.95,"lower_bound":470919919.065,"upper_bound":476233235.0475},"point_estimate":473220934.35,"standard_error":1377420.108198564},"median":{"confidence_interval":{"confidence_level":0.95,"lower_bound":469894115.5,"upper_bound":474932574.25},"point_estimate":471579294.25,"standard_error":1223140.570985811},"median_abs_dev":{"confidence_interval":{"confidence_level":0.95,"lower_bound":450876.0725453496,"upper_bound":5696712.486863136},"point_estimate":2688635.006967187,"standard_error":1426916.948833949},"slope":null,"std_dev":{"confidence_interval":{"confidence_level":0.95,"lower_bound":1273825.2194606834,"upper_bound":6497404.047782989},"point_estimate":4584293.699104415,"standard_error":1458040.6442546865}}