{"mean":{"confidence_interval":{"confidence_level":0.95,"lower_bound":3708850766.7,"upper_bound":4083440254.3824997},"point_estimate":3898226374.5,"standard_error":91035711.62798807},"median":{"confidence_interval":{"confidence_level":0.95,"lower_bound":3471418719.0,"upper_bound":4085512969.0},"point_estimate":4083128812.0,"standard_error":155004613.20331264},"median_abs_dev":{"confidence_interval":{"confidence_level":0.95,"lower_bound":1090200.2386450768,"upper_bound":466599997.8366941},"point_estimate":5831045.681378245,"standard_error":138007191.57095468},"slope":null,"std_dev":{"confidence_interval":{"confidence_level":0.95,"lower_bound":11143493.028294967,"upper_bound":333608751.9480575},"point_estimate":303746262.6659119,"standard_error":61816841.63514532}}