{"mean":{"confidence_interval":{"confidence_level":0.95,"lower_bound":5833566677.6,"upper_bound":6640694971.2},"point_estimate":6232699750.0,"standard_error":206470817.80884993},"median":{"confidence_interval":{"confidence_level":0.95,"lower_bound":5632543467.5,"upper_bound":6812157606.5},"point_estimate":6257292621.5,"standard_error":315512256.81019336},"median_abs_dev":{"confidence_interval":{"confidence_level":0.95,"lower_bound":179478546.81471884,"upper_bound":1179071003.1346054},"point_estimate":749920869.8018432,"standard_error":256678163.85373583},"slope":null,"std_dev":{"confidence_interval":{"confidence_level":0.95,"lower_bound":414356784.6921023,"upper_bound":838210075.9926853},"point_estimate":687763090.9464333,"standard_error":108735043.90455396}}