{"mean":{"confidence_interval":{"confidence_level":0.95,"lower_bound":10908891155.1,"upper_bound":11034794236.3},"point_estimate":10970951913.9,"standard_error":32153013.108051896},"median":{"confidence_interval":{"confidence_level":0.95,"lower_bound":10858487827.0,"upper_bound":11067082356.0},"point_estimate":10960670692.0,"standard_error":57104840.543192364},"median_abs_dev":{"confidence_interval":{"confidence_level":0.95,"lower_bound":17295204.01724875,"upper_bound":169152172.76364863},"point_estimate":153553907.4569732,"standard_error":40707590.498521335},"slope":null,"std_dev":{"confidence_interval":{"confidence_level":0.95,"lower_bound":67704596.90804283,"upper_bound":128101841.73338264},"point_estimate":107108139.90216896,"standard_error":15509958.986466572}}