{"mean":{"confidence_interval":{"confidence_level":0.95,"lower_bound":-0.00936479472362133,"upper_bound":0.0012384987349136067},"point_estimate":-0.0045635355891128215,"standard_error":0.0027532363848716533},"median":{"confidence_interval":{"confidence_level":0.95,"lower_bound":-0.01064757711551323,"upper_bound":-0.0006788574731564356},"point_estimate":-0.005621614432524957,"standard_error":0.002850770109380931}}