{"mean":{"confidence_interval":{"confidence_level":0.95,"lower_bound":1199924155.8,"upper_bound":1222999975.2},"point_estimate":1211993757.5,"standard_error":5923714.743046207},"median":{"confidence_interval":{"confidence_level":0.95,"lower_bound":1195226066.0,"upper_bound":1225485888.5},"point_estimate":1217921553.5,"standard_error":7256561.886879088},"median_abs_dev":{"confidence_interval":{"confidence_level":0.95,"lower_bound":1950710.1589679718,"upper_bound":31980009.82814133},"point_estimate":12712612.778306007,"standard_error":8977655.841015706},"slope":null,"std_dev":{"confidence_interval":{"confidence_level":0.95,"lower_bound":8961730.187710842,"upper_bound":24394746.453689236},"point_estimate":19719269.33733534,"standard_error":3742462.4942720947}}