{"mean":{"confidence_interval":{"confidence_level":0.95,"lower_bound":3808524229.7,"upper_bound":4488520698.215},"point_estimate":4167684682.4,"standard_error":176288865.41180107},"median":{"confidence_interval":{"confidence_level":0.95,"lower_bound":3394834079.0,"upper_bound":4650605136.0},"point_estimate":4463043795.0,"standard_error":315830949.8633418},"median_abs_dev":{"confidence_interval":{"confidence_level":0.95,"lower_bound":15206897.461223602,"upper_bound":853319624.0204483},"point_estimate":293285336.69094443,"standard_error":245476124.47095963},"slope":null,"std_dev":{"confidence_interval":{"confidence_level":0.95,"lower_bound":220577528.30796686,"upper_bound":670809618.3901368},"point_estimate":589301200.1259325,"standard_error":98442887.56603108}}