{"mean":{"confidence_interval":{"confidence_level":0.95,"lower_bound":320923518.62625,"upper_bound":326101930.66375},"point_estimate":323477420.45,"standard_error":1322702.6334956847},"median":{"confidence_interval":{"confidence_level":0.95,"lower_bound":319558360.25,"upper_bound":326401825.25},"point_estimate":323370895.0,"standard_error":1738989.1767168895},"median_abs_dev":{"confidence_interval":{"confidence_level":0.95,"lower_bound":913833.852276206,"upper_bound":7518129.179276526},"point_estimate":3932810.29522866,"standard_error":1722315.1860120867},"slope":null,"std_dev":{"confidence_interval":{"confidence_level":0.95,"lower_bound":2382655.544721416,"upper_bound":5703241.080893831},"point_estimate":4404427.376849858,"standard_error":853685.2660013165}}