{"mean":{"confidence_interval":{"confidence_level":0.95,"lower_bound":315509757.7125,"upper_bound":419750104.56624997},"point_estimate":368386096.0,"standard_error":26772755.88260065},"median":{"confidence_interval":{"confidence_level":0.95,"lower_bound":258842016.5,"upper_bound":444059560.0},"point_estimate":379246828.75,"standard_error":45911005.740489684},"median_abs_dev":{"confidence_interval":{"confidence_level":0.95,"lower_bound":3530897.8281140327,"upper_bound":157278257.52420276},"point_estimate":118154252.99079269,"standard_error":37462222.96232928},"slope":null,"std_dev":{"confidence_interval":{"confidence_level":0.95,"lower_bound":55127791.72548901,"upper_bound":104775187.47197829},"point_estimate":88999101.33656356,"standard_error":12523691.833272975}}