{"mean":{"confidence_interval":{"confidence_level":0.95,"lower_bound":252074953.60375,"upper_bound":252597674.85},"point_estimate":252319273.75,"standard_error":134324.5395799027},"median":{"confidence_interval":{"confidence_level":0.95,"lower_bound":252044808.0,"upper_bound":252653557.25},"point_estimate":252257707.75,"standard_error":116531.12317287097},"median_abs_dev":{"confidence_interval":{"confidence_level":0.95,"lower_bound":20712.662932276726,"upper_bound":754779.7857999802},"point_estimate":198017.90573447943,"standard_error":188327.0989717138},"slope":null,"std_dev":{"confidence_interval":{"confidence_level":0.95,"lower_bound":154094.17124071234,"upper_bound":584280.8404194625},"point_estimate":448846.3876095306,"standard_error":106776.50441991682}}