{"mean":{"confidence_interval":{"confidence_level":0.95,"lower_bound":19910382.236541666,"upper_bound":20830357.46509524},"point_estimate":20285984.70537302,"standard_error":244960.48703832156},"median":{"confidence_interval":{"confidence_level":0.95,"lower_bound":19882220.901388887,"upper_bound":20331539.0},"point_estimate":20132422.133333333,"standard_error":120333.71915336886},"median_abs_dev":{"confidence_interval":{"confidence_level":0.95,"lower_bound":66307.27407614494,"upper_bound":671161.5858869987},"point_estimate":308199.58374336414,"standard_error":163359.9380482271},"slope":{"confidence_interval":{"confidence_level":0.95,"lower_bound":19694222.07887931,"upper_bound":20235086.557544354},"point_estimate":19929019.274805196,"standard_error":140924.57346581455},"std_dev":{"confidence_interval":{"confidence_level":0.95,"lower_bound":167254.91531434757,"upper_bound":1234756.712798896},"point_estimate":818794.7154697754,"standard_error":341695.28951812105}}