{"mean":{"confidence_interval":{"confidence_level":0.95,"lower_bound":790388542.7,"upper_bound":959691043.0074998},"point_estimate":878870413.7,"standard_error":43465640.08916413},"median":{"confidence_interval":{"confidence_level":0.95,"lower_bound":728131122.0,"upper_bound":995722225.0},"point_estimate":955611992.0,"standard_error":77921923.03019007},"median_abs_dev":{"confidence_interval":{"confidence_level":0.95,"lower_bound":14375175.184589624,"upper_bound":224529657.64700174},"point_estimate":99684804.96084094,"standard_error":62484150.67134062},"slope":null,"std_dev":{"confidence_interval":{"confidence_level":0.95,"lower_bound":83319295.90309407,"upper_bound":171044314.10202506},"point_estimate":144203077.22844434,"standard_error":22897789.43138076}}