{"mean":{"confidence_interval":{"confidence_level":0.95,"lower_bound":798906841.7,"upper_bound":848819852.545},"point_estimate":823692401.3,"standard_error":12787007.96347873},"median":{"confidence_interval":{"confidence_level":0.95,"lower_bound":786594182.5,"upper_bound":867516221.0},"point_estimate":812822354.5,"standard_error":24158756.7001543},"median_abs_dev":{"confidence_interval":{"confidence_level":0.95,"lower_bound":6971135.409137607,"upper_bound":65068005.16421199},"point_estimate":61907907.81341493,"standard_error":16509607.130092423},"slope":null,"std_dev":{"confidence_interval":{"confidence_level":0.95,"lower_bound":27820470.799770184,"upper_bound":49329812.021528},"point_estimate":42504126.53344059,"standard_error":5534772.009992847}}