{"mean":{"confidence_interval":{"confidence_level":0.95,"lower_bound":24958380832.84,"upper_bound":29259890616.2},"point_estimate":27107175248.9,"standard_error":1111872751.040663},"median":{"confidence_interval":{"confidence_level":0.95,"lower_bound":24237318558.0,"upper_bound":31387746243.0},"point_estimate":24282801871.5,"standard_error":2715265227.1277146},"median_abs_dev":{"confidence_interval":{"confidence_level":0.95,"lower_bound":19408366.36183262,"upper_bound":5322351001.595181},"point_estimate":120300799.40963387,"standard_error":2094082372.0260117},"slope":null,"std_dev":{"confidence_interval":{"confidence_level":0.95,"lower_bound":2260491611.924581,"upper_bound":3785664339.5591497},"point_estimate":3696486489.685024,"standard_error":444735770.56569386}}