{"mean":{"confidence_interval":{"confidence_level":0.95,"lower_bound":2808338270.0,"upper_bound":3125818733.165},"point_estimate":2978145644.4,"standard_error":81541800.74394953},"median":{"confidence_interval":{"confidence_level":0.95,"lower_bound":2781665939.0,"upper_bound":3176531579.5},"point_estimate":3054190596.5,"standard_error":105631506.32040781},"median_abs_dev":{"confidence_interval":{"confidence_level":0.95,"lower_bound":47835971.02534175,"upper_bound":471065831.3625097},"point_estimate":263543672.53616452,"standard_error":98831138.79224242},"slope":null,"std_dev":{"confidence_interval":{"confidence_level":0.95,"lower_bound":133630937.26696181,"upper_bound":362763324.5006081},"point_estimate":272259402.1290432,"standard_error":63422699.966292374}}