{"mean":{"confidence_interval":{"confidence_level":0.95,"lower_bound":186934725.7,"upper_bound":193471801.86666662},"point_estimate":190250096.6,"standard_error":1671132.5485028576},"median":{"confidence_interval":{"confidence_level":0.95,"lower_bound":184997807.66666666,"upper_bound":195083159.0},"point_estimate":191033356.5,"standard_error":2231250.0795806195},"median_abs_dev":{"confidence_interval":{"confidence_level":0.95,"lower_bound":396699.7691571418,"upper_bound":9933815.430739537},"point_estimate":6839732.573470473,"standard_error":2581902.4102283106},"slope":null,"std_dev":{"confidence_interval":{"confidence_level":0.95,"lower_bound":3196297.7912139706,"upper_bound":6807787.790998513},"point_estimate":5577282.182676123,"standard_error":909767.8849752962}}