{"mean":{"confidence_interval":{"confidence_level":0.95,"lower_bound":316319304.75,"upper_bound":322025495.20624995},"point_estimate":319066149.95,"standard_error":1458768.1139352636},"median":{"confidence_interval":{"confidence_level":0.95,"lower_bound":315385552.5,"upper_bound":322934754.5},"point_estimate":317860347.25,"standard_error":2101292.907196551},"median_abs_dev":{"confidence_interval":{"confidence_level":0.95,"lower_bound":853305.225750804,"upper_bound":7890450.062866509},"point_estimate":4141592.618072033,"standard_error":1854334.4031475275},"slope":null,"std_dev":{"confidence_interval":{"confidence_level":0.95,"lower_bound":2560494.5785088087,"upper_bound":6158408.263467888},"point_estimate":4851892.897463653,"standard_error":930712.8783843408}}