{"mean":{"confidence_interval":{"confidence_level":0.95,"lower_bound":1139192.822752193,"upper_bound":1160680.6478101504},"point_estimate":1149741.4125140975,"standard_error":5482.750425793503},"median":{"confidence_interval":{"confidence_level":0.95,"lower_bound":1137525.4166666665,"upper_bound":1162422.092379386},"point_estimate":1148907.4555921052,"standard_error":7163.763800517951},"median_abs_dev":{"confidence_interval":{"confidence_level":0.95,"lower_bound":1150.333388130289,"upper_bound":30950.954544721353},"point_estimate":13471.666955566987,"standard_error":7436.091077861829},"slope":{"confidence_interval":{"confidence_level":0.95,"lower_bound":1140612.7933955023,"upper_bound":1172476.6330091534},"point_estimate":1157429.3700615175,"standard_error":8471.56487735109},"std_dev":{"confidence_interval":{"confidence_level":0.95,"lower_bound":9343.275369689914,"upper_bound":23991.86320930889},"point_estimate":18324.35017046957,"standard_error":3742.0854393422965}}