{"mean":{"confidence_interval":{"confidence_level":0.95,"lower_bound":19756628.67777778,"upper_bound":22255324.28965278},"point_estimate":21062315.2455873,"standard_error":638453.2620882438},"median":{"confidence_interval":{"confidence_level":0.95,"lower_bound":19042157.244444445,"upper_bound":22280139.075000003},"point_estimate":22159198.35,"standard_error":907803.577692172},"median_abs_dev":{"confidence_interval":{"confidence_level":0.95,"lower_bound":47657.75608390864,"upper_bound":3449430.3150803666},"point_estimate":1073130.641548123,"standard_error":1060674.372197321},"slope":{"confidence_interval":{"confidence_level":0.95,"lower_bound":18552762.48868309,"upper_bound":21476890.15271318},"point_estimate":19550549.816103894,"standard_error":709578.626470669},"std_dev":{"confidence_interval":{"confidence_level":0.95,"lower_bound":1016123.2987182699,"upper_bound":2658403.354151652},"point_estimate":2132993.890669421,"standard_error":405778.787110661}}