{"mean":{"confidence_interval":{"confidence_level":0.95,"lower_bound":797244027.115,"upper_bound":821468309.8},"point_estimate":809320164.4,"standard_error":6207508.6117774425},"median":{"confidence_interval":{"confidence_level":0.95,"lower_bound":789482870.0,"upper_bound":825253731.0},"point_estimate":809721390.5,"standard_error":8010700.632752126},"median_abs_dev":{"confidence_interval":{"confidence_level":0.95,"lower_bound":3086689.378300309,"upper_bound":37207758.89343023},"point_estimate":22277706.583991647,"standard_error":9339130.276735343},"slope":null,"std_dev":{"confidence_interval":{"confidence_level":0.95,"lower_bound":11838569.694333637,"upper_bound":25749565.016574327},"point_estimate":20592969.67467598,"standard_error":3598340.5862430427}}