{"mean":{"confidence_interval":{"confidence_level":0.95,"lower_bound":9760145425.3975,"upper_bound":9838499006.1},"point_estimate":9801273854.6,"standard_error":20096088.294382274},"median":{"confidence_interval":{"confidence_level":0.95,"lower_bound":9742918222.5,"upper_bound":9855919222.5},"point_estimate":9824666175.5,"standard_error":30976388.716458116},"median_abs_dev":{"confidence_interval":{"confidence_level":0.95,"lower_bound":11408823.998352885,"upper_bound":111962207.92987347},"point_estimate":64223137.41491139,"standard_error":26491189.79092762},"slope":null,"std_dev":{"confidence_interval":{"confidence_level":0.95,"lower_bound":34245375.81440066,"upper_bound":80494769.51112407},"point_estimate":66963365.09108926,"standard_error":11528975.680297341}}