{"mean":{"confidence_interval":{"confidence_level":0.95,"lower_bound":14237594411.9,"upper_bound":15944306827.0},"point_estimate":15194918890.1,"standard_error":431322338.83484095},"median":{"confidence_interval":{"confidence_level":0.95,"lower_bound":14198784449.5,"upper_bound":15982949632.5},"point_estimate":15973643282.0,"standard_error":438339777.7235135},"median_abs_dev":{"confidence_interval":{"confidence_level":0.95,"lower_bound":1674485.4752719402,"upper_bound":1987388072.9545088},"point_estimate":20166827.443367243,"standard_error":435181052.52730894},"slope":null,"std_dev":{"confidence_interval":{"confidence_level":0.95,"lower_bound":58819237.255890444,"upper_bound":1788246256.585626},"point_estimate":1433315577.5612936,"standard_error":434231815.060373}}