{"mean":{"confidence_interval":{"confidence_level":0.95,"lower_bound":231330928.4666667,"upper_bound":240099386.3},"point_estimate":235675490.8,"standard_error":2236944.134920427},"median":{"confidence_interval":{"confidence_level":0.95,"lower_bound":230352425.33333334,"upper_bound":239937972.83333334},"point_estimate":235734587.0,"standard_error":2280502.302557573},"median_abs_dev":{"confidence_interval":{"confidence_level":0.95,"lower_bound":1247220.9192574024,"upper_bound":12702119.9240923},"point_estimate":6963154.326379292,"standard_error":2856526.015610306},"slope":null,"std_dev":{"confidence_interval":{"confidence_level":0.95,"lower_bound":3514478.7200615127,"upper_bound":9961922.486414317},"point_estimate":7453154.716757716,"standard_error":1641642.453239481}}