{"mean":{"confidence_interval":{"confidence_level":0.95,"lower_bound":0.4574959488434191,"upper_bound":0.5241383326933671},"point_estimate":0.49075297376913096,"standard_error":0.017070148293276067},"median":{"confidence_interval":{"confidence_level":0.95,"lower_bound":0.45335809635858726,"upper_bound":0.5580418730862089},"point_estimate":0.46653865881819945,"standard_error":0.03560591910584569}}