{"mean":{"confidence_interval":{"confidence_level":0.95,"lower_bound":3180807501.2475,"upper_bound":3208775726.7},"point_estimate":3194825737.4,"standard_error":7209183.683277707},"median":{"confidence_interval":{"confidence_level":0.95,"lower_bound":3171916660.0,"upper_bound":3217574527.5},"point_estimate":3194514763.0,"standard_error":15919213.318043595},"median_abs_dev":{"confidence_interval":{"confidence_level":0.95,"lower_bound":2817506.303179264,"upper_bound":38034221.646657586},"point_estimate":30727925.980970263,"standard_error":9699825.892248187},"slope":null,"std_dev":{"confidence_interval":{"confidence_level":0.95,"lower_bound":16927098.99628926,"upper_bound":26774060.522851314},"point_estimate":24069867.34120598,"standard_error":2528073.784574914}}