{"mean":{"confidence_interval":{"confidence_level":0.95,"lower_bound":1063759492.9725,"upper_bound":1078826401.7},"point_estimate":1070475149.2,"standard_error":3838363.8066282803},"median":{"confidence_interval":{"confidence_level":0.95,"lower_bound":1062449516.5,"upper_bound":1080042417.0},"point_estimate":1064441315.0,"standard_error":4190494.272542787},"median_abs_dev":{"confidence_interval":{"confidence_level":0.95,"lower_bound":213374.30561184883,"upper_bound":17025490.171337128},"point_estimate":3413306.893801689,"standard_error":4004238.485912322},"slope":null,"std_dev":{"confidence_interval":{"confidence_level":0.95,"lower_bound":2297787.2080626446,"upper_bound":15975246.918846812},"point_estimate":12800637.09461026,"standard_error":3454173.1399700698}}