{"mean":{"confidence_interval":{"confidence_level":0.95,"lower_bound":259230519.63625002,"upper_bound":266100410.80749997},"point_estimate":262575689.1,"standard_error":1760073.683732293},"median":{"confidence_interval":{"confidence_level":0.95,"lower_bound":256638944.5,"upper_bound":267320209.25},"point_estimate":262524862.0,"standard_error":2905972.6332841315},"median_abs_dev":{"confidence_interval":{"confidence_level":0.95,"lower_bound":909801.9216477871,"upper_bound":10242818.423053622},"point_estimate":7431644.675011933,"standard_error":2424411.8769709403},"slope":null,"std_dev":{"confidence_interval":{"confidence_level":0.95,"lower_bound":3539405.7498284336,"upper_bound":7153410.324589137},"point_estimate":5873705.610087203,"standard_error":928706.4996315837}}