{"mean":{"confidence_interval":{"confidence_level":0.95,"lower_bound":207145618.23333335,"upper_bound":216303939.94916663},"point_estimate":211646491.5,"standard_error":2344720.966315814},"median":{"confidence_interval":{"confidence_level":0.95,"lower_bound":205373560.66666666,"upper_bound":219713362.0},"point_estimate":209612370.0,"standard_error":3607199.867156468},"median_abs_dev":{"confidence_interval":{"confidence_level":0.95,"lower_bound":1028994.5581317096,"upper_bound":12788184.852564342},"point_estimate":9117072.850039601,"standard_error":3118309.713598268},"slope":null,"std_dev":{"confidence_interval":{"confidence_level":0.95,"lower_bound":4622857.916919565,"upper_bound":9321316.672501778},"point_estimate":7810582.538415921,"standard_error":1182068.2262881496}}