{"mean":{"confidence_interval":{"confidence_level":0.95,"lower_bound":4258583748.945,"upper_bound":4761863277.785},"point_estimate":4506400447.8,"standard_error":123249741.71335891},"median":{"confidence_interval":{"confidence_level":0.95,"lower_bound":4242070534.0,"upper_bound":5097762599.0},"point_estimate":4257451186.0,"standard_error":213405465.2058164},"median_abs_dev":{"confidence_interval":{"confidence_level":0.95,"lower_bound":3869575.553101301,"upper_bound":624375329.2486221},"point_estimate":31221252.96791196,"standard_error":181128400.17918676},"slope":null,"std_dev":{"confidence_interval":{"confidence_level":0.95,"lower_bound":20229796.999831654,"upper_bound":450586316.15389764},"point_estimate":410376109.6929241,"standard_error":82943784.76423611}}