{"mean":{"confidence_interval":{"confidence_level":0.95,"lower_bound":207095834.43333334,"upper_bound":219730974.9008333},"point_estimate":214091733.1666667,"standard_error":3265763.351046166},"median":{"confidence_interval":{"confidence_level":0.95,"lower_bound":208803521.8333333,"upper_bound":222205546.66666666},"point_estimate":216424749.3333333,"standard_error":3402507.7860187357},"median_abs_dev":{"confidence_interval":{"confidence_level":0.95,"lower_bound":2161893.6760187075,"upper_bound":15492869.498446606},"point_estimate":7682490.583008528,"standard_error":3550815.2240415504},"slope":null,"std_dev":{"confidence_interval":{"confidence_level":0.95,"lower_bound":4210193.288329895,"upper_bound":14899237.62703185},"point_estimate":10837477.50992526,"standard_error":3022168.9566497463}}