{"mean":{"confidence_interval":{"confidence_level":0.95,"lower_bound":1059045562.595,"upper_bound":1231305482.7},"point_estimate":1138562955.8,"standard_error":44697759.013436064},"median":{"confidence_interval":{"confidence_level":0.95,"lower_bound":1028783503.0,"upper_bound":1334988051.0},"point_estimate":1038210631.0,"standard_error":83826346.58624384},"median_abs_dev":{"confidence_interval":{"confidence_level":0.95,"lower_bound":1404481.0397654772,"upper_bound":231676114.95082676},"point_estimate":26164439.525288343,"standard_error":69429148.29096703},"slope":null,"std_dev":{"confidence_interval":{"confidence_level":0.95,"lower_bound":63792628.09979167,"upper_bound":167068122.90192932},"point_estimate":149156694.34040928,"standard_error":24814656.624053735}}