{"mean":{"confidence_interval":{"confidence_level":0.95,"lower_bound":29761519.7876875,"upper_bound":30217715.71526389},"point_estimate":30002307.64638889,"standard_error":116437.50886297539},"median":{"confidence_interval":{"confidence_level":0.95,"lower_bound":29835537.6375,"upper_bound":30318276.55},"point_estimate":29992190.965277776,"standard_error":113574.06750050686},"median_abs_dev":{"confidence_interval":{"confidence_level":0.95,"lower_bound":74841.53547629825,"upper_bound":617488.186587397},"point_estimate":268823.7711357549,"standard_error":145791.22414222924},"slope":{"confidence_interval":{"confidence_level":0.95,"lower_bound":29796790.52134587,"upper_bound":30026092.341249786},"point_estimate":29913865.13701299,"standard_error":57190.41540822394},"std_dev":{"confidence_interval":{"confidence_level":0.95,"lower_bound":168429.08345833034,"upper_bound":534437.3585305732},"point_estimate":387953.3888173194,"standard_error":98876.88962641428}}