{"mean":{"confidence_interval":{"confidence_level":0.95,"lower_bound":186422.33002772005,"upper_bound":187105.89391891894},"point_estimate":186754.09179602683,"standard_error":176.05637352801875},"median":{"confidence_interval":{"confidence_level":0.95,"lower_bound":186250.36507276507,"upper_bound":187232.93364518363},"point_estimate":186776.8833679834,"standard_error":253.24626715808904},"median_abs_dev":{"confidence_interval":{"confidence_level":0.95,"lower_bound":18.976286468363917,"upper_bound":1048.2280286043422},"point_estimate":652.8497985135958,"standard_error":256.33155859462306},"slope":{"confidence_interval":{"confidence_level":0.95,"lower_bound":186366.60458933734,"upper_bound":187093.51886458136},"point_estimate":186760.1964953965,"standard_error":182.0500363256165},"std_dev":{"confidence_interval":{"confidence_level":0.95,"lower_bound":335.1370236749776,"upper_bound":731.7885946698682},"point_estimate":589.0779757980813,"standard_error":104.18164225565064}}