{"mean":{"confidence_interval":{"confidence_level":0.95,"lower_bound":323228946.2,"upper_bound":364253540.8},"point_estimate":343436334.95,"standard_error":10476611.411900021},"median":{"confidence_interval":{"confidence_level":0.95,"lower_bound":316269281.5,"upper_bound":380782684.75},"point_estimate":329137313.25,"standard_error":20794773.238680158},"median_abs_dev":{"confidence_interval":{"confidence_level":0.95,"lower_bound":1347170.767132938,"upper_bound":56942481.46251887},"point_estimate":39406875.712788105,"standard_error":16584465.958268264},"slope":null,"std_dev":{"confidence_interval":{"confidence_level":0.95,"lower_bound":22805531.65973754,"upper_bound":40914604.75619168},"point_estimate":34822343.589777976,"standard_error":4669973.9780776985}}