{"mean":{"confidence_interval":{"confidence_level":0.95,"lower_bound":298841497.68,"upper_bound":306981500.22125},"point_estimate":302561542.7,"standard_error":2088237.2058605999},"median":{"confidence_interval":{"confidence_level":0.95,"lower_bound":298350070.0,"upper_bound":306480772.75},"point_estimate":299996460.5,"standard_error":2160076.3100526766},"median_abs_dev":{"confidence_interval":{"confidence_level":0.95,"lower_bound":760537.8334477544,"upper_bound":10662469.457553327},"point_estimate":3133478.009569645,"standard_error":2723992.288288309},"slope":null,"std_dev":{"confidence_interval":{"confidence_level":0.95,"lower_bound":2364335.419113667,"upper_bound":9054909.979529971},"point_estimate":6967935.456606697,"standard_error":1696699.7478949537}}