{"mean":{"confidence_interval":{"confidence_level":0.95,"lower_bound":283734449.15,"upper_bound":322861419.8025},"point_estimate":303518482.75,"standard_error":9974021.70489554},"median":{"confidence_interval":{"confidence_level":0.95,"lower_bound":265483230.75,"upper_bound":331281938.75},"point_estimate":324246909.75,"standard_error":22918542.92288542},"median_abs_dev":{"confidence_interval":{"confidence_level":0.95,"lower_bound":779848.698104918,"upper_bound":48284712.524574995},"point_estimate":12285921.247181296,"standard_error":16354076.622778144},"slope":null,"std_dev":{"confidence_interval":{"confidence_level":0.95,"lower_bound":20046838.0231248,"upper_bound":35691508.90571061},"point_estimate":33355470.360391762,"standard_error":3935097.9522465332}}