{"mean":{"confidence_interval":{"confidence_level":0.95,"lower_bound":228135406.38500002,"upper_bound":235374413.16250002},"point_estimate":231895411.96666664,"standard_error":1856863.8571674747},"median":{"confidence_interval":{"confidence_level":0.95,"lower_bound":227851810.8333333,"upper_bound":236488854.0},"point_estimate":232707397.66666666,"standard_error":2039374.2861431944},"median_abs_dev":{"confidence_interval":{"confidence_level":0.95,"lower_bound":1123923.9518463758,"upper_bound":10272163.524332687},"point_estimate":5641606.963941447,"standard_error":2431207.350953154},"slope":null,"std_dev":{"confidence_interval":{"confidence_level":0.95,"lower_bound":3136386.0731343497,"upper_bound":8055716.854396362},"point_estimate":6189118.273299146,"standard_error":1290303.7980475023}}