{"mean":{"confidence_interval":{"confidence_level":0.95,"lower_bound":776412274.6575,"upper_bound":811151448.6},"point_estimate":792314499.8,"standard_error":8899285.459966393},"median":{"confidence_interval":{"confidence_level":0.95,"lower_bound":771221053.0,"upper_bound":814310907.5},"point_estimate":780750240.0,"standard_error":10567123.163845513},"median_abs_dev":{"confidence_interval":{"confidence_level":0.95,"lower_bound":2819805.0744384527,"upper_bound":45971869.16773617},"point_estimate":15319202.926629782,"standard_error":10316082.664060697},"slope":null,"std_dev":{"confidence_interval":{"confidence_level":0.95,"lower_bound":7254305.591158824,"upper_bound":36559467.507076755},"point_estimate":29588077.528021943,"standard_error":7122155.689829125}}