{"mean":{"confidence_interval":{"confidence_level":0.95,"lower_bound":-0.006007449313172365,"upper_bound":0.007137353178068645},"point_estimate":0.0003941671657787804,"standard_error":0.003351887204244593},"median":{"confidence_interval":{"confidence_level":0.95,"lower_bound":-0.009164970084138968,"upper_bound":0.008883289766026481},"point_estimate":-0.0018216069888572495,"standard_error":0.005109889335551576}}