{"mean":{"confidence_interval":{"confidence_level":0.95,"lower_bound":265472344.6,"upper_bound":277098419.45124996},"point_estimate":271267699.6,"standard_error":2981558.2919050287},"median":{"confidence_interval":{"confidence_level":0.95,"lower_bound":262645087.5,"upper_bound":280117437.5},"point_estimate":271672492.5,"standard_error":4602231.5734412875},"median_abs_dev":{"confidence_interval":{"confidence_level":0.95,"lower_bound":2432340.544067323,"upper_bound":17392526.697970927},"point_estimate":11217614.932997525,"standard_error":3767965.449404757},"slope":null,"std_dev":{"confidence_interval":{"confidence_level":0.95,"lower_bound":6135724.009424824,"upper_bound":12083712.634363312},"point_estimate":9996103.37325268,"standard_error":1520556.4539969796}}