{"mean":{"confidence_interval":{"confidence_level":0.95,"lower_bound":2425329409.5525,"upper_bound":2584428749.8},"point_estimate":2501658809.8,"standard_error":40961957.26035843},"median":{"confidence_interval":{"confidence_level":0.95,"lower_bound":2405540058.0,"upper_bound":2650956309.0},"point_estimate":2441183604.5,"standard_error":65994241.38660036},"median_abs_dev":{"confidence_interval":{"confidence_level":0.95,"lower_bound":6263909.27619338,"upper_bound":211124378.60879302},"point_estimate":95154289.30467367,"standard_error":60107673.260764144},"slope":null,"std_dev":{"confidence_interval":{"confidence_level":0.95,"lower_bound":72699532.76511563,"upper_bound":164991200.17327112},"point_estimate":136837536.3818217,"standard_error":23372848.10775094}}