{"mean":{"confidence_interval":{"confidence_level":0.95,"lower_bound":-0.01748706481088495,"upper_bound":-0.0017266568685866078},"point_estimate":-0.00980634482866527,"standard_error":0.0040245289330057745},"median":{"confidence_interval":{"confidence_level":0.95,"lower_bound":-0.021738810406022546,"upper_bound":0.002192854222534457},"point_estimate":-0.010953790807484265,"standard_error":0.006067494370472065}}