{"mean":{"confidence_interval":{"confidence_level":0.95,"lower_bound":10821019.875000002,"upper_bound":10897107.190238094},"point_estimate":10853418.473452378,"standard_error":19750.779109941603},"median":{"confidence_interval":{"confidence_level":0.95,"lower_bound":10808406.211111112,"upper_bound":10871299.444444444},"point_estimate":10846744.438888889,"standard_error":16531.416747113435},"median_abs_dev":{"confidence_interval":{"confidence_level":0.95,"lower_bound":2949.846800964127,"upper_bound":76739.63203343099},"point_estimate":45852.258190959416,"standard_error":17322.92056205277},"slope":{"confidence_interval":{"confidence_level":0.95,"lower_bound":10809045.586895145,"upper_bound":10855031.950612508},"point_estimate":10831736.412698412,"standard_error":11630.794940619997},"std_dev":{"confidence_interval":{"confidence_level":0.95,"lower_bound":22194.14400201152,"upper_bound":95368.06389704777},"point_estimate":65401.79092023323,"standard_error":22687.768057596008}}