{"mean":{"confidence_interval":{"confidence_level":0.95,"lower_bound":0.3643216996882477,"upper_bound":0.826661424326059},"point_estimate":0.5928918163734405,"standard_error":0.12062068046131853},"median":{"confidence_interval":{"confidence_level":0.95,"lower_bound":0.21615723755341465,"upper_bound":1.053919673124311},"point_estimate":0.45719681649095567,"standard_error":0.27493801392953315}}