{"mean":{"confidence_interval":{"confidence_level":0.95,"lower_bound":1.0451545445679309,"upper_bound":1.4141060183304117},"point_estimate":1.1856414585382944,"standard_error":0.09887080366424082},"median":{"confidence_interval":{"confidence_level":0.95,"lower_bound":1.0038547608965644,"upper_bound":1.205939722300248},"point_estimate":1.076236822512671,"standard_error":0.0565498093698692}}