{"mean":{"confidence_interval":{"confidence_level":0.95,"lower_bound":0.11624314639503627,"upper_bound":0.434574162791032},"point_estimate":0.2851578388844256,"standard_error":0.08222097516806905},"median":{"confidence_interval":{"confidence_level":0.95,"lower_bound":-0.09280937220872698,"upper_bound":0.46509837061564085},"point_estimate":0.41385642955157653,"standard_error":0.1329908833134822}}