{"mean":{"confidence_interval":{"confidence_level":0.95,"lower_bound":0.4506190140195233,"upper_bound":0.797159881077458},"point_estimate":0.61541614131148,"standard_error":0.089135339051554},"median":{"confidence_interval":{"confidence_level":0.95,"lower_bound":0.42178034862735747,"upper_bound":0.8615457661228623},"point_estimate":0.5014994435270643,"standard_error":0.11601754054879289}}