{"mean":{"confidence_interval":{"confidence_level":0.95,"lower_bound":1238450087.0,"upper_bound":1293150170.9475},"point_estimate":1265335955.0,"standard_error":14000258.758057715},"median":{"confidence_interval":{"confidence_level":0.95,"lower_bound":1223744510.5,"upper_bound":1303166297.0},"point_estimate":1263626216.5,"standard_error":25713152.75825767},"median_abs_dev":{"confidence_interval":{"confidence_level":0.95,"lower_bound":6757145.083236694,"upper_bound":77936267.95945466},"point_estimate":56753253.89202833,"standard_error":18626426.285982773},"slope":null,"std_dev":{"confidence_interval":{"confidence_level":0.95,"lower_bound":29675922.71771907,"upper_bound":56577958.229216546},"point_estimate":46640625.98222105,"standard_error":6999690.857519411}}