{"mean":{"confidence_interval":{"confidence_level":0.95,"lower_bound":-0.015913538814502082,"upper_bound":-0.0027802571187535052},"point_estimate":-0.009190051809301769,"standard_error":0.0033618712317417822},"median":{"confidence_interval":{"confidence_level":0.95,"lower_bound":-0.018610966333938106,"upper_bound":0.001908125773699032},"point_estimate":-0.00615891960186965,"standard_error":0.005585094020178477}}