{"mean":{"confidence_interval":{"confidence_level":0.95,"lower_bound":29729973669.629997,"upper_bound":29868337898.4675},"point_estimate":29798233008.4,"standard_error":35503437.71307865},"median":{"confidence_interval":{"confidence_level":0.95,"lower_bound":29695578101.5,"upper_bound":29929696816.0},"point_estimate":29800037644.5,"standard_error":58616401.508264944},"median_abs_dev":{"confidence_interval":{"confidence_level":0.95,"lower_bound":20513716.54830873,"upper_bound":194955002.44885683},"point_estimate":159492760.39543748,"standard_error":48901007.09538034},"slope":null,"std_dev":{"confidence_interval":{"confidence_level":0.95,"lower_bound":72145554.00417385,"upper_bound":141606682.9055414},"point_estimate":118468135.17391509,"standard_error":17402153.066145506}}