{"mean":{"confidence_interval":{"confidence_level":0.95,"lower_bound":476065098.62,"upper_bound":486505713.55},"point_estimate":481515444.75,"standard_error":2670601.037295574},"median":{"confidence_interval":{"confidence_level":0.95,"lower_bound":474014466.5,"upper_bound":487402412.5},"point_estimate":484156415.0,"standard_error":3083138.177893581},"median_abs_dev":{"confidence_interval":{"confidence_level":0.95,"lower_bound":1434225.3310874104,"upper_bound":14914058.762222528},"point_estimate":6038453.263396025,"standard_error":3612738.285970413},"slope":null,"std_dev":{"confidence_interval":{"confidence_level":0.95,"lower_bound":3856885.096738998,"upper_bound":11409027.359042164},"point_estimate":8946294.234159797,"standard_error":1849235.1086314586}}