{"mean":{"confidence_interval":{"confidence_level":0.95,"lower_bound":22695023.137083333,"upper_bound":23098698.06070387},"point_estimate":22894455.49585318,"standard_error":103512.81187299184},"median":{"confidence_interval":{"confidence_level":0.95,"lower_bound":22588997.385416664,"upper_bound":23141933.416666664},"point_estimate":22958044.85357143,"standard_error":145294.4540254805},"median_abs_dev":{"confidence_interval":{"confidence_level":0.95,"lower_bound":22619.12764842863,"upper_bound":595631.6845379255},"point_estimate":465676.2340063461,"standard_error":151189.8281213763},"slope":{"confidence_interval":{"confidence_level":0.95,"lower_bound":22636740.840893798,"upper_bound":23187663.28124145},"point_estimate":22926192.187012985,"standard_error":140225.77959602734},"std_dev":{"confidence_interval":{"confidence_level":0.95,"lower_bound":202592.45880067765,"upper_bound":429518.65915219195},"point_estimate":344365.4125810598,"standard_error":58491.306454212536}}