{"mean":{"confidence_interval":{"confidence_level":0.95,"lower_bound":2119638891.8,"upper_bound":2222258125.4900002},"point_estimate":2170255398.2,"standard_error":26247916.570703518},"median":{"confidence_interval":{"confidence_level":0.95,"lower_bound":2089131474.5,"upper_bound":2241068569.5},"point_estimate":2175096621.0,"standard_error":40998251.52096142},"median_abs_dev":{"confidence_interval":{"confidence_level":0.95,"lower_bound":22193087.93179393,"upper_bound":152958573.88534248},"point_estimate":110054814.15303648,"standard_error":35421498.99884713},"slope":null,"std_dev":{"confidence_interval":{"confidence_level":0.95,"lower_bound":52431234.902467184,"upper_bound":107515943.5684522},"point_estimate":87695107.13718915,"standard_error":14290141.589829255}}