{"mean":{"confidence_interval":{"confidence_level":0.95,"lower_bound":1.3201418328794166,"upper_bound":1.4558181567641282},"point_estimate":1.392502472683816,"standard_error":0.035282356082496434},"median":{"confidence_interval":{"confidence_level":0.95,"lower_bound":1.3179740108566982,"upper_bound":1.4902954442347496},"point_estimate":1.368957206427858,"standard_error":0.057227492335549426}}