{"mean":{"confidence_interval":{"confidence_level":0.95,"lower_bound":932449799.3775002,"upper_bound":1219417197.5},"point_estimate":1074149088.4,"standard_error":73435060.17816675},"median":{"confidence_interval":{"confidence_level":0.95,"lower_bound":836712645.0,"upper_bound":1317172449.0},"point_estimate":1016091559.0,"standard_error":140413127.65262035},"median_abs_dev":{"confidence_interval":{"confidence_level":0.95,"lower_bound":48022650.37712753,"upper_bound":398022673.345685},"point_estimate":313969823.5520214,"standard_error":94845961.54815225},"slope":null,"std_dev":{"confidence_interval":{"confidence_level":0.95,"lower_bound":158572495.66615853,"upper_bound":283295445.08464485},"point_estimate":245653078.86378872,"standard_error":31850579.25822112}}