{"mean":{"confidence_interval":{"confidence_level":0.95,"lower_bound":388349220.2,"upper_bound":396573912.45},"point_estimate":392753977.6,"standard_error":2120600.96957268},"median":{"confidence_interval":{"confidence_level":0.95,"lower_bound":386547880.75,"upper_bound":398029525.25},"point_estimate":394830832.25,"standard_error":2554124.399647842},"median_abs_dev":{"confidence_interval":{"confidence_level":0.95,"lower_bound":1260249.6371760964,"upper_bound":11689693.667766452},"point_estimate":5354821.967732906,"standard_error":2547584.8648484997},"slope":null,"std_dev":{"confidence_interval":{"confidence_level":0.95,"lower_bound":2854849.796757441,"upper_bound":8786935.361500116},"point_estimate":7042446.059690325,"standard_error":1511808.6564041812}}