{"mean":{"confidence_interval":{"confidence_level":0.95,"lower_bound":-0.07918854655298523,"upper_bound":0.01287464700224132},"point_estimate":-0.03381108169122182,"standard_error":0.02365783021556316},"median":{"confidence_interval":{"confidence_level":0.95,"lower_bound":-0.0947207344454859,"upper_bound":0.024314594815070256},"point_estimate":-0.02627671294700351,"standard_error":0.031315958956409935}}