{"mean":{"confidence_interval":{"confidence_level":0.95,"lower_bound":275488951.1,"upper_bound":312376678.6},"point_estimate":297467110.05,"standard_error":9324017.079101408},"median":{"confidence_interval":{"confidence_level":0.95,"lower_bound":275364539.0,"upper_bound":312634944.25},"point_estimate":311991597.25,"standard_error":8063635.540392839},"median_abs_dev":{"confidence_interval":{"confidence_level":0.95,"lower_bound":130841.67157709599,"upper_bound":53383946.85894549},"point_estimate":919328.7384286523,"standard_error":8541364.579140453},"slope":null,"std_dev":{"confidence_interval":{"confidence_level":0.95,"lower_bound":556361.3215612175,"upper_bound":38591318.58246406},"point_estimate":31110866.944996696,"standard_error":10687598.015686205}}