{"mean":{"confidence_interval":{"confidence_level":0.95,"lower_bound":24427804264.4,"upper_bound":27902077164.9},"point_estimate":25967233415.3,"standard_error":885663643.1991626},"median":{"confidence_interval":{"confidence_level":0.95,"lower_bound":24207527135.0,"upper_bound":28268963798.0},"point_estimate":24224383789.5,"standard_error":988479318.674509},"median_abs_dev":{"confidence_interval":{"confidence_level":0.95,"lower_bound":7026918.97444725,"upper_bound":3664238755.5317583},"point_estimate":54433116.14331901,"standard_error":997326571.9584304},"slope":null,"std_dev":{"confidence_interval":{"confidence_level":0.95,"lower_bound":447386324.8245576,"upper_bound":3712277974.3326573},"point_estimate":2960037527.2583284,"standard_error":826080900.4793397}}