{"mean":{"confidence_interval":{"confidence_level":0.95,"lower_bound":467732092.6,"upper_bound":477969332.35},"point_estimate":473019506.0,"standard_error":2624247.149094823},"median":{"confidence_interval":{"confidence_level":0.95,"lower_bound":467752949.75,"upper_bound":480194996.5},"point_estimate":472418573.75,"standard_error":3217669.881129156},"median_abs_dev":{"confidence_interval":{"confidence_level":0.95,"lower_bound":533551.0361775756,"upper_bound":15212040.600532293},"point_estimate":7888719.127397239,"standard_error":3454577.4989470677},"slope":null,"std_dev":{"confidence_interval":{"confidence_level":0.95,"lower_bound":4589967.230855773,"upper_bound":11559037.55646605},"point_estimate":8740453.283202942,"standard_error":1874912.9400664316}}