{"mean":{"confidence_interval":{"confidence_level":0.95,"lower_bound":-0.015131177197737225,"upper_bound":-0.007408160122967548},"point_estimate":-0.01142533311971572,"standard_error":0.001960915614538102},"median":{"confidence_interval":{"confidence_level":0.95,"lower_bound":-0.016721757120698344,"upper_bound":-0.006624852649828039},"point_estimate":-0.012963139802274148,"standard_error":0.0024159445551190954}}