{"mean":{"confidence_interval":{"confidence_level":0.95,"lower_bound":6084326732.252501,"upper_bound":6926623513.3},"point_estimate":6431442399.1,"standard_error":223968982.5825242},"median":{"confidence_interval":{"confidence_level":0.95,"lower_bound":5965046866.0,"upper_bound":6601417097.0},"point_estimate":6200593438.0,"standard_error":166783800.8435359},"median_abs_dev":{"confidence_interval":{"confidence_level":0.95,"lower_bound":76731202.54654884,"upper_bound":681613357.0083439},"point_estimate":344597754.8364669,"standard_error":172674019.11179155},"slope":null,"std_dev":{"confidence_interval":{"confidence_level":0.95,"lower_bound":179695180.4617087,"upper_bound":1107432582.368547},"point_estimate":744791258.2118093,"standard_error":292052711.4397816}}