{"mean":{"confidence_interval":{"confidence_level":0.95,"lower_bound":7565871.482547122,"upper_bound":7902180.398657407},"point_estimate":7764613.136861771,"standard_error":89773.88076683272},"median":{"confidence_interval":{"confidence_level":0.95,"lower_bound":7707706.366666666,"upper_bound":7922653.387152778},"point_estimate":7845956.599537037,"standard_error":57840.493584980904},"median_abs_dev":{"confidence_interval":{"confidence_level":0.95,"lower_bound":15640.336991217406,"upper_bound":251661.01564899943},"point_estimate":119310.4374600793,"standard_error":60999.21228562349},"slope":{"confidence_interval":{"confidence_level":0.95,"lower_bound":7808923.063635571,"upper_bound":7909266.316090931},"point_estimate":7871919.618398269,"standard_error":25621.848305639953},"std_dev":{"confidence_interval":{"confidence_level":0.95,"lower_bound":71790.36287654699,"upper_bound":450813.8077856249},"point_estimate":300023.10756213084,"standard_error":123044.51737929428}}