{"mean":{"confidence_interval":{"confidence_level":0.95,"lower_bound":1195778362.3,"upper_bound":1262313824.88},"point_estimate":1228436360.7,"standard_error":17006768.696223497},"median":{"confidence_interval":{"confidence_level":0.95,"lower_bound":1187935457.0,"upper_bound":1270004458.0},"point_estimate":1231664310.5,"standard_error":19377924.422142114},"median_abs_dev":{"confidence_interval":{"confidence_level":0.95,"lower_bound":9552417.575910687,"upper_bound":94581368.19684505},"point_estimate":54110341.526949406,"standard_error":24177728.581853516},"slope":null,"std_dev":{"confidence_interval":{"confidence_level":0.95,"lower_bound":29148547.130119685,"upper_bound":72890952.68764469},"point_estimate":56770669.74706608,"standard_error":11137850.93187386}}