{"mean":{"confidence_interval":{"confidence_level":0.95,"lower_bound":2392394206.6475,"upper_bound":2486110062.7},"point_estimate":2432836654.8,"standard_error":24579949.730966527},"median":{"confidence_interval":{"confidence_level":0.95,"lower_bound":2384981513.0,"upper_bound":2458926169.0},"point_estimate":2397258705.0,"standard_error":21375794.16801134},"median_abs_dev":{"confidence_interval":{"confidence_level":0.95,"lower_bound":6036800.164425373,"upper_bound":98145745.35626471},"point_estimate":28693329.57419157,"standard_error":25475499.301358547},"slope":null,"std_dev":{"confidence_interval":{"confidence_level":0.95,"lower_bound":19131856.594908886,"upper_bound":117870503.36785764},"point_estimate":82267621.5509069,"standard_error":27942580.985626798}}