{"mean":{"confidence_interval":{"confidence_level":0.95,"lower_bound":35722442.64565477,"upper_bound":36900373.68341269},"point_estimate":36288059.09392857,"standard_error":302014.11442768085},"median":{"confidence_interval":{"confidence_level":0.95,"lower_bound":35485195.54464285,"upper_bound":37277641.266666666},"point_estimate":36124491.16666667,"standard_error":435693.0630075261},"median_abs_dev":{"confidence_interval":{"confidence_level":0.95,"lower_bound":288894.7359710913,"upper_bound":1682499.5705896674},"point_estimate":1105584.9785386217,"standard_error":394044.103871638},"slope":{"confidence_interval":{"confidence_level":0.95,"lower_bound":35441825.51527658,"upper_bound":36851659.94340741},"point_estimate":36043902.85367966,"standard_error":355252.38959042367},"std_dev":{"confidence_interval":{"confidence_level":0.95,"lower_bound":533213.6504641495,"upper_bound":1222148.9100779542},"point_estimate":1007558.3299175394,"standard_error":167413.85716635198}}