{"mean":{"confidence_interval":{"confidence_level":0.95,"lower_bound":97904297.64583333,"upper_bound":102567777.16649999},"point_estimate":100205072.28333333,"standard_error":1192074.8185822372},"median":{"confidence_interval":{"confidence_level":0.95,"lower_bound":97087729.375,"upper_bound":104064212.0},"point_estimate":98956239.86666667,"standard_error":2112170.6674174154},"median_abs_dev":{"confidence_interval":{"confidence_level":0.95,"lower_bound":10077.330861085722,"upper_bound":6327747.436510026},"point_estimate":4968720.873362571,"standard_error":1643229.0303936673},"slope":{"confidence_interval":{"confidence_level":0.95,"lower_bound":96640211.88217522,"upper_bound":99449059.24905661},"point_estimate":97803436.8987013,"standard_error":706966.2544741529},"std_dev":{"confidence_interval":{"confidence_level":0.95,"lower_bound":2491986.354255671,"upper_bound":4797197.255964995},"point_estimate":3961490.1800092836,"standard_error":595675.6313507714}}