{"mean":{"confidence_interval":{"confidence_level":0.95,"lower_bound":408386218.3,"upper_bound":416228736.6},"point_estimate":412500313.55,"standard_error":2018030.8629046278},"median":{"confidence_interval":{"confidence_level":0.95,"lower_bound":407342619.5,"upper_bound":417627592.25},"point_estimate":414788774.0,"standard_error":2516671.274386991},"median_abs_dev":{"confidence_interval":{"confidence_level":0.95,"lower_bound":860256.395727396,"upper_bound":10906871.615414321},"point_estimate":5181079.412667453,"standard_error":2832931.735752242},"slope":null,"std_dev":{"confidence_interval":{"confidence_level":0.95,"lower_bound":2835784.9087638916,"upper_bound":8297625.609123482},"point_estimate":6746570.550962432,"standard_error":1315803.0324109576}}