{"mean":{"confidence_interval":{"confidence_level":0.95,"lower_bound":2275273375.5,"upper_bound":2953797935.6274996},"point_estimate":2615773641.3,"standard_error":173742729.38803282},"median":{"confidence_interval":{"confidence_level":0.95,"lower_bound":1987388130.0,"upper_bound":3221118693.0},"point_estimate":2589771798.5,"standard_error":316445975.72777414},"median_abs_dev":{"confidence_interval":{"confidence_level":0.95,"lower_bound":112060740.04152417,"upper_bound":936034889.1677588},"point_estimate":906213369.9544966,"standard_error":236255637.05214736},"slope":null,"std_dev":{"confidence_interval":{"confidence_level":0.95,"lower_bound":370937770.6050574,"upper_bound":674339257.3436775},"point_estimate":578987315.9521899,"standard_error":76830447.57278295}}