{"mean":{"confidence_interval":{"confidence_level":0.95,"lower_bound":2952763653.3,"upper_bound":3081208061.395},"point_estimate":3025274395.8,"standard_error":33362375.392493207},"median":{"confidence_interval":{"confidence_level":0.95,"lower_bound":2958622232.0,"upper_bound":3092965144.0},"point_estimate":3068009148.5,"standard_error":28422099.994048983},"median_abs_dev":{"confidence_interval":{"confidence_level":0.95,"lower_bound":7121426.568469405,"upper_bound":129782769.76519525},"point_estimate":37178235.138854384,"standard_error":29062640.763544407},"slope":null,"std_dev":{"confidence_interval":{"confidence_level":0.95,"lower_bound":18528258.70583,"upper_bound":147176314.55777818},"point_estimate":110965374.45410052,"standard_error":34692326.65094645}}