{"mean":{"confidence_interval":{"confidence_level":0.95,"lower_bound":71836245.23333332,"upper_bound":76880126.39440477},"point_estimate":73915804.14386906,"standard_error":1329287.1070629705},"median":{"confidence_interval":{"confidence_level":0.95,"lower_bound":71585220.52083334,"upper_bound":74626104.73809524},"point_estimate":71803141.41666666,"standard_error":942700.5028902594},"median_abs_dev":{"confidence_interval":{"confidence_level":0.95,"lower_bound":88964.24538306892,"upper_bound":4262040.751983648},"point_estimate":462474.97722691315,"standard_error":1187986.3381667477},"slope":{"confidence_interval":{"confidence_level":0.95,"lower_bound":71752473.77934273,"upper_bound":76486685.33814886},"point_estimate":73350883.7012987,"standard_error":1244243.6405044491},"std_dev":{"confidence_interval":{"confidence_level":0.95,"lower_bound":334865.6573785369,"upper_bound":6536468.24743683},"point_estimate":4438815.17483427,"standard_error":1736117.9248180476}}