{"mean":{"confidence_interval":{"confidence_level":0.95,"lower_bound":6262594755.3,"upper_bound":6353091685.7775},"point_estimate":6307591096.6,"standard_error":23141684.20746736},"median":{"confidence_interval":{"confidence_level":0.95,"lower_bound":6251875559.5,"upper_bound":6365337505.0},"point_estimate":6303567086.5,"standard_error":24333685.026545208},"median_abs_dev":{"confidence_interval":{"confidence_level":0.95,"lower_bound":8529205.65187633,"upper_bound":144822664.94148374},"point_estimate":54953511.69928014,"standard_error":36413869.30739672},"slope":null,"std_dev":{"confidence_interval":{"confidence_level":0.95,"lower_bound":40589999.32101049,"upper_bound":99441683.95779392},"point_estimate":77336815.86101264,"standard_error":15148716.249741329}}