{"mean":{"confidence_interval":{"confidence_level":0.95,"lower_bound":-0.02336793491286164,"upper_bound":0.012696481357777584},"point_estimate":-0.005720215985261401,"standard_error":0.009243265147861647},"median":{"confidence_interval":{"confidence_level":0.95,"lower_bound":-0.026610760594135918,"upper_bound":0.012584432220411612},"point_estimate":-0.0052418818009086765,"standard_error":0.009564773708522979}}