{"mean":{"confidence_interval":{"confidence_level":0.95,"lower_bound":13457010951.507502,"upper_bound":15389240184.315},"point_estimate":14436542801.7,"standard_error":490778609.46438146},"median":{"confidence_interval":{"confidence_level":0.95,"lower_bound":12476803224.0,"upper_bound":15808165356.0},"point_estimate":15432957621.5,"standard_error":1107217888.5468304},"median_abs_dev":{"confidence_interval":{"confidence_level":0.95,"lower_bound":57938448.75878692,"upper_bound":2472227084.6082954},"point_estimate":636928946.5231508,"standard_error":809665536.6163853},"slope":null,"std_dev":{"confidence_interval":{"confidence_level":0.95,"lower_bound":1044077403.967919,"upper_bound":1760108245.0860114},"point_estimate":1636649342.5034213,"standard_error":198219323.09054232}}