{"mean":{"confidence_interval":{"confidence_level":0.95,"lower_bound":2060583731.4775002,"upper_bound":2154389032.995},"point_estimate":2115263794.8,"standard_error":24696828.022527553},"median":{"confidence_interval":{"confidence_level":0.95,"lower_bound":2092417217.0,"upper_bound":2163516776.0},"point_estimate":2148852972.5,"standard_error":19352131.770959925},"median_abs_dev":{"confidence_interval":{"confidence_level":0.95,"lower_bound":3602125.6373494864,"upper_bound":83361139.81074393},"point_estimate":44236650.46714246,"standard_error":21789570.859600782},"slope":null,"std_dev":{"confidence_interval":{"confidence_level":0.95,"lower_bound":22200631.9732636,"upper_bound":121376495.92525482},"point_estimate":82416437.22451292,"standard_error":30843624.436470795}}