{"mean":{"confidence_interval":{"confidence_level":0.95,"lower_bound":19803700.34680953,"upper_bound":20100117.25974047},"point_estimate":19955185.336253967,"standard_error":75667.2796144252},"median":{"confidence_interval":{"confidence_level":0.95,"lower_bound":19754340.14,"upper_bound":20191676.05},"point_estimate":19920432.058333334,"standard_error":115449.09671025752},"median_abs_dev":{"confidence_interval":{"confidence_level":0.95,"lower_bound":41867.30127170553,"upper_bound":450572.02200174687},"point_estimate":339489.3408078603,"standard_error":105899.43079219975},"slope":{"confidence_interval":{"confidence_level":0.95,"lower_bound":19874909.641445782,"upper_bound":20212920.251809523},"point_estimate":20088813.37038961,"standard_error":84728.04567436727},"std_dev":{"confidence_interval":{"confidence_level":0.95,"lower_bound":152175.115055776,"upper_bound":310408.9067949685},"point_estimate":252497.53303980993,"standard_error":41054.97558835059}}