{"mean":{"confidence_interval":{"confidence_level":0.95,"lower_bound":93701895.69047222,"upper_bound":95622544.54593751},"point_estimate":94629872.40075396,"standard_error":493166.50012137176},"median":{"confidence_interval":{"confidence_level":0.95,"lower_bound":93176004.97321428,"upper_bound":96077524.375},"point_estimate":94175083.1,"standard_error":891451.7037568546},"median_abs_dev":{"confidence_interval":{"confidence_level":0.95,"lower_bound":138715.08051231134,"upper_bound":2788476.625044644},"point_estimate":1721922.6334230911,"standard_error":736527.2020607436},"slope":{"confidence_interval":{"confidence_level":0.95,"lower_bound":93207863.04548691,"upper_bound":94440326.36373995},"point_estimate":93748493.84935065,"standard_error":326936.06859306275},"std_dev":{"confidence_interval":{"confidence_level":0.95,"lower_bound":947885.3592540039,"upper_bound":1987128.0504821844},"point_estimate":1642987.308066506,"standard_error":265399.4566691073}}