{"mean":{"confidence_interval":{"confidence_level":0.95,"lower_bound":604048940.3,"upper_bound":618635670.9},"point_estimate":611398813.2,"standard_error":3740200.31819403},"median":{"confidence_interval":{"confidence_level":0.95,"lower_bound":601843109.5,"upper_bound":622094007.0},"point_estimate":611315868.5,"standard_error":5206308.332937753},"median_abs_dev":{"confidence_interval":{"confidence_level":0.95,"lower_bound":3620053.9775311947,"upper_bound":22160825.07376671},"point_estimate":14511132.567375898,"standard_error":4676900.899065879},"slope":null,"std_dev":{"confidence_interval":{"confidence_level":0.95,"lower_bound":7333868.09255176,"upper_bound":15404245.514842467},"point_estimate":12509618.730471754,"standard_error":2077229.607337006}}