{"mean":{"confidence_interval":{"confidence_level":0.95,"lower_bound":6657223103.2,"upper_bound":7587516388.4025},"point_estimate":7121628945.9,"standard_error":236872301.50219464},"median":{"confidence_interval":{"confidence_level":0.95,"lower_bound":6482627379.5,"upper_bound":8039768745.0},"point_estimate":6570002907.0,"standard_error":578820203.4194971},"median_abs_dev":{"confidence_interval":{"confidence_level":0.95,"lower_bound":968243.0474102497,"upper_bound":1149670049.3493767},"point_estimate":142125272.21647203,"standard_error":412840125.0117587},"slope":null,"std_dev":{"confidence_interval":{"confidence_level":0.95,"lower_bound":486804061.5290372,"upper_bound":820554287.2444526},"point_estimate":790738287.6489912,"standard_error":92248305.27559814}}