{"mean":{"confidence_interval":{"confidence_level":0.95,"lower_bound":4391074976.0,"upper_bound":4446072284.97},"point_estimate":4420275219.6,"standard_error":14096600.922902787},"median":{"confidence_interval":{"confidence_level":0.95,"lower_bound":4391208615.0,"upper_bound":4449587725.0},"point_estimate":4434897214.0,"standard_error":15072266.214145299},"median_abs_dev":{"confidence_interval":{"confidence_level":0.95,"lower_bound":6532726.149120927,"upper_bound":77249328.24195027},"point_estimate":30614933.330476284,"standard_error":18302342.89976848},"slope":null,"std_dev":{"confidence_interval":{"confidence_level":0.95,"lower_bound":20570990.751384806,"upper_bound":63148144.297151014},"point_estimate":47206848.514059424,"standard_error":11382593.389424805}}