{"mean":{"confidence_interval":{"confidence_level":0.95,"lower_bound":12592793.555059526,"upper_bound":12972257.365029763},"point_estimate":12805576.974925596,"standard_error":98395.98103993568},"median":{"confidence_interval":{"confidence_level":0.95,"lower_bound":12692934.364583332,"upper_bound":12985005.625},"point_estimate":12914166.330357142,"standard_error":87774.9758172165},"median_abs_dev":{"confidence_interval":{"confidence_level":0.95,"lower_bound":20279.655489965262,"upper_bound":413289.9668907611},"point_estimate":213955.93267027242,"standard_error":102277.48125453202},"slope":{"confidence_interval":{"confidence_level":0.95,"lower_bound":12883325.55467439,"upper_bound":13068495.591346154},"point_estimate":12987409.92435065,"standard_error":46748.59351409281},"std_dev":{"confidence_interval":{"confidence_level":0.95,"lower_bound":115520.88685113937,"upper_bound":472932.68614766543},"point_estimate":329301.92651996517,"standard_error":107540.28041985254}}