{"mean":{"confidence_interval":{"confidence_level":0.95,"lower_bound":1210744126.0275002,"upper_bound":1424540806.6},"point_estimate":1323483807.4,"standard_error":54998017.45443768},"median":{"confidence_interval":{"confidence_level":0.95,"lower_bound":1216080462.5,"upper_bound":1481088341.0},"point_estimate":1350291343.5,"standard_error":59064974.36413274},"median_abs_dev":{"confidence_interval":{"confidence_level":0.95,"lower_bound":19032814.151600003,"upper_bound":296933211.6569817},"point_estimate":181619642.0841068,"standard_error":78741495.66025469},"slope":null,"std_dev":{"confidence_interval":{"confidence_level":0.95,"lower_bound":83442217.49288413,"upper_bound":235132116.68838438},"point_estimate":182143722.97136632,"standard_error":39407290.898223415}}