{"mean":{"confidence_interval":{"confidence_level":0.95,"lower_bound":309380479.13625,"upper_bound":310385407.32625},"point_estimate":309881324.9,"standard_error":257718.79853814066},"median":{"confidence_interval":{"confidence_level":0.95,"lower_bound":309221265.0,"upper_bound":310636636.25},"point_estimate":309848401.5,"standard_error":457599.9214082654},"median_abs_dev":{"confidence_interval":{"confidence_level":0.95,"lower_bound":87804.75954115391,"upper_bound":1322557.0130199194},"point_estimate":951409.9779590964,"standard_error":364739.5812973318},"slope":null,"std_dev":{"confidence_interval":{"confidence_level":0.95,"lower_bound":537934.1788182103,"upper_bound":1044155.8631056703},"point_estimate":858087.6626430814,"standard_error":128558.53060315366}}