{"mean":{"confidence_interval":{"confidence_level":0.95,"lower_bound":-0.03835507218581329,"upper_bound":0.009914966528666112},"point_estimate":-0.01460012276597722,"standard_error":0.012147882682903283},"median":{"confidence_interval":{"confidence_level":0.95,"lower_bound":-0.031583835951420225,"upper_bound":0.008539412896953147},"point_estimate":-0.006401788074008374,"standard_error":0.010434027013413654}}