{"mean":{"confidence_interval":{"confidence_level":0.95,"lower_bound":8657988.810813822,"upper_bound":8791935.420605158},"point_estimate":8717711.641084658,"standard_error":34503.73306750283},"median":{"confidence_interval":{"confidence_level":0.95,"lower_bound":8635894.458333334,"upper_bound":8757187.58482143},"point_estimate":8706113.5125,"standard_error":30713.256093851916},"median_abs_dev":{"confidence_interval":{"confidence_level":0.95,"lower_bound":23565.7712616249,"upper_bound":151922.67666727817},"point_estimate":69213.7465912088,"standard_error":33033.71765066355},"slope":{"confidence_interval":{"confidence_level":0.95,"lower_bound":8640467.862419508,"upper_bound":8896268.95381837},"point_estimate":8769907.068831168,"standard_error":69000.84334161151},"std_dev":{"confidence_interval":{"confidence_level":0.95,"lower_bound":42378.70741627499,"upper_bound":164141.80579211836},"point_estimate":114998.10712658559,"standard_error":36246.34529889484}}