{"mean":{"confidence_interval":{"confidence_level":0.95,"lower_bound":263228487.0,"upper_bound":293277072.335},"point_estimate":278702549.85,"standard_error":7604564.890923731},"median":{"confidence_interval":{"confidence_level":0.95,"lower_bound":253227045.0,"upper_bound":298020899.0},"point_estimate":295818691.5,"standard_error":15262739.270840295},"median_abs_dev":{"confidence_interval":{"confidence_level":0.95,"lower_bound":541931.0618788004,"upper_bound":35374159.30638313},"point_estimate":5587098.311059177,"standard_error":12519136.941609288},"slope":null,"std_dev":{"confidence_interval":{"confidence_level":0.95,"lower_bound":14189551.126814006,"upper_bound":30041389.988759577},"point_estimate":25360534.749135446,"standard_error":4006979.241779175}}