{"mean":{"confidence_interval":{"confidence_level":0.95,"lower_bound":0.3380640495368968,"upper_bound":0.6499447972074265},"point_estimate":0.5187104970416421,"standard_error":0.07667897896704164},"median":{"confidence_interval":{"confidence_level":0.95,"lower_bound":0.3852221258253097,"upper_bound":0.6310621414907251},"point_estimate":0.5893320018484287,"standard_error":0.061456293206836266}}