{"mean":{"confidence_interval":{"confidence_level":0.95,"lower_bound":240457599.51624998,"upper_bound":243018954.6625},"point_estimate":241668293.35,"standard_error":652679.6157073834},"median":{"confidence_interval":{"confidence_level":0.95,"lower_bound":240186630.5,"upper_bound":242700455.0},"point_estimate":241370412.5,"standard_error":663286.6249041948},"median_abs_dev":{"confidence_interval":{"confidence_level":0.95,"lower_bound":271808.7596744299,"upper_bound":3498652.0199865103},"point_estimate":1822543.8390433788,"standard_error":815957.3741900834},"slope":null,"std_dev":{"confidence_interval":{"confidence_level":0.95,"lower_bound":902241.162975583,"upper_bound":2997542.719046173},"point_estimate":2175643.420120791,"standard_error":556315.7157664648}}