{"mean":{"confidence_interval":{"confidence_level":0.95,"lower_bound":871183497.6875,"upper_bound":997488880.8599999},"point_estimate":930753082.6,"standard_error":32862455.365761723},"median":{"confidence_interval":{"confidence_level":0.95,"lower_bound":843510690.0,"upper_bound":1080634231.0},"point_estimate":872255311.0,"standard_error":59765726.346453615},"median_abs_dev":{"confidence_interval":{"confidence_level":0.95,"lower_bound":947202.4518966916,"upper_bound":161024913.30803633},"point_estimate":43568519.754204154,"standard_error":45447010.329538465},"slope":null,"std_dev":{"confidence_interval":{"confidence_level":0.95,"lower_bound":40441613.07918653,"upper_bound":123578145.80382928},"point_estimate":109377492.68867217,"standard_error":18579392.063521817}}