{"mean":{"confidence_interval":{"confidence_level":0.95,"lower_bound":4440209200.0425,"upper_bound":4546162161.7},"point_estimate":4493502555.4,"standard_error":27097157.518040035},"median":{"confidence_interval":{"confidence_level":0.95,"lower_bound":4417619499.5,"upper_bound":4569447488.5},"point_estimate":4502992291.5,"standard_error":38335537.61804406},"median_abs_dev":{"confidence_interval":{"confidence_level":0.95,"lower_bound":17517135.88990867,"upper_bound":165671962.06343472},"point_estimate":95299810.19859016,"standard_error":36416521.576076604},"slope":null,"std_dev":{"confidence_interval":{"confidence_level":0.95,"lower_bound":53960058.47745323,"upper_bound":111168548.62200145},"point_estimate":90549524.28085311,"standard_error":14729442.122941913}}