{"mean":{"confidence_interval":{"confidence_level":0.95,"lower_bound":0.5708126109783966,"upper_bound":1.0588662796231003},"point_estimate":0.8141490488566838,"standard_error":0.12347137646646483},"median":{"confidence_interval":{"confidence_level":0.95,"lower_bound":0.5433111959490875,"upper_bound":1.2430659806255728},"point_estimate":1.0344903534063534,"standard_error":0.19069865018301688}}