{"mean":{"confidence_interval":{"confidence_level":0.95,"lower_bound":209882511.3,"upper_bound":245361413.73333335},"point_estimate":227113067.83333334,"standard_error":8797953.497734588},"median":{"confidence_interval":{"confidence_level":0.95,"lower_bound":207167955.66666666,"upper_bound":268605659.3333333},"point_estimate":211026856.5,"standard_error":14899656.670146773},"median_abs_dev":{"confidence_interval":{"confidence_level":0.95,"lower_bound":1087824.1250872316,"upper_bound":43926718.62594487},"point_estimate":6265118.336471915,"standard_error":11951151.687602554},"slope":null,"std_dev":{"confidence_interval":{"confidence_level":0.95,"lower_bound":2938911.179735716,"upper_bound":32352984.72393222},"point_estimate":29199648.72506726,"standard_error":5771869.398571638}}