{"mean":{"confidence_interval":{"confidence_level":0.95,"lower_bound":0.9242967365675554,"upper_bound":1.28851633738559},"point_estimate":1.1271154494327615,"standard_error":0.09661986001917748},"median":{"confidence_interval":{"confidence_level":0.95,"lower_bound":1.014407533817291,"upper_bound":1.331111923466516},"point_estimate":1.2148510547689053,"standard_error":0.09168441262484822}}