{"mean":{"confidence_interval":{"confidence_level":0.95,"lower_bound":1058612038.96,"upper_bound":1071496658.8775},"point_estimate":1064797318.2,"standard_error":3283830.354038919},"median":{"confidence_interval":{"confidence_level":0.95,"lower_bound":1060250943.0,"upper_bound":1070098094.5},"point_estimate":1062035099.5,"standard_error":2743404.717930378},"median_abs_dev":{"confidence_interval":{"confidence_level":0.95,"lower_bound":734482.9921603203,"upper_bound":19688897.2571522},"point_estimate":3109963.9739871025,"standard_error":5011011.004364093},"slope":null,"std_dev":{"confidence_interval":{"confidence_level":0.95,"lower_bound":3884401.959728557,"upper_bound":14819173.0567718},"point_estimate":10941339.982892547,"standard_error":2751258.1053451593}}