{"mean":{"confidence_interval":{"confidence_level":0.95,"lower_bound":285295087.0,"upper_bound":300421529.095},"point_estimate":293967621.65,"standard_error":4172623.6240730705},"median":{"confidence_interval":{"confidence_level":0.95,"lower_bound":289188606.75,"upper_bound":300674272.5},"point_estimate":299605977.75,"standard_error":2442633.5386351286},"median_abs_dev":{"confidence_interval":{"confidence_level":0.95,"lower_bound":422663.67764621973,"upper_bound":15171269.842556119},"point_estimate":1148661.7501571774,"standard_error":3191710.040070813},"slope":null,"std_dev":{"confidence_interval":{"confidence_level":0.95,"lower_bound":881424.9454268165,"upper_bound":19909377.012727994},"point_estimate":13976579.92466068,"standard_error":5364234.561012241}}