{"mean":{"confidence_interval":{"confidence_level":0.95,"lower_bound":542357196.3,"upper_bound":669071465.4349998},"point_estimate":608524186.5,"standard_error":31907061.794402625},"median":{"confidence_interval":{"confidence_level":0.95,"lower_bound":461851527.0,"upper_bound":683473110.0},"point_estimate":670300837.5,"standard_error":54181207.45701496},"median_abs_dev":{"confidence_interval":{"confidence_level":0.95,"lower_bound":4582960.406336188,"upper_bound":161108537.1356517},"point_estimate":25750883.829930425,"standard_error":42171348.45884214},"slope":null,"std_dev":{"confidence_interval":{"confidence_level":0.95,"lower_bound":18767328.20216307,"upper_bound":118930676.11530441},"point_estimate":106190915.52262625,"standard_error":20376404.300710034}}