{"mean":{"confidence_interval":{"confidence_level":0.95,"lower_bound":839377868.5,"upper_bound":962012248.0},"point_estimate":894192255.2,"standard_error":31124229.58355619},"median":{"confidence_interval":{"confidence_level":0.95,"lower_bound":840471089.0,"upper_bound":964683533.5},"point_estimate":845138625.5,"standard_error":31908387.173294112},"median_abs_dev":{"confidence_interval":{"confidence_level":0.95,"lower_bound":650733.1435471773,"upper_bound":127583291.93274379},"point_estimate":7825952.886861563,"standard_error":35873985.60064591},"slope":null,"std_dev":{"confidence_interval":{"confidence_level":0.95,"lower_bound":21721934.416981824,"upper_bound":129700167.19919418},"point_estimate":104064281.3382038,"standard_error":28230435.25223231}}