{"mean":{"confidence_interval":{"confidence_level":0.95,"lower_bound":410355631.9,"upper_bound":431372950.22625},"point_estimate":420111617.3,"standard_error":5403218.9208380105},"median":{"confidence_interval":{"confidence_level":0.95,"lower_bound":408472631.0,"upper_bound":437344556.5},"point_estimate":412558042.5,"standard_error":7311304.536849478},"median_abs_dev":{"confidence_interval":{"confidence_level":0.95,"lower_bound":1066657.2923630476,"upper_bound":27520845.77830732},"point_estimate":6330139.98221755,"standard_error":7197228.50550446},"slope":null,"std_dev":{"confidence_interval":{"confidence_level":0.95,"lower_bound":5407179.867816325,"upper_bound":21979915.697676644},"point_estimate":18067722.92391808,"standard_error":3666070.906493117}}