{"mean":{"confidence_interval":{"confidence_level":0.95,"lower_bound":237293964.7025,"upper_bound":243063645.96833333},"point_estimate":240213350.96666664,"standard_error":1470303.4226900516},"median":{"confidence_interval":{"confidence_level":0.95,"lower_bound":237389678.8333333,"upper_bound":243585955.6666667},"point_estimate":239832469.6666667,"standard_error":1503716.5954256866},"median_abs_dev":{"confidence_interval":{"confidence_level":0.95,"lower_bound":673176.494848743,"upper_bound":8697498.540088534},"point_estimate":4075755.2952408716,"standard_error":1990980.1916357966},"slope":null,"std_dev":{"confidence_interval":{"confidence_level":0.95,"lower_bound":2443230.299512059,"upper_bound":6495023.226663844},"point_estimate":4909000.211993801,"standard_error":1035749.8381424503}}