{"mean":{"confidence_interval":{"confidence_level":0.95,"lower_bound":4470147510.1,"upper_bound":4823462354.3},"point_estimate":4676308204.6,"standard_error":93373938.96903802},"median":{"confidence_interval":{"confidence_level":0.95,"lower_bound":4586767474.0,"upper_bound":4851893229.0},"point_estimate":4818711512.5,"standard_error":84838624.99203831},"median_abs_dev":{"confidence_interval":{"confidence_level":0.95,"lower_bound":17790467.27975607,"upper_bound":350084407.36995935},"point_estimate":105932667.31621921,"standard_error":90324919.88293116},"slope":null,"std_dev":{"confidence_interval":{"confidence_level":0.95,"lower_bound":88022499.4355527,"upper_bound":460273735.4605767},"point_estimate":311019559.6016893,"standard_error":116474643.35242194}}