{"mean":{"confidence_interval":{"confidence_level":0.95,"lower_bound":-0.06736534341293458,"upper_bound":0.1064831533264771},"point_estimate":0.01700236939010935,"standard_error":0.04453373676335541},"median":{"confidence_interval":{"confidence_level":0.95,"lower_bound":-0.10196026232535904,"upper_bound":0.13732017247958783},"point_estimate":-0.019037658689348924,"standard_error":0.06364889311030827}}