{"mean":{"confidence_interval":{"confidence_level":0.95,"lower_bound":4276068967.0,"upper_bound":4672903997.6},"point_estimate":4498960461.3,"standard_error":102965196.22093366},"median":{"confidence_interval":{"confidence_level":0.95,"lower_bound":4306382280.0,"upper_bound":4699012717.0},"point_estimate":4642965801.5,"standard_error":97863675.92886442},"median_abs_dev":{"confidence_interval":{"confidence_level":0.95,"lower_bound":8420341.301009059,"upper_bound":471260752.4875492},"point_estimate":137308682.96498358,"standard_error":116039148.88357255},"slope":null,"std_dev":{"confidence_interval":{"confidence_level":0.95,"lower_bound":97621627.21348614,"upper_bound":487125713.8527093},"point_estimate":344580252.43641037,"standard_error":108214829.8359094}}