{"mean":{"confidence_interval":{"confidence_level":0.95,"lower_bound":1516190820.7,"upper_bound":1542506431.1575},"point_estimate":1530028096.5,"standard_error":6754795.932026559},"median":{"confidence_interval":{"confidence_level":0.95,"lower_bound":1512320982.0,"upper_bound":1545093573.5},"point_estimate":1537444065.5,"standard_error":8659664.801030362},"median_abs_dev":{"confidence_interval":{"confidence_level":0.95,"lower_bound":2863042.8787708282,"upper_bound":35753132.61605501},"point_estimate":13247500.00770986,"standard_error":9368158.954370422},"slope":null,"std_dev":{"confidence_interval":{"confidence_level":0.95,"lower_bound":10252233.103540145,"upper_bound":28520436.29056984},"point_estimate":22546052.466203086,"standard_error":4537381.461181844}}