{"mean":{"confidence_interval":{"confidence_level":0.95,"lower_bound":-0.032418132295562466,"upper_bound":0.07916515689283182},"point_estimate":0.021833846613819263,"standard_error":0.028434698742758637},"median":{"confidence_interval":{"confidence_level":0.95,"lower_bound":-0.0729456498053791,"upper_bound":0.07846586014222168},"point_estimate":0.02056968925188385,"standard_error":0.041773667885090494}}