{"mean":{"confidence_interval":{"confidence_level":0.95,"lower_bound":14799317519.3475,"upper_bound":15018785557.4275},"point_estimate":14920026110.9,"standard_error":56342323.50913562},"median":{"confidence_interval":{"confidence_level":0.95,"lower_bound":14812000828.0,"upper_bound":15023893548.0},"point_estimate":14967337589.0,"standard_error":48572645.37886044},"median_abs_dev":{"confidence_interval":{"confidence_level":0.95,"lower_bound":13913844.928979874,"upper_bound":269448258.1414372},"point_estimate":98084388.69765401,"standard_error":72598760.53061089},"slope":null,"std_dev":{"confidence_interval":{"confidence_level":0.95,"lower_bound":68162688.86022593,"upper_bound":261822534.2474258},"point_estimate":187288519.4418853,"standard_error":54699418.21437338}}