{"mean":{"confidence_interval":{"confidence_level":0.95,"lower_bound":109253592.88349207,"upper_bound":111851760.03849205},"point_estimate":110340594.13849206,"standard_error":680498.3404274664},"median":{"confidence_interval":{"confidence_level":0.95,"lower_bound":108844543.65,"upper_bound":110842200.05357143},"point_estimate":109849563.1388889,"standard_error":618720.5319368123},"median_abs_dev":{"confidence_interval":{"confidence_level":0.95,"lower_bound":217059.67849642038,"upper_bound":2473964.3747716956},"point_estimate":1204591.722214222,"standard_error":560306.1148542578},"slope":{"confidence_interval":{"confidence_level":0.95,"lower_bound":108799081.70760234,"upper_bound":110386084.67702799},"point_estimate":109494772.78181818,"standard_error":409364.53548684303},"std_dev":{"confidence_interval":{"confidence_level":0.95,"lower_bound":733265.5699783304,"upper_bound":3350857.326801017},"point_estimate":2265755.077570778,"standard_error":835476.7180191559}}