{"mean":{"confidence_interval":{"confidence_level":0.95,"lower_bound":231988139.8333333,"upper_bound":235818178.81499997},"point_estimate":233870092.4,"standard_error":981644.1130156063},"median":{"confidence_interval":{"confidence_level":0.95,"lower_bound":230909402.33333334,"upper_bound":236014545.33333334},"point_estimate":233788765.66666666,"standard_error":1161447.273180625},"median_abs_dev":{"confidence_interval":{"confidence_level":0.95,"lower_bound":631446.4946895986,"upper_bound":5890396.38222456},"point_estimate":2857458.913069971,"standard_error":1353802.8461299746},"slope":null,"std_dev":{"confidence_interval":{"confidence_level":0.95,"lower_bound":1765920.1268533764,"upper_bound":4209114.024512976},"point_estimate":3284134.539864338,"standard_error":630907.7274767595}}