{"mean":{"confidence_interval":{"confidence_level":0.95,"lower_bound":0.07889271158322085,"upper_bound":0.5448099334390263},"point_estimate":0.3094299989174203,"standard_error":0.12354220136352247},"median":{"confidence_interval":{"confidence_level":0.95,"lower_bound":-0.07044887622589713,"upper_bound":0.6961421326882551},"point_estimate":0.29321785488947105,"standard_error":0.32322460676302034}}