{"mean":{"confidence_interval":{"confidence_level":0.95,"lower_bound":-0.07792135877941886,"upper_bound":-0.01010203457042221},"point_estimate":-0.04522122662940131,"standard_error":0.017366031403526484},"median":{"confidence_interval":{"confidence_level":0.95,"lower_bound":-0.09992556260429297,"upper_bound":0.009142627602068965},"point_estimate":-0.046839945508222125,"standard_error":0.03020525972979301}}