{"mean":{"confidence_interval":{"confidence_level":0.95,"lower_bound":237227895.4,"upper_bound":241878970.86666664},"point_estimate":239262087.4,"standard_error":1208284.9849174903},"median":{"confidence_interval":{"confidence_level":0.95,"lower_bound":236730392.33333334,"upper_bound":241246561.5},"point_estimate":237896146.16666666,"standard_error":1159327.017671976},"median_abs_dev":{"confidence_interval":{"confidence_level":0.95,"lower_bound":204727.7825653553,"upper_bound":5277629.411703363},"point_estimate":2273513.438937083,"standard_error":1308885.1845372068},"slope":null,"std_dev":{"confidence_interval":{"confidence_level":0.95,"lower_bound":1275545.6602905234,"upper_bound":5658437.849371193},"point_estimate":4019689.436244794,"standard_error":1251281.2463165119}}