{"mean":{"confidence_interval":{"confidence_level":0.95,"lower_bound":6943492084.1,"upper_bound":7884614647.1},"point_estimate":7414599367.9,"standard_error":242857103.92426047},"median":{"confidence_interval":{"confidence_level":0.95,"lower_bound":6477455726.5,"upper_bound":8043058125.0},"point_estimate":8034918653.0,"standard_error":592980503.5328718},"median_abs_dev":{"confidence_interval":{"confidence_level":0.95,"lower_bound":1103647.4204063416,"upper_bound":1165605927.1329582},"point_estimate":16029446.89182043,"standard_error":461302106.7025484},"slope":null,"std_dev":{"confidence_interval":{"confidence_level":0.95,"lower_bound":494477307.1082356,"upper_bound":828124099.8342873},"point_estimate":808746444.9892808,"standard_error":98897271.23593685}}