{"mean":{"confidence_interval":{"confidence_level":0.95,"lower_bound":1076924410.6775,"upper_bound":1410316930.7},"point_estimate":1255322020.0,"standard_error":86097310.58291364},"median":{"confidence_interval":{"confidence_level":0.95,"lower_bound":963268645.0,"upper_bound":1485352370.0},"point_estimate":1389717241.5,"standard_error":124444380.6213876},"median_abs_dev":{"confidence_interval":{"confidence_level":0.95,"lower_bound":14150178.036484122,"upper_bound":466133949.9479681},"point_estimate":142827165.43731093,"standard_error":111905242.25763923},"slope":null,"std_dev":{"confidence_interval":{"confidence_level":0.95,"lower_bound":70481297.7965708,"upper_bound":343206335.8059657},"point_estimate":287936805.9040705,"standard_error":56877955.05236571}}