{"mean":{"confidence_interval":{"confidence_level":0.95,"lower_bound":3698941816.3,"upper_bound":4000669748.3525},"point_estimate":3855090398.4,"standard_error":74795831.97276686},"median":{"confidence_interval":{"confidence_level":0.95,"lower_bound":3595868978.0,"upper_bound":4021025228.5},"point_estimate":4016064528.5,"standard_error":116003550.20197932},"median_abs_dev":{"confidence_interval":{"confidence_level":0.95,"lower_bound":1514430.6538134813,"upper_bound":380176098.55252504},"point_estimate":9522668.46613884,"standard_error":107365184.8838015},"slope":null,"std_dev":{"confidence_interval":{"confidence_level":0.95,"lower_bound":37572043.1232977,"upper_bound":290810352.6654411},"point_estimate":249339536.6296003,"standard_error":52062603.22255034}}