{"mean":{"confidence_interval":{"confidence_level":0.95,"lower_bound":4639230194.6975,"upper_bound":5137943664.915},"point_estimate":4898242743.6,"standard_error":128001824.82181373},"median":{"confidence_interval":{"confidence_level":0.95,"lower_bound":4360190576.0,"upper_bound":5258607302.5},"point_estimate":5043146873.5,"standard_error":239292763.49689883},"median_abs_dev":{"confidence_interval":{"confidence_level":0.95,"lower_bound":50681339.829826355,"upper_bound":676022531.8116009},"point_estimate":362032915.54993093,"standard_error":198019540.5658867},"slope":null,"std_dev":{"confidence_interval":{"confidence_level":0.95,"lower_bound":219804617.29975703,"upper_bound":486641188.9956394},"point_estimate":424953230.25858,"standard_error":62302487.83769034}}