{"mean":{"confidence_interval":{"confidence_level":0.95,"lower_bound":1521431382.5,"upper_bound":2119743184.8},"point_estimate":1832610529.2,"standard_error":153446325.7860894},"median":{"confidence_interval":{"confidence_level":0.95,"lower_bound":1251427817.0,"upper_bound":2295532732.0},"point_estimate":2024836284.5,"standard_error":295517756.1368511},"median_abs_dev":{"confidence_interval":{"confidence_level":0.95,"lower_bound":9767327.11379528,"upper_bound":797454906.3773453},"point_estimate":413517330.11839986,"standard_error":247558002.10250986},"slope":null,"std_dev":{"confidence_interval":{"confidence_level":0.95,"lower_bound":286908382.57515943,"upper_bound":583315992.096465},"point_estimate":511263643.0098142,"standard_error":73065811.10496908}}