{"mean":{"confidence_interval":{"confidence_level":0.95,"lower_bound":318865615.305,"upper_bound":354277364.65999997},"point_estimate":335991770.45,"standard_error":9079595.438166602},"median":{"confidence_interval":{"confidence_level":0.95,"lower_bound":310317709.5,"upper_bound":372907654.5},"point_estimate":329333648.25,"standard_error":14339015.15959886},"median_abs_dev":{"confidence_interval":{"confidence_level":0.95,"lower_bound":4294599.529905617,"upper_bound":52014621.971055865},"point_estimate":28785374.19900745,"standard_error":12667078.3258582},"slope":null,"std_dev":{"confidence_interval":{"confidence_level":0.95,"lower_bound":16584575.119309843,"upper_bound":35945873.03355545},"point_estimate":30247010.93357346,"standard_error":4671932.441392795}}