{"mean":{"confidence_interval":{"confidence_level":0.95,"lower_bound":-0.024217625783625834,"upper_bound":0.009304514557670292},"point_estimate":-0.007579876904245886,"standard_error":0.008574197501151582},"median":{"confidence_interval":{"confidence_level":0.95,"lower_bound":-0.030828736063871043,"upper_bound":0.005873448329037689},"point_estimate":-0.012671542007398506,"standard_error":0.009553495017637156}}