{"mean":{"confidence_interval":{"confidence_level":0.95,"lower_bound":1985752087.6,"upper_bound":2147440328.515},"point_estimate":2081077588.3,"standard_error":42880587.81161187},"median":{"confidence_interval":{"confidence_level":0.95,"lower_bound":2053347350.0,"upper_bound":2168994590.0},"point_estimate":2116961169.5,"standard_error":29193088.024450723},"median_abs_dev":{"confidence_interval":{"confidence_level":0.95,"lower_bound":10856436.900159717,"upper_bound":131056650.79717934},"point_estimate":66403543.82260144,"standard_error":33134757.807413675},"slope":null,"std_dev":{"confidence_interval":{"confidence_level":0.95,"lower_bound":32264717.469456203,"upper_bound":212593859.84937754},"point_estimate":143397401.9087532,"standard_error":55959973.79904636}}