{"mean":{"confidence_interval":{"confidence_level":0.95,"lower_bound":2629805.5251514935,"upper_bound":2686905.8255065363},"point_estimate":2652552.549981326,"standard_error":15412.330984414784},"median":{"confidence_interval":{"confidence_level":0.95,"lower_bound":2624485.8466386553,"upper_bound":2656286.104411765},"point_estimate":2638387.054738562,"standard_error":8328.118565888823},"median_abs_dev":{"confidence_interval":{"confidence_level":0.95,"lower_bound":3213.5060262822244,"upper_bound":38873.307374420045},"point_estimate":19823.672610461294,"standard_error":9784.015832852736},"slope":{"confidence_interval":{"confidence_level":0.95,"lower_bound":2634480.6471453286,"upper_bound":2651600.2329327785},"point_estimate":2643681.051566081,"standard_error":4346.419253374006},"std_dev":{"confidence_interval":{"confidence_level":0.95,"lower_bound":10881.517554923474,"upper_bound":77948.17987237002},"point_estimate":51464.86231313789,"standard_error":22156.360213210843}}