{"mean":{"confidence_interval":{"confidence_level":0.95,"lower_bound":280834.1471377552,"upper_bound":554266.6002711641},"point_estimate":391881.14050699177,"standard_error":72791.19716095981},"median":{"confidence_interval":{"confidence_level":0.95,"lower_bound":251754.78822278912,"upper_bound":413554.16904761904},"point_estimate":339279.050952381,"standard_error":46944.54548507649},"median_abs_dev":{"confidence_interval":{"confidence_level":0.95,"lower_bound":10331.362599914935,"upper_bound":217749.1614741002},"point_estimate":107120.25496990199,"standard_error":51095.380423970775},"slope":{"confidence_interval":{"confidence_level":0.95,"lower_bound":235929.5574107904,"upper_bound":355798.46733831876},"point_estimate":290853.33661100804,"standard_error":30550.1114783558},"std_dev":{"confidence_interval":{"confidence_level":0.95,"lower_bound":59690.19769076244,"upper_bound":365368.7050589353},"point_estimate":242805.80640476302,"standard_error":99494.5963597068}}