{"mean":{"confidence_interval":{"confidence_level":0.95,"lower_bound":114760370.3071657,"upper_bound":285392211.0739305},"point_estimate":187204867.37091273,"standard_error":44569558.89685052},"median":{"confidence_interval":{"confidence_level":0.95,"lower_bound":88677240.90178572,"upper_bound":230790939.85},"point_estimate":144689244.5416667,"standard_error":39290773.48680004},"median_abs_dev":{"confidence_interval":{"confidence_level":0.95,"lower_bound":18670876.969330665,"upper_bound":165715904.15835208},"point_estimate":86594739.10969605,"standard_error":37353163.01952612},"slope":{"confidence_interval":{"confidence_level":0.95,"lower_bound":84149613.79245144,"upper_bound":146496314.34720197},"point_estimate":105993709.64155844,"standard_error":15896433.751838723},"std_dev":{"confidence_interval":{"confidence_level":0.95,"lower_bound":46427751.442665465,"upper_bound":216541431.86123994},"point_estimate":148651750.2676699,"standard_error":52503132.010693006}}