{"mean":{"confidence_interval":{"confidence_level":0.95,"lower_bound":0.6142035038261026,"upper_bound":1.1276228745754895},"point_estimate":0.8640840200716979,"standard_error":0.13268275619114853},"median":{"confidence_interval":{"confidence_level":0.95,"lower_bound":0.521541338035735,"upper_bound":1.3824780470222136},"point_estimate":0.9599376051133031,"standard_error":0.22797286968088942}}