{"mean":{"confidence_interval":{"confidence_level":0.95,"lower_bound":52635052.984655745,"upper_bound":56737140.98888888},"point_estimate":54442900.66853175,"standard_error":1063530.3104667072},"median":{"confidence_interval":{"confidence_level":0.95,"lower_bound":52477130.125,"upper_bound":56870117.975},"point_estimate":53034785.41071428,"standard_error":893831.7488889417},"median_abs_dev":{"confidence_interval":{"confidence_level":0.95,"lower_bound":259761.16405498897,"upper_bound":4539290.868891484},"point_estimate":1014815.7379934214,"standard_error":998657.2632794661},"slope":{"confidence_interval":{"confidence_level":0.95,"lower_bound":52657231.96523328,"upper_bound":53649206.52600754},"point_estimate":53124003.93636364,"standard_error":256960.20684189713},"std_dev":{"confidence_interval":{"confidence_level":0.95,"lower_bound":621590.4963582573,"upper_bound":4585607.470681138},"point_estimate":3549956.859996925,"standard_error":1052707.6456608258}}