{"mean":{"confidence_interval":{"confidence_level":0.95,"lower_bound":0.3887002145082987,"upper_bound":0.8318420606601808},"point_estimate":0.6093196750857992,"standard_error":0.1119896691014681},"median":{"confidence_interval":{"confidence_level":0.95,"lower_bound":0.17086446687620294,"upper_bound":1.142225874234574},"point_estimate":0.5780443054976061,"standard_error":0.2743362702590463}}