{"mean":{"confidence_interval":{"confidence_level":0.95,"lower_bound":469211177.59,"upper_bound":479183620.0375},"point_estimate":474404751.3,"standard_error":2557907.478811061},"median":{"confidence_interval":{"confidence_level":0.95,"lower_bound":464207716.5,"upper_bound":481614448.75},"point_estimate":476665249.5,"standard_error":4088359.436737947},"median_abs_dev":{"confidence_interval":{"confidence_level":0.95,"lower_bound":1345960.9655544162,"upper_bound":13697585.483819246},"point_estimate":7826737.182247639,"standard_error":3299357.7207106426},"slope":null,"std_dev":{"confidence_interval":{"confidence_level":0.95,"lower_bound":4041413.386576365,"upper_bound":10129800.297012774},"point_estimate":8532896.410974003,"standard_error":1397237.2083888708}}