{"mean":{"confidence_interval":{"confidence_level":0.95,"lower_bound":3579487460.9,"upper_bound":3871637281.0825},"point_estimate":3726922121.1,"standard_error":75012163.41581324},"median":{"confidence_interval":{"confidence_level":0.95,"lower_bound":3502475128.5,"upper_bound":3948442511.0},"point_estimate":3742997135.0,"standard_error":172121744.71085134},"median_abs_dev":{"confidence_interval":{"confidence_level":0.95,"lower_bound":15556157.984822989,"upper_bound":371032263.29036057},"point_estimate":313337073.60485494,"standard_error":107139551.87874442},"slope":null,"std_dev":{"confidence_interval":{"confidence_level":0.95,"lower_bound":175116195.02625966,"upper_bound":275267042.42833805},"point_estimate":249683830.87979224,"standard_error":25666481.202580553}}