{"mean":{"confidence_interval":{"confidence_level":0.95,"lower_bound":0.6874684818026564,"upper_bound":0.7277011786721386},"point_estimate":0.7081849653912493,"standard_error":0.010586048499793414},"median":{"confidence_interval":{"confidence_level":0.95,"lower_bound":0.6898010597753264,"upper_bound":0.736382317951132},"point_estimate":0.7119549151360727,"standard_error":0.012233786644350179}}