{"mean":{"confidence_interval":{"confidence_level":0.95,"lower_bound":2547551662.1,"upper_bound":2574310868.2875},"point_estimate":2561600108.0,"standard_error":6855132.237839256},"median":{"confidence_interval":{"confidence_level":0.95,"lower_bound":2545810194.0,"upper_bound":2582712280.0},"point_estimate":2567717085.5,"standard_error":9425013.98872227},"median_abs_dev":{"confidence_interval":{"confidence_level":0.95,"lower_bound":2474788.4932637215,"upper_bound":38699617.703944445},"point_estimate":25077733.03348124,"standard_error":8807055.692833183},"slope":null,"std_dev":{"confidence_interval":{"confidence_level":0.95,"lower_bound":12049579.823977537,"upper_bound":29546061.97770389},"point_estimate":22911161.132938728,"standard_error":4722834.379401501}}