{"mean":{"confidence_interval":{"confidence_level":0.95,"lower_bound":43302731.57718254,"upper_bound":45358318.84825396},"point_estimate":44321191.550515875,"standard_error":525662.1665544099},"median":{"confidence_interval":{"confidence_level":0.95,"lower_bound":43047568.298611104,"upper_bound":45968378.06666667},"point_estimate":43966107.83333333,"standard_error":638170.166686175},"median_abs_dev":{"confidence_interval":{"confidence_level":0.95,"lower_bound":136508.77613064283,"upper_bound":3314378.4337580167},"point_estimate":1659042.1785627846,"standard_error":851308.832055214},"slope":{"confidence_interval":{"confidence_level":0.95,"lower_bound":43284333.01162994,"upper_bound":45477843.40398792},"point_estimate":44331433.38787879,"standard_error":550134.4239231305},"std_dev":{"confidence_interval":{"confidence_level":0.95,"lower_bound":959733.6906473689,"upper_bound":2243292.620707704},"point_estimate":1756855.4335282603,"standard_error":328755.94583994715}}