{"mean":{"confidence_interval":{"confidence_level":0.95,"lower_bound":933705193.5,"upper_bound":950613220.1},"point_estimate":943016451.6,"standard_error":4325786.02090538},"median":{"confidence_interval":{"confidence_level":0.95,"lower_bound":932056939.5,"upper_bound":952301258.0},"point_estimate":949422967.5,"standard_error":4563294.58563747},"median_abs_dev":{"confidence_interval":{"confidence_level":0.95,"lower_bound":1392673.613575101,"upper_bound":18566974.56817031},"point_estimate":5286201.310551167,"standard_error":4315737.385014031},"slope":null,"std_dev":{"confidence_interval":{"confidence_level":0.95,"lower_bound":2889128.7349580075,"upper_bound":17957740.629673094},"point_estimate":14399148.022177994,"standard_error":3868091.2371250936}}