{"mean":{"confidence_interval":{"confidence_level":0.95,"lower_bound":297711529.45,"upper_bound":326568232.50875},"point_estimate":310180186.75,"standard_error":7500350.513069134},"median":{"confidence_interval":{"confidence_level":0.95,"lower_bound":292603808.0,"upper_bound":319929921.0},"point_estimate":299754301.0,"standard_error":9006802.984418675},"median_abs_dev":{"confidence_interval":{"confidence_level":0.95,"lower_bound":1503867.1290010214,"upper_bound":36571023.34688455},"point_estimate":12819973.772799969,"standard_error":8477596.624528712},"slope":null,"std_dev":{"confidence_interval":{"confidence_level":0.95,"lower_bound":8891795.17738233,"upper_bound":35974462.27003524},"point_estimate":24971490.175752237,"standard_error":8202974.341052341}}