{"mean":{"confidence_interval":{"confidence_level":0.95,"lower_bound":12179832156.1075,"upper_bound":13371820954.0},"point_estimate":12752983896.9,"standard_error":305685628.68506944},"median":{"confidence_interval":{"confidence_level":0.95,"lower_bound":11842253878.0,"upper_bound":13599693139.0},"point_estimate":12531919539.5,"standard_error":490844304.8997089},"median_abs_dev":{"confidence_interval":{"confidence_level":0.95,"lower_bound":161336735.95840037,"upper_bound":1625019310.7042403},"point_estimate":1222550082.0801973,"standard_error":389958797.43350834},"slope":null,"std_dev":{"confidence_interval":{"confidence_level":0.95,"lower_bound":600821373.5670297,"upper_bound":1276999770.855451},"point_estimate":1020166543.8930448,"standard_error":177362836.98699653}}