{"mean":{"confidence_interval":{"confidence_level":0.95,"lower_bound":200798695.1,"upper_bound":230961171.33333334},"point_estimate":215735910.96666664,"standard_error":7631395.954949766},"median":{"confidence_interval":{"confidence_level":0.95,"lower_bound":192589695.33333334,"upper_bound":243694398.6666667},"point_estimate":206955241.6666667,"standard_error":18453595.127255842},"median_abs_dev":{"confidence_interval":{"confidence_level":0.95,"lower_bound":181540.66027698692,"upper_bound":37178934.184741974},"point_estimate":23925137.574943922,"standard_error":12974673.005813802},"slope":null,"std_dev":{"confidence_interval":{"confidence_level":0.95,"lower_bound":17225733.193502106,"upper_bound":27157798.04934928},"point_estimate":25383598.767675653,"standard_error":2656067.040764337}}