{"mean":{"confidence_interval":{"confidence_level":0.95,"lower_bound":-0.003246537007608418,"upper_bound":0.0029569059369183802},"point_estimate":-0.0001865110856030805,"standard_error":0.001570740369817711},"median":{"confidence_interval":{"confidence_level":0.95,"lower_bound":-0.0050966028009468145,"upper_bound":0.004445746827975716},"point_estimate":-0.0004928585352518278,"standard_error":0.0025924688603261295}}