{"mean":{"confidence_interval":{"confidence_level":0.95,"lower_bound":13172645064.2,"upper_bound":15166969522.2},"point_estimate":14177348262.3,"standard_error":514507834.89648694},"median":{"confidence_interval":{"confidence_level":0.95,"lower_bound":12437189449.0,"upper_bound":15817984387.5},"point_estimate":14304095852.0,"standard_error":1332344423.6883285},"median_abs_dev":{"confidence_interval":{"confidence_level":0.95,"lower_bound":30332919.835183024,"upper_bound":2408719383.9649825},"point_estimate":2295974458.135405,"standard_error":899854959.0946947},"slope":null,"std_dev":{"confidence_interval":{"confidence_level":0.95,"lower_bound":1279236833.3410003,"upper_bound":1782295212.9832413},"point_estimate":1722746697.4447803,"standard_error":150640886.01025543}}