{"mean":{"confidence_interval":{"confidence_level":0.95,"lower_bound":3307927559.7925,"upper_bound":3755086296.2424994},"point_estimate":3528775522.3,"standard_error":114639547.23385818},"median":{"confidence_interval":{"confidence_level":0.95,"lower_bound":3260947129.0,"upper_bound":3831006768.5},"point_estimate":3430940510.0,"standard_error":141325516.36435837},"median_abs_dev":{"confidence_interval":{"confidence_level":0.95,"lower_bound":9277873.41928482,"upper_bound":643205677.3239166},"point_estimate":348872530.89277446,"standard_error":156421222.48843506},"slope":null,"std_dev":{"confidence_interval":{"confidence_level":0.95,"lower_bound":203492228.16136742,"upper_bound":493546584.70943487},"point_estimate":383322277.9737066,"standard_error":73920507.02651528}}