{"mean":{"confidence_interval":{"confidence_level":0.95,"lower_bound":3166955681.4,"upper_bound":3231655628.3025},"point_estimate":3193619762.2,"standard_error":17077725.693550263},"median":{"confidence_interval":{"confidence_level":0.95,"lower_bound":3160691633.5,"upper_bound":3202331202.5},"point_estimate":3179599473.5,"standard_error":11014619.521747813},"median_abs_dev":{"confidence_interval":{"confidence_level":0.95,"lower_bound":4270182.961589098,"upper_bound":57222658.387094736},"point_estimate":25467154.96646762,"standard_error":13241174.72306318},"slope":null,"std_dev":{"confidence_interval":{"confidence_level":0.95,"lower_bound":13903390.617820702,"upper_bound":84338727.79846278},"point_estimate":56795631.87543168,"standard_error":21963801.29741054}}