{"mean":{"confidence_interval":{"confidence_level":0.95,"lower_bound":1537691577.7,"upper_bound":1570756143.445},"point_estimate":1554520688.4,"standard_error":8441319.623817388},"median":{"confidence_interval":{"confidence_level":0.95,"lower_bound":1542356752.0,"upper_bound":1575881906.0},"point_estimate":1547013821.0,"standard_error":9574753.36596786},"median_abs_dev":{"confidence_interval":{"confidence_level":0.95,"lower_bound":1380522.965490818,"upper_bound":49990947.87828326},"point_estimate":19465975.749009848,"standard_error":13178066.066483004},"slope":null,"std_dev":{"confidence_interval":{"confidence_level":0.95,"lower_bound":13584404.059408141,"upper_bound":37681109.59262143},"point_estimate":28056634.832699295,"standard_error":6280644.78627725}}