{"mean":{"confidence_interval":{"confidence_level":0.95,"lower_bound":1008366946.7,"upper_bound":1037902782.5},"point_estimate":1023263643.8,"standard_error":7498410.657668081},"median":{"confidence_interval":{"confidence_level":0.95,"lower_bound":1006378211.5,"upper_bound":1041847870.5},"point_estimate":1024495770.5,"standard_error":6293495.309036851},"median_abs_dev":{"confidence_interval":{"confidence_level":0.95,"lower_bound":802869.3985462189,"upper_bound":50188972.82636762},"point_estimate":10033026.07897818,"standard_error":14931595.915598175},"slope":null,"std_dev":{"confidence_interval":{"confidence_level":0.95,"lower_bound":11975450.887494184,"upper_bound":32509428.45793543},"point_estimate":25119931.405824587,"standard_error":5244334.407634138}}