{"mean":{"confidence_interval":{"confidence_level":0.95,"lower_bound":607234653.2475001,"upper_bound":782134286.7},"point_estimate":698450088.7,"standard_error":45032654.07901943},"median":{"confidence_interval":{"confidence_level":0.95,"lower_bound":517066349.0,"upper_bound":818800575.0},"point_estimate":755120109.5,"standard_error":76186339.39132349},"median_abs_dev":{"confidence_interval":{"confidence_level":0.95,"lower_bound":16422665.022039413,"upper_bound":227662391.3913846},"point_estimate":107614562.8261596,"standard_error":61024825.57062549},"slope":null,"std_dev":{"confidence_interval":{"confidence_level":0.95,"lower_bound":64628669.5339421,"upper_bound":175917889.67955202},"point_estimate":150438825.3464633,"standard_error":24879799.507036388}}