{"mean":{"confidence_interval":{"confidence_level":0.95,"lower_bound":238364493.44250003,"upper_bound":245105367.9333333},"point_estimate":241905376.56666666,"standard_error":1713096.3196640646},"median":{"confidence_interval":{"confidence_level":0.95,"lower_bound":239269052.5,"upper_bound":245659280.5},"point_estimate":241732916.5,"standard_error":1871083.6874524266},"median_abs_dev":{"confidence_interval":{"confidence_level":0.95,"lower_bound":813251.3048619032,"upper_bound":8864549.750822783},"point_estimate":4751679.789140828,"standard_error":2090605.1397417886},"slope":null,"std_dev":{"confidence_interval":{"confidence_level":0.95,"lower_bound":2434815.5922082397,"upper_bound":7957867.899120169},"point_estimate":5709800.306119114,"standard_error":1471813.1249082477}}