{"mean":{"confidence_interval":{"confidence_level":0.95,"lower_bound":4518770910.4,"upper_bound":4629303055.594999},"point_estimate":4583262007.9,"standard_error":29010522.566778608},"median":{"confidence_interval":{"confidence_level":0.95,"lower_bound":4572674204.5,"upper_bound":4621980057.5},"point_estimate":4612130239.5,"standard_error":16965917.578078654},"median_abs_dev":{"confidence_interval":{"confidence_level":0.95,"lower_bound":2385629.378646612,"upper_bound":90578247.45111465},"point_estimate":40079284.46795046,"standard_error":23040164.6716408},"slope":null,"std_dev":{"confidence_interval":{"confidence_level":0.95,"lower_bound":20588814.7213623,"upper_bound":144150287.80399033},"point_estimate":96677590.38069557,"standard_error":38663425.78778097}}