{"mean":{"confidence_interval":{"confidence_level":0.95,"lower_bound":0.1515402018150445,"upper_bound":0.5301209070007024},"point_estimate":0.3357550172594188,"standard_error":0.09666615005799872},"median":{"confidence_interval":{"confidence_level":0.95,"lower_bound":0.004412051909042258,"upper_bound":0.616805173810959},"point_estimate":0.48679274645228077,"standard_error":0.19855548422246322}}