{"mean":{"confidence_interval":{"confidence_level":0.95,"lower_bound":0.1899295794135475,"upper_bound":0.5177223468705999},"point_estimate":0.35837701012119316,"standard_error":0.08269993100245114},"median":{"confidence_interval":{"confidence_level":0.95,"lower_bound":0.08094569761599235,"upper_bound":0.6357368781632609},"point_estimate":0.4343789284899846,"standard_error":0.12049680810137198}}