{"mean":{"confidence_interval":{"confidence_level":0.95,"lower_bound":768282442.4575,"upper_bound":775525990.4825},"point_estimate":771555506.5,"standard_error":1861142.6916795676},"median":{"confidence_interval":{"confidence_level":0.95,"lower_bound":766205722.0,"upper_bound":773782971.5},"point_estimate":771092692.0,"standard_error":2060094.2777764492},"median_abs_dev":{"confidence_interval":{"confidence_level":0.95,"lower_bound":608425.6706982851,"upper_bound":9546063.152423501},"point_estimate":4278147.488647699,"standard_error":2162663.234242068},"slope":null,"std_dev":{"confidence_interval":{"confidence_level":0.95,"lower_bound":2683598.146859976,"upper_bound":8745984.442885358},"point_estimate":6209354.639524577,"standard_error":1817616.6141866513}}