{"mean":{"confidence_interval":{"confidence_level":0.95,"lower_bound":1.2495782470798005,"upper_bound":1.3644545181354857},"point_estimate":1.3024100559597191,"standard_error":0.02970807339710579},"median":{"confidence_interval":{"confidence_level":0.95,"lower_bound":1.2306559972136966,"upper_bound":1.3536412993062497},"point_estimate":1.264588344798804,"standard_error":0.03577691403909451}}