{"mean":{"confidence_interval":{"confidence_level":0.95,"lower_bound":3570033315.3825,"upper_bound":3950091495.2},"point_estimate":3767452658.8,"standard_error":94632979.7151571},"median":{"confidence_interval":{"confidence_level":0.95,"lower_bound":3329537346.0,"upper_bound":3995046205.0},"point_estimate":3937274337.5,"standard_error":157479027.19101244},"median_abs_dev":{"confidence_interval":{"confidence_level":0.95,"lower_bound":4830956.38653338,"upper_bound":481662270.6356853},"point_estimate":90262447.72632122,"standard_error":129225552.98085363},"slope":null,"std_dev":{"confidence_interval":{"confidence_level":0.95,"lower_bound":36295791.73497676,"upper_bound":351787642.09000045},"point_estimate":315926001.60108835,"standard_error":61322212.61205159}}