{"mean":{"confidence_interval":{"confidence_level":0.95,"lower_bound":233050898.3,"upper_bound":236341822.95},"point_estimate":234560284.15,"standard_error":841874.8022409404},"median":{"confidence_interval":{"confidence_level":0.95,"lower_bound":233156766.0,"upper_bound":235931109.0},"point_estimate":234049693.75,"standard_error":616007.7184740187},"median_abs_dev":{"confidence_interval":{"confidence_level":0.95,"lower_bound":148261.85061782598,"upper_bound":4153509.7566604614},"point_estimate":1407225.7029667497,"standard_error":972899.6467367541},"slope":null,"std_dev":{"confidence_interval":{"confidence_level":0.95,"lower_bound":895152.6062511718,"upper_bound":4023598.3488764097},"point_estimate":2809719.8109194,"standard_error":865357.3862430957}}