{"mean":{"confidence_interval":{"confidence_level":0.95,"lower_bound":12920618484.11,"upper_bound":16184322549.5625},"point_estimate":14666928169.7,"standard_error":837767464.956394},"median":{"confidence_interval":{"confidence_level":0.95,"lower_bound":12716738041.5,"upper_bound":16888261092.0},"point_estimate":15334664258.0,"standard_error":932666487.4124098},"median_abs_dev":{"confidence_interval":{"confidence_level":0.95,"lower_bound":384736481.18516207,"upper_bound":4524230070.53816},"point_estimate":2428138124.8201313,"standard_error":1026043213.7715226},"slope":null,"std_dev":{"confidence_interval":{"confidence_level":0.95,"lower_bound":1247268883.300219,"upper_bound":3640911365.4227314},"point_estimate":2787956992.8008356,"standard_error":628724091.77666}}