{"mean":{"confidence_interval":{"confidence_level":0.95,"lower_bound":6550213781.7,"upper_bound":7435092529.5},"point_estimate":6988007982.4,"standard_error":226881061.58229235},"median":{"confidence_interval":{"confidence_level":0.95,"lower_bound":6372661154.5,"upper_bound":7846124942.0},"point_estimate":6472007915.5,"standard_error":524732178.58956116},"median_abs_dev":{"confidence_interval":{"confidence_level":0.95,"lower_bound":2899348.7869262695,"upper_bound":1112417072.639349},"point_estimate":248035212.75769472,"standard_error":375445666.6782235},"slope":null,"std_dev":{"confidence_interval":{"confidence_level":0.95,"lower_bound":464566391.36170775,"upper_bound":798077687.2933049},"point_estimate":756062620.2756774,"standard_error":89437117.51535174}}