{"mean":{"confidence_interval":{"confidence_level":0.95,"lower_bound":-0.10391529133252916,"upper_bound":0.026628952101027704},"point_estimate":-0.03920532722701375,"standard_error":0.03324954640072496},"median":{"confidence_interval":{"confidence_level":0.95,"lower_bound":-0.1342449585493959,"upper_bound":0.04674191333283839},"point_estimate":-0.013672974810081118,"standard_error":0.04948690144987461}}