{"mean":{"confidence_interval":{"confidence_level":0.95,"lower_bound":4654454301.045,"upper_bound":5191645264.245},"point_estimate":4927446939.2,"standard_error":136918812.34915066},"median":{"confidence_interval":{"confidence_level":0.95,"lower_bound":4442054409.0,"upper_bound":5309007136.0},"point_estimate":5220924169.5,"standard_error":300609791.83642393},"median_abs_dev":{"confidence_interval":{"confidence_level":0.95,"lower_bound":22504755.65046072,"upper_bound":680071352.96022},"point_estimate":164127463.54085505,"standard_error":211466861.34968933},"slope":null,"std_dev":{"confidence_interval":{"confidence_level":0.95,"lower_bound":271402826.0443554,"upper_bound":497195959.1142401},"point_estimate":456171347.03168535,"standard_error":56851111.729802586}}