{"mean":{"confidence_interval":{"confidence_level":0.95,"lower_bound":1126278660.6,"upper_bound":1465311104.6749997},"point_estimate":1295365770.9,"standard_error":87166756.1262852},"median":{"confidence_interval":{"confidence_level":0.95,"lower_bound":1030899321.0,"upper_bound":1592153391.0},"point_estimate":1304563787.5,"standard_error":128378882.00792286},"median_abs_dev":{"confidence_interval":{"confidence_level":0.95,"lower_bound":60249520.40865719,"upper_bound":504110020.3171581},"point_estimate":416057634.70450044,"standard_error":123370491.95580956},"slope":null,"std_dev":{"confidence_interval":{"confidence_level":0.95,"lower_bound":174000131.5148913,"upper_bound":347501307.8144165},"point_estimate":288704263.66472197,"standard_error":43749331.991778105}}