{"mean":{"confidence_interval":{"confidence_level":0.95,"lower_bound":394502754.29,"upper_bound":457402746.11375},"point_estimate":424958184.8,"standard_error":15582175.377761725},"median":{"confidence_interval":{"confidence_level":0.95,"lower_bound":389656812.5,"upper_bound":498691696.5},"point_estimate":396064564.75,"standard_error":26299839.405715723},"median_abs_dev":{"confidence_interval":{"confidence_level":0.95,"lower_bound":1703400.9932085872,"upper_bound":79127932.15119839},"point_estimate":10150438.359993696,"standard_error":21198576.076938283},"slope":null,"std_dev":{"confidence_interval":{"confidence_level":0.95,"lower_bound":5713817.1671063425,"upper_bound":57756883.090153866},"point_estimate":52031522.218367286,"standard_error":10235481.488959104}}