{"mean":{"confidence_interval":{"confidence_level":0.95,"lower_bound":199853440.35999998,"upper_bound":206026730.56666666},"point_estimate":203139409.36666664,"standard_error":1578196.583038759},"median":{"confidence_interval":{"confidence_level":0.95,"lower_bound":201347554.33333334,"upper_bound":207021710.33333334},"point_estimate":202386607.5,"standard_error":1608392.7800294303},"median_abs_dev":{"confidence_interval":{"confidence_level":0.95,"lower_bound":593146.7366695404,"upper_bound":8716424.22527247},"point_estimate":3071189.5368754864,"standard_error":2192188.6380441096},"slope":null,"std_dev":{"confidence_interval":{"confidence_level":0.95,"lower_bound":2229843.3108045943,"upper_bound":7382624.108886824},"point_estimate":5278407.447265427,"standard_error":1410702.1491085151}}