{"mean":{"confidence_interval":{"confidence_level":0.95,"lower_bound":789596943.2975,"upper_bound":810042323.815},"point_estimate":799958451.4,"standard_error":5259869.434148193},"median":{"confidence_interval":{"confidence_level":0.95,"lower_bound":782461705.0,"upper_bound":814866011.0},"point_estimate":802719422.5,"standard_error":6556969.433961797},"median_abs_dev":{"confidence_interval":{"confidence_level":0.95,"lower_bound":2030807.6225459576,"upper_bound":32572034.977930784},"point_estimate":17563648.016282916,"standard_error":10108764.086368386},"slope":null,"std_dev":{"confidence_interval":{"confidence_level":0.95,"lower_bound":9961032.101830354,"upper_bound":21679875.70011253},"point_estimate":17555814.83794633,"standard_error":3022958.61906724}}