{"mean":{"confidence_interval":{"confidence_level":0.95,"lower_bound":4422172342.49,"upper_bound":4501651240.085},"point_estimate":4465712783.6,"standard_error":20413108.96910961},"median":{"confidence_interval":{"confidence_level":0.95,"lower_bound":4421789478.0,"upper_bound":4510102342.5},"point_estimate":4494602805.0,"standard_error":24210831.173650287},"median_abs_dev":{"confidence_interval":{"confidence_level":0.95,"lower_bound":5487262.623381615,"upper_bound":106864671.17247283},"point_estimate":38995262.96469569,"standard_error":26849481.931583628},"slope":null,"std_dev":{"confidence_interval":{"confidence_level":0.95,"lower_bound":27041659.519145448,"upper_bound":92637371.76485074},"point_estimate":68312777.65747024,"standard_error":18038215.103486992}}