{"mean":{"confidence_interval":{"confidence_level":0.95,"lower_bound":4507111164.885,"upper_bound":4973871151.005},"point_estimate":4751969553.2,"standard_error":116373284.14245313},"median":{"confidence_interval":{"confidence_level":0.95,"lower_bound":4341129171.0,"upper_bound":4976811610.0},"point_estimate":4972576559.5,"standard_error":171066018.09632924},"median_abs_dev":{"confidence_interval":{"confidence_level":0.95,"lower_bound":2094222.129920125,"upper_bound":557285177.8109103},"point_estimate":6999008.288642764,"standard_error":160492200.58135077},"slope":null,"std_dev":{"confidence_interval":{"confidence_level":0.95,"lower_bound":53896193.04323544,"upper_bound":454040455.7178954},"point_estimate":389141929.4886156,"standard_error":81080865.03659052}}