{"mean":{"confidence_interval":{"confidence_level":0.95,"lower_bound":147498401.20000002,"upper_bound":186342290.76666665},"point_estimate":167509682.3,"standard_error":9942723.400740888},"median":{"confidence_interval":{"confidence_level":0.95,"lower_bound":139138021.33333334,"upper_bound":193529150.33333334},"point_estimate":168952742.33333334,"standard_error":11408808.759534638},"median_abs_dev":{"confidence_interval":{"confidence_level":0.95,"lower_bound":5400095.876029149,"upper_bound":65416137.182131425},"point_estimate":27175805.969733015,"standard_error":15711459.723851303},"slope":null,"std_dev":{"confidence_interval":{"confidence_level":0.95,"lower_bound":17307916.848470476,"upper_bound":41839038.798709296},"point_estimate":33177334.960199412,"standard_error":6282206.964943336}}