{"mean":{"confidence_interval":{"confidence_level":0.95,"lower_bound":0.735156656077213,"upper_bound":0.7648372167697726},"point_estimate":0.7485439223728461,"standard_error":0.0074921956901907935},"median":{"confidence_interval":{"confidence_level":0.95,"lower_bound":0.7320408984491884,"upper_bound":0.7599973518888195},"point_estimate":0.7480584505697996,"standard_error":0.0075905692912362835}}