{"mean":{"confidence_interval":{"confidence_level":0.95,"lower_bound":1203006012.3,"upper_bound":1227120344.4},"point_estimate":1215201498.9,"standard_error":6190731.608313997},"median":{"confidence_interval":{"confidence_level":0.95,"lower_bound":1194244292.0,"upper_bound":1234910784.0},"point_estimate":1219032608.0,"standard_error":13297347.739221927},"median_abs_dev":{"confidence_interval":{"confidence_level":0.95,"lower_bound":3057724.5639145374,"upper_bound":31635587.769556046},"point_estimate":27759989.895361662,"standard_error":8706396.64038362},"slope":null,"std_dev":{"confidence_interval":{"confidence_level":0.95,"lower_bound":13949888.142871613,"upper_bound":22947404.22507087},"point_estimate":20601328.19980523,"standard_error":2317158.2775247516}}