{"mean":{"confidence_interval":{"confidence_level":0.95,"lower_bound":263152371.5,"upper_bound":357516798.45},"point_estimate":310349116.85,"standard_error":24117736.821492787},"median":{"confidence_interval":{"confidence_level":0.95,"lower_bound":231452829.0,"upper_bound":389669195.0},"point_estimate":307677198.75,"standard_error":46045699.33249226},"median_abs_dev":{"confidence_interval":{"confidence_level":0.95,"lower_bound":18868927.550509572,"upper_bound":130576778.03434879},"point_estimate":111010408.39877129,"standard_error":31775838.110390905},"slope":null,"std_dev":{"confidence_interval":{"confidence_level":0.95,"lower_bound":53403891.86176742,"upper_bound":92348643.98398161},"point_estimate":80407654.81334457,"standard_error":10029638.796007369}}