{"mean":{"confidence_interval":{"confidence_level":0.95,"lower_bound":242529484.05,"upper_bound":269218922.66875},"point_estimate":253827212.15,"standard_error":7043765.742072863},"median":{"confidence_interval":{"confidence_level":0.95,"lower_bound":241505884.0,"upper_bound":264177283.75},"point_estimate":243819513.0,"standard_error":4936320.047555999},"median_abs_dev":{"confidence_interval":{"confidence_level":0.95,"lower_bound":390641.7421147227,"upper_bound":30025222.519245744},"point_estimate":3254076.027278602,"standard_error":5808743.307009773},"slope":null,"std_dev":{"confidence_interval":{"confidence_level":0.95,"lower_bound":1948258.6597100333,"upper_bound":32179890.058759995},"point_estimate":23476951.340303894,"standard_error":8279499.072449845}}