{"mean":{"confidence_interval":{"confidence_level":0.95,"lower_bound":1824903231.2,"upper_bound":1887071821.9},"point_estimate":1852537261.1,"standard_error":16107933.788820468},"median":{"confidence_interval":{"confidence_level":0.95,"lower_bound":1827505575.5,"upper_bound":1869182673.0},"point_estimate":1841856537.0,"standard_error":8527014.262125416},"median_abs_dev":{"confidence_interval":{"confidence_level":0.95,"lower_bound":2881777.012038231,"upper_bound":75263903.00459862},"point_estimate":12946217.1605587,"standard_error":18381649.924616043},"slope":null,"std_dev":{"confidence_interval":{"confidence_level":0.95,"lower_bound":12269952.53257556,"upper_bound":76970695.26911525},"point_estimate":53829927.26882021,"standard_error":17718535.966732863}}