{"mean":{"confidence_interval":{"confidence_level":0.95,"lower_bound":791365765.965,"upper_bound":809083144.825},"point_estimate":800322366.0,"standard_error":4545050.602483037},"median":{"confidence_interval":{"confidence_level":0.95,"lower_bound":785585963.5,"upper_bound":811419395.0},"point_estimate":803923264.5,"standard_error":7385436.366661941},"median_abs_dev":{"confidence_interval":{"confidence_level":0.95,"lower_bound":2085147.1354812384,"upper_bound":24545885.875323415},"point_estimate":16889317.81155467,"standard_error":5953177.281871477},"slope":null,"std_dev":{"confidence_interval":{"confidence_level":0.95,"lower_bound":9142382.540620508,"upper_bound":18393932.489009578},"point_estimate":15111267.896053284,"standard_error":2350507.4158113557}}