{"mean":{"confidence_interval":{"confidence_level":0.95,"lower_bound":248647387.3,"upper_bound":282054059.28749996},"point_estimate":270313716.8,"standard_error":10042529.635959083},"median":{"confidence_interval":{"confidence_level":0.95,"lower_bound":278073454.0,"upper_bound":282189364.5},"point_estimate":280200251.0,"standard_error":2705261.9193276437},"median_abs_dev":{"confidence_interval":{"confidence_level":0.95,"lower_bound":768209.1763615608,"upper_bound":6146048.508685827},"point_estimate":3051124.399481714,"standard_error":3222286.227916823},"slope":null,"std_dev":{"confidence_interval":{"confidence_level":0.95,"lower_bound":1446122.8949142497,"upper_bound":51439208.25918998},"point_estimate":33494455.275382057,"standard_error":18135122.94675924}}