{"mean":{"confidence_interval":{"confidence_level":0.95,"lower_bound":3643900043.355,"upper_bound":3958784998.7},"point_estimate":3824774771.3,"standard_error":80666724.54763946},"median":{"confidence_interval":{"confidence_level":0.95,"lower_bound":3642961423.5,"upper_bound":3988020853.0},"point_estimate":3931251700.0,"standard_error":68640884.20167983},"median_abs_dev":{"confidence_interval":{"confidence_level":0.95,"lower_bound":8881059.984129667,"upper_bound":393448816.1031872},"point_estimate":63508672.48759568,"standard_error":71370108.30036315},"slope":null,"std_dev":{"confidence_interval":{"confidence_level":0.95,"lower_bound":33408740.382796824,"upper_bound":341550514.6072528},"point_estimate":267755872.2468066,"standard_error":84504335.54771951}}