{"mean":{"confidence_interval":{"confidence_level":0.95,"lower_bound":610989260.4,"upper_bound":613350127.4},"point_estimate":612094396.2,"standard_error":605336.6019592568},"median":{"confidence_interval":{"confidence_level":0.95,"lower_bound":610688505.5,"upper_bound":613576227.5},"point_estimate":611674357.5,"standard_error":579085.9682981382},"median_abs_dev":{"confidence_interval":{"confidence_level":0.95,"lower_bound":356410.3619724512,"upper_bound":3390654.248803854},"point_estimate":1092149.857610464,"standard_error":803372.1801445641},"slope":null,"std_dev":{"confidence_interval":{"confidence_level":0.95,"lower_bound":792479.5642706128,"upper_bound":2594365.9250255376},"point_estimate":2016276.269905039,"standard_error":460502.49295845896}}