{"mean":{"confidence_interval":{"confidence_level":0.95,"lower_bound":1215051.4760763887,"upper_bound":1340468.810787037},"point_estimate":1279916.0460234787,"standard_error":32175.96329348854},"median":{"confidence_interval":{"confidence_level":0.95,"lower_bound":1193437.2076388889,"upper_bound":1379370.9305555555},"point_estimate":1289422.86875,"standard_error":41769.63867699813},"median_abs_dev":{"confidence_interval":{"confidence_level":0.95,"lower_bound":33268.927718524894,"upper_bound":190834.50843645475},"point_estimate":116949.49361123139,"standard_error":42948.48683033125},"slope":{"confidence_interval":{"confidence_level":0.95,"lower_bound":1234088.8185096155,"upper_bound":1366861.0494109348},"point_estimate":1304932.5052669554,"standard_error":33855.79583096609},"std_dev":{"confidence_interval":{"confidence_level":0.95,"lower_bound":57510.17447632048,"upper_bound":133852.74593296176},"point_estimate":107269.32007171746,"standard_error":19387.059816999328}}