{"mean":{"confidence_interval":{"confidence_level":0.95,"lower_bound":1615711724.4924998,"upper_bound":1626129737.9},"point_estimate":1620710874.4,"standard_error":2691173.2880162126},"median":{"confidence_interval":{"confidence_level":0.95,"lower_bound":1614542959.5,"upper_bound":1628989057.0},"point_estimate":1617155049.5,"standard_error":3550127.543615773},"median_abs_dev":{"confidence_interval":{"confidence_level":0.95,"lower_bound":681399.2414027452,"upper_bound":14747918.609172106},"point_estimate":8406010.489663482,"standard_error":4062114.167313071},"slope":null,"std_dev":{"confidence_interval":{"confidence_level":0.95,"lower_bound":4320548.951517245,"upper_bound":11150893.786241498},"point_estimate":8950806.963736426,"standard_error":1691777.0892010317}}