{"mean":{"confidence_interval":{"confidence_level":0.95,"lower_bound":23612062.435952384,"upper_bound":24337820.227056548},"point_estimate":23968863.445257936,"standard_error":186513.76991610142},"median":{"confidence_interval":{"confidence_level":0.95,"lower_bound":23477706.05,"upper_bound":24571903.4375},"point_estimate":23874809.6875,"standard_error":341361.34289181215},"median_abs_dev":{"confidence_interval":{"confidence_level":0.95,"lower_bound":40546.42824515663,"upper_bound":1052633.13034703},"point_estimate":597879.0351705238,"standard_error":266864.39644517336},"slope":{"confidence_interval":{"confidence_level":0.95,"lower_bound":23868217.16724138,"upper_bound":24695988.21325946},"point_estimate":24405781.142207794,"standard_error":211453.31100868873},"std_dev":{"confidence_interval":{"confidence_level":0.95,"lower_bound":391455.558358401,"upper_bound":750672.2232441253},"point_estimate":622346.3912757735,"standard_error":92209.238298162}}