{"mean":{"confidence_interval":{"confidence_level":0.95,"lower_bound":47315967.09687649,"upper_bound":48576979.7875},"point_estimate":47867895.078948416,"standard_error":327418.0211586166},"median":{"confidence_interval":{"confidence_level":0.95,"lower_bound":47224421.902777776,"upper_bound":48313607.5},"point_estimate":47559714.78571428,"standard_error":250881.9837993927},"median_abs_dev":{"confidence_interval":{"confidence_level":0.95,"lower_bound":128203.68144392857,"upper_bound":1435024.2259648964},"point_estimate":513429.3468610559,"standard_error":337276.4940529334},"slope":{"confidence_interval":{"confidence_level":0.95,"lower_bound":46986474.95147784,"upper_bound":47796995.93},"point_estimate":47348062.01298701,"standard_error":211808.5872302596},"std_dev":{"confidence_interval":{"confidence_level":0.95,"lower_bound":300970.9235868442,"upper_bound":1538313.457840161},"point_estimate":1093299.6328942655,"standard_error":347216.5022092441}}