{"mean":{"confidence_interval":{"confidence_level":0.95,"lower_bound":-0.11088552365448198,"upper_bound":0.16998444408059038},"point_estimate":0.031806514695059684,"standard_error":0.07206196471094596},"median":{"confidence_interval":{"confidence_level":0.95,"lower_bound":-0.1870680662555324,"upper_bound":0.2678567877691862},"point_estimate":-0.0047115226491946105,"standard_error":0.12576848347454525}}