{"mean":{"confidence_interval":{"confidence_level":0.95,"lower_bound":12804275737.8775,"upper_bound":14648686886.4475},"point_estimate":13675067818.2,"standard_error":475495633.2047365},"median":{"confidence_interval":{"confidence_level":0.95,"lower_bound":12417237320.5,"upper_bound":15749748287.0},"point_estimate":12730372143.5,"standard_error":937360764.4591565},"median_abs_dev":{"confidence_interval":{"confidence_level":0.95,"lower_bound":26196048.55672717,"upper_bound":2474458709.6559763},"point_estimate":543281706.7483217,"standard_error":775471527.0828718},"slope":null,"std_dev":{"confidence_interval":{"confidence_level":0.95,"lower_bound":824723003.5967057,"upper_bound":1771670277.7143095},"point_estimate":1580215001.6429896,"standard_error":240858675.0673183}}