{"mean":{"confidence_interval":{"confidence_level":0.95,"lower_bound":1.3130542510058916,"upper_bound":1.4274175424563944},"point_estimate":1.3729458802794898,"standard_error":0.02945782457459287},"median":{"confidence_interval":{"confidence_level":0.95,"lower_bound":1.3132543579154015,"upper_bound":1.4480607191491486},"point_estimate":1.4013381606893445,"standard_error":0.0327478263218946}}