{"mean":{"confidence_interval":{"confidence_level":0.95,"lower_bound":218529861.7666667,"upper_bound":222463734.46666664},"point_estimate":220570618.33333334,"standard_error":1012356.6100880244},"median":{"confidence_interval":{"confidence_level":0.95,"lower_bound":217620461.8333333,"upper_bound":223297859.33333334},"point_estimate":222067681.6666667,"standard_error":1839289.4105790316},"median_abs_dev":{"confidence_interval":{"confidence_level":0.95,"lower_bound":341444.5036381557,"upper_bound":4842944.442820564},"point_estimate":2966118.1709408467,"standard_error":1374217.2569127844},"slope":null,"std_dev":{"confidence_interval":{"confidence_level":0.95,"lower_bound":1957358.4902041382,"upper_bound":4132161.7922085635},"point_estimate":3380842.6087478176,"standard_error":552321.2422250576}}