{"mean":{"confidence_interval":{"confidence_level":0.95,"lower_bound":430730186.35,"upper_bound":443057290.6825},"point_estimate":436773993.7,"standard_error":3152812.3631461207},"median":{"confidence_interval":{"confidence_level":0.95,"lower_bound":426917781.0,"upper_bound":443097985.75},"point_estimate":439275214.75,"standard_error":5076455.627484481},"median_abs_dev":{"confidence_interval":{"confidence_level":0.95,"lower_bound":1544405.860081315,"upper_bound":20235365.816250443},"point_estimate":12171835.549856722,"standard_error":4853600.1931955125},"slope":null,"std_dev":{"confidence_interval":{"confidence_level":0.95,"lower_bound":6369040.810645221,"upper_bound":13381499.623004932},"point_estimate":10506458.2592973,"standard_error":1886472.2017887626}}