{"mean":{"confidence_interval":{"confidence_level":0.95,"lower_bound":0.32114633209373017,"upper_bound":0.6777666416967828},"point_estimate":0.4957105678345939,"standard_error":0.0924766001798265},"median":{"confidence_interval":{"confidence_level":0.95,"lower_bound":0.2411612264083114,"upper_bound":0.8122072233775679},"point_estimate":0.3935028694152587,"standard_error":0.14300271011123955}}