{"mean":{"confidence_interval":{"confidence_level":0.95,"lower_bound":1223454567.445,"upper_bound":1263444091.1},"point_estimate":1242446580.0,"standard_error":10216108.056592928},"median":{"confidence_interval":{"confidence_level":0.95,"lower_bound":1215634983.0,"upper_bound":1258239709.0},"point_estimate":1243383497.5,"standard_error":11562981.506779907},"median_abs_dev":{"confidence_interval":{"confidence_level":0.95,"lower_bound":5292787.760934234,"upper_bound":59723798.61229062},"point_estimate":26985836.975705624,"standard_error":13081740.266036756},"slope":null,"std_dev":{"confidence_interval":{"confidence_level":0.95,"lower_bound":16257425.964890538,"upper_bound":46029693.35858369},"point_estimate":34133761.65860304,"standard_error":8043337.472020688}}