{"mean":{"confidence_interval":{"confidence_level":0.95,"lower_bound":3565896954.25,"upper_bound":3937712464.7025},"point_estimate":3776050006.6,"standard_error":96765988.52748336},"median":{"confidence_interval":{"confidence_level":0.95,"lower_bound":3668801943.5,"upper_bound":3986523376.5},"point_estimate":3880561725.0,"standard_error":80547464.56111087},"median_abs_dev":{"confidence_interval":{"confidence_level":0.95,"lower_bound":23333256.237351894,"upper_bound":396611559.1536373},"point_estimate":180417530.01034856,"standard_error":104774439.64599237},"slope":null,"std_dev":{"confidence_interval":{"confidence_level":0.95,"lower_bound":101118394.39326842,"upper_bound":456137413.77517414},"point_estimate":321086655.27117544,"standard_error":101854485.72591776}}