{"mean":{"confidence_interval":{"confidence_level":0.95,"lower_bound":12292149.908260915,"upper_bound":12423627.71125},"point_estimate":12364439.552996032,"standard_error":33951.253457713115},"median":{"confidence_interval":{"confidence_level":0.95,"lower_bound":12305290.1875,"upper_bound":12436058.71875},"point_estimate":12397469.109375,"standard_error":33838.15464364478},"median_abs_dev":{"confidence_interval":{"confidence_level":0.95,"lower_bound":13505.936403971304,"upper_bound":164737.1229524164},"point_estimate":61500.795126892626,"standard_error":41859.273541996285},"slope":{"confidence_interval":{"confidence_level":0.95,"lower_bound":12198375.898004435,"upper_bound":12404653.303652968},"point_estimate":12289462.74025974,"standard_error":54803.30303331648},"std_dev":{"confidence_interval":{"confidence_level":0.95,"lower_bound":39634.03046349549,"upper_bound":153468.3861006032},"point_estimate":112801.89101239598,"standard_error":30705.559912370783}}