{"mean":{"confidence_interval":{"confidence_level":0.95,"lower_bound":1166619156.6375,"upper_bound":1208615224.6},"point_estimate":1184289417.8,"standard_error":10921364.992880667},"median":{"confidence_interval":{"confidence_level":0.95,"lower_bound":1167187783.5,"upper_bound":1188745178.0},"point_estimate":1178740654.5,"standard_error":6711171.565264268},"median_abs_dev":{"confidence_interval":{"confidence_level":0.95,"lower_bound":959249.5959699154,"upper_bound":37062389.96601105},"point_estimate":16648661.442527175,"standard_error":8439293.145446038},"slope":null,"std_dev":{"confidence_interval":{"confidence_level":0.95,"lower_bound":8210518.437979994,"upper_bound":53864828.440020755},"point_estimate":36372995.069030076,"standard_error":13999448.480280695}}