{"mean":{"confidence_interval":{"confidence_level":0.95,"lower_bound":3297498230.1925,"upper_bound":3578241215.8624997},"point_estimate":3417900573.2,"standard_error":70842854.3063856},"median":{"confidence_interval":{"confidence_level":0.95,"lower_bound":3286472637.0,"upper_bound":3596069346.5},"point_estimate":3324156393.5,"standard_error":62845886.511767626},"median_abs_dev":{"confidence_interval":{"confidence_level":0.95,"lower_bound":17748812.150895596,"upper_bound":359110472.30321467},"point_estimate":57965301.60951018,"standard_error":61632280.60907182},"slope":null,"std_dev":{"confidence_interval":{"confidence_level":0.95,"lower_bound":33551500.334237833,"upper_bound":297364655.1796695},"point_estimate":237215242.39969268,"standard_error":71802646.75977212}}