{"mean":{"confidence_interval":{"confidence_level":0.95,"lower_bound":159911837.3952381,"upper_bound":161442357.35435712},"point_estimate":160604790.3753968,"standard_error":393136.8888919661},"median":{"confidence_interval":{"confidence_level":0.95,"lower_bound":159636435.2,"upper_bound":161275381.3},"point_estimate":160219283.1388889,"standard_error":448200.12690061657},"median_abs_dev":{"confidence_interval":{"confidence_level":0.95,"lower_bound":155308.74830940133,"upper_bound":1976067.0827911508},"point_estimate":1263424.6250197291,"standard_error":441664.2903558485},"slope":{"confidence_interval":{"confidence_level":0.95,"lower_bound":160005159.20754716,"upper_bound":160939692.8069498},"point_estimate":160495434.77142859,"standard_error":247130.0485559208},"std_dev":{"confidence_interval":{"confidence_level":0.95,"lower_bound":573361.4185891586,"upper_bound":1825695.673913319},"point_estimate":1314639.5299787717,"standard_error":367186.0303382262}}