{"mean":{"confidence_interval":{"confidence_level":0.95,"lower_bound":0.5962140024528344,"upper_bound":0.8471905403973313},"point_estimate":0.7154332505040442,"standard_error":0.06431282043198508},"median":{"confidence_interval":{"confidence_level":0.95,"lower_bound":0.4636201342612498,"upper_bound":0.9764104009115973},"point_estimate":0.7872567240686381,"standard_error":0.15492527172942527}}