{"mean":{"confidence_interval":{"confidence_level":0.95,"lower_bound":12953950.299791241,"upper_bound":13827101.988401363},"point_estimate":13396476.834710887,"standard_error":223455.8920507525},"median":{"confidence_interval":{"confidence_level":0.95,"lower_bound":12800859.288690478,"upper_bound":13944990.4},"point_estimate":13415143.057142857,"standard_error":261197.20955970808},"median_abs_dev":{"confidence_interval":{"confidence_level":0.95,"lower_bound":95629.29209724235,"upper_bound":1318423.0186208123},"point_estimate":491727.3432643805,"standard_error":313033.02799497737},"slope":{"confidence_interval":{"confidence_level":0.95,"lower_bound":13001246.714285715,"upper_bound":14062841.134450333},"point_estimate":13631780.073840445,"standard_error":275644.65027297137},"std_dev":{"confidence_interval":{"confidence_level":0.95,"lower_bound":386074.2516375217,"upper_bound":955833.8353903856},"point_estimate":745674.3668177769,"standard_error":145229.55648529355}}