{"mean":{"confidence_interval":{"confidence_level":0.95,"lower_bound":3053222.1996071427,"upper_bound":3167992.9841111107},"point_estimate":3108445.3371256613,"standard_error":29525.872227905358},"median":{"confidence_interval":{"confidence_level":0.95,"lower_bound":3031094.8520833333,"upper_bound":3232502.61},"point_estimate":3074120.475396825,"standard_error":51256.2158712548},"median_abs_dev":{"confidence_interval":{"confidence_level":0.95,"lower_bound":11513.349190930308,"upper_bound":156265.13963498911},"point_estimate":70824.74898885944,"standard_error":41099.696315982714},"slope":{"confidence_interval":{"confidence_level":0.95,"lower_bound":3046068.7519514803,"upper_bound":3202578.015117158},"point_estimate":3139533.6076190476,"standard_error":40339.63778003254},"std_dev":{"confidence_interval":{"confidence_level":0.95,"lower_bound":46665.153724792835,"upper_bound":115017.43666614525},"point_estimate":98798.9167120156,"standard_error":15561.58684716464}}