{"mean":{"confidence_interval":{"confidence_level":0.95,"lower_bound":1580447223.865,"upper_bound":2052941982.6099997},"point_estimate":1824387572.9,"standard_error":120691603.38416454},"median":{"confidence_interval":{"confidence_level":0.95,"lower_bound":1480844500.0,"upper_bound":2141152397.5},"point_estimate":1811252670.0,"standard_error":137859606.93922427},"median_abs_dev":{"confidence_interval":{"confidence_level":0.95,"lower_bound":50355526.624810696,"upper_bound":816137570.4453617},"point_estimate":338397980.6112349,"standard_error":205858189.74129775},"slope":null,"std_dev":{"confidence_interval":{"confidence_level":0.95,"lower_bound":209207439.33191714,"upper_bound":507648868.15809834},"point_estimate":403044729.2954165,"standard_error":76420447.7586514}}