{"mean":{"confidence_interval":{"confidence_level":0.95,"lower_bound":156091968.4375357,"upper_bound":159657519.95372915},"point_estimate":157526891.75988096,"standard_error":956177.023056242},"median":{"confidence_interval":{"confidence_level":0.95,"lower_bound":155397618.375,"upper_bound":157857463.1},"point_estimate":156995599.8333333,"standard_error":639890.0094518736},"median_abs_dev":{"confidence_interval":{"confidence_level":0.95,"lower_bound":85934.70677436134,"upper_bound":2781917.349483593},"point_estimate":1747952.1163676402,"standard_error":714754.7550214098},"slope":{"confidence_interval":{"confidence_level":0.95,"lower_bound":155527951.19995266,"upper_bound":156667879.1731303},"point_estimate":155883377.85714287,"standard_error":297176.88461956306},"std_dev":{"confidence_interval":{"confidence_level":0.95,"lower_bound":780449.6509577736,"upper_bound":4798100.004856779},"point_estimate":3178252.9164671293,"standard_error":1327034.5904491746}}