{"mean":{"confidence_interval":{"confidence_level":0.95,"lower_bound":2200372084.06,"upper_bound":2259716596.9275},"point_estimate":2231022913.9,"standard_error":15166348.488824911},"median":{"confidence_interval":{"confidence_level":0.95,"lower_bound":2203597625.0,"upper_bound":2270721847.0},"point_estimate":2231732416.0,"standard_error":17646722.229565084},"median_abs_dev":{"confidence_interval":{"confidence_level":0.95,"lower_bound":12573780.63417077,"upper_bound":86463824.96016026},"point_estimate":44102572.27982283,"standard_error":19789367.441538256},"slope":null,"std_dev":{"confidence_interval":{"confidence_level":0.95,"lower_bound":25489131.491408665,"upper_bound":67359830.18700458},"point_estimate":50580717.61010073,"standard_error":11169901.358545061}}