{"mean":{"confidence_interval":{"confidence_level":0.95,"lower_bound":488188744.95,"upper_bound":515647479.55},"point_estimate":501585675.55,"standard_error":7021355.092605342},"median":{"confidence_interval":{"confidence_level":0.95,"lower_bound":478970337.75,"upper_bound":517328391.0},"point_estimate":504128761.0,"standard_error":10325228.887265058},"median_abs_dev":{"confidence_interval":{"confidence_level":0.95,"lower_bound":5876455.865322053,"upper_bound":43010859.7892046},"point_estimate":29438629.986409843,"standard_error":9407706.582962919},"slope":null,"std_dev":{"confidence_interval":{"confidence_level":0.95,"lower_bound":13734567.003471887,"upper_bound":29766057.443550233},"point_estimate":23504795.657133933,"standard_error":4226962.141903667}}