{"mean":{"confidence_interval":{"confidence_level":0.95,"lower_bound":10682837403.3,"upper_bound":14519880026.592499},"point_estimate":12692515408.0,"standard_error":988872347.7923284},"median":{"confidence_interval":{"confidence_level":0.95,"lower_bound":8377916179.0,"upper_bound":15338117120.0},"point_estimate":13883986307.0,"standard_error":1748958302.3404915},"median_abs_dev":{"confidence_interval":{"confidence_level":0.95,"lower_bound":327073368.29138696,"upper_bound":4464642195.950156},"point_estimate":2379674369.074935,"standard_error":1325275954.0862553},"slope":null,"std_dev":{"confidence_interval":{"confidence_level":0.95,"lower_bound":1341823542.1303809,"upper_bound":3784809904.9005203},"point_estimate":3302322271.3823256,"standard_error":529514435.06950176}}