{"mean":{"confidence_interval":{"confidence_level":0.95,"lower_bound":2920499254.8,"upper_bound":3553442187.9},"point_estimate":3229916562.1,"standard_error":162412159.81072778},"median":{"confidence_interval":{"confidence_level":0.95,"lower_bound":2778794446.0,"upper_bound":3714602325.5},"point_estimate":3099356602.5,"standard_error":279078778.1394637},"median_abs_dev":{"confidence_interval":{"confidence_level":0.95,"lower_bound":112997991.56038463,"upper_bound":860356664.7049159},"point_estimate":701037054.9365044,"standard_error":204636325.71618637},"slope":null,"std_dev":{"confidence_interval":{"confidence_level":0.95,"lower_bound":330810484.183439,"upper_bound":653198446.7659959},"point_estimate":539552488.6977589,"standard_error":82571261.1498611}}