{"mean":{"confidence_interval":{"confidence_level":0.95,"lower_bound":13107365.212207342,"upper_bound":13571021.745657597},"point_estimate":13350452.554665532,"standard_error":118016.358899363},"median":{"confidence_interval":{"confidence_level":0.95,"lower_bound":13100713.035714285,"upper_bound":13578048.028571429},"point_estimate":13402075.561904762,"standard_error":125686.44879295387},"median_abs_dev":{"confidence_interval":{"confidence_level":0.95,"lower_bound":22576.706294420754,"upper_bound":656094.3044769985},"point_estimate":271688.04544323956,"standard_error":148247.20159832487},"slope":{"confidence_interval":{"confidence_level":0.95,"lower_bound":13355126.921470331,"upper_bound":13649339.974269329},"point_estimate":13489412.233395176,"standard_error":74514.6752655607},"std_dev":{"confidence_interval":{"confidence_level":0.95,"lower_bound":168699.0597423947,"upper_bound":540842.8159286166},"point_estimate":393797.77752436383,"standard_error":98951.72289226753}}