{"mean":{"confidence_interval":{"confidence_level":0.95,"lower_bound":0.3806971129293173,"upper_bound":0.718922761820775},"point_estimate":0.5446439330356212,"standard_error":0.08664834084350276},"median":{"confidence_interval":{"confidence_level":0.95,"lower_bound":0.20468335189657672,"upper_bound":0.7586346524457648},"point_estimate":0.636940395838409,"standard_error":0.12383755029282612}}