{"mean":{"confidence_interval":{"confidence_level":0.95,"lower_bound":240462176.2,"upper_bound":279696455.85},"point_estimate":259844838.15,"standard_error":9554806.489278635},"median":{"confidence_interval":{"confidence_level":0.95,"lower_bound":239475278.75,"upper_bound":305603457.0},"point_estimate":240644335.75,"standard_error":16430945.57544357},"median_abs_dev":{"confidence_interval":{"confidence_level":0.95,"lower_bound":383155.3535476327,"upper_bound":49124940.47725797},"point_estimate":1909745.551045239,"standard_error":14228001.585663738},"slope":null,"std_dev":{"confidence_interval":{"confidence_level":0.95,"lower_bound":1147866.9259296136,"upper_bound":34946285.713580474},"point_estimate":31869749.39096853,"standard_error":6453712.425653463}}