{"mean":{"confidence_interval":{"confidence_level":0.95,"lower_bound":409399619.5975,"upper_bound":433352338.95},"point_estimate":421214598.65,"standard_error":6113882.74089199},"median":{"confidence_interval":{"confidence_level":0.95,"lower_bound":403701463.0,"upper_bound":435766666.5},"point_estimate":421088808.0,"standard_error":7269706.444475222},"median_abs_dev":{"confidence_interval":{"confidence_level":0.95,"lower_bound":2410866.195398569,"upper_bound":38156387.143188715},"point_estimate":21741566.18696004,"standard_error":9666638.184419174},"slope":null,"std_dev":{"confidence_interval":{"confidence_level":0.95,"lower_bound":11510160.14540685,"upper_bound":25630044.831376925},"point_estimate":20339746.638255622,"standard_error":3641631.8717518677}}