{"mean":{"confidence_interval":{"confidence_level":0.95,"lower_bound":212914391.1666667,"upper_bound":219844818.21333334},"point_estimate":216332011.96666664,"standard_error":1777623.5139284418},"median":{"confidence_interval":{"confidence_level":0.95,"lower_bound":212281786.8333333,"upper_bound":222523551.33333334},"point_estimate":214512924.83333334,"standard_error":2854620.748339621},"median_abs_dev":{"confidence_interval":{"confidence_level":0.95,"lower_bound":842061.9288504124,"upper_bound":9827147.05753322},"point_estimate":5696501.710566893,"standard_error":2588779.7990959035},"slope":null,"std_dev":{"confidence_interval":{"confidence_level":0.95,"lower_bound":3575164.9388279705,"upper_bound":7375089.9768224675},"point_estimate":5949926.439245755,"standard_error":973566.932570251}}