{"mean":{"confidence_interval":{"confidence_level":0.95,"lower_bound":287214374.6333333,"upper_bound":315669786.705},"point_estimate":302500767.70000005,"standard_error":7279579.805390508},"median":{"confidence_interval":{"confidence_level":0.95,"lower_bound":289751736.0,"upper_bound":319964935.0},"point_estimate":307683421.3333334,"standard_error":7821962.5110147055},"median_abs_dev":{"confidence_interval":{"confidence_level":0.95,"lower_bound":2395401.195073172,"upper_bound":36042463.48351827},"point_estimate":21538449.125716165,"standard_error":8178438.703551539},"slope":null,"std_dev":{"confidence_interval":{"confidence_level":0.95,"lower_bound":10832709.304995354,"upper_bound":33160343.530623082},"point_estimate":24249810.512919344,"standard_error":6298095.093610407}}