{"mean":{"confidence_interval":{"confidence_level":0.95,"lower_bound":301291756.31125003,"upper_bound":310099497.7},"point_estimate":305196162.25,"standard_error":2285382.2508040196},"median":{"confidence_interval":{"confidence_level":0.95,"lower_bound":300495236.75,"upper_bound":309185445.5},"point_estimate":302175050.0,"standard_error":2368407.0221442394},"median_abs_dev":{"confidence_interval":{"confidence_level":0.95,"lower_bound":608823.007491231,"upper_bound":10303609.469774365},"point_estimate":4020057.597179711,"standard_error":2535573.8034169357},"slope":null,"std_dev":{"confidence_interval":{"confidence_level":0.95,"lower_bound":2636555.7277630963,"upper_bound":10726754.191495392},"point_estimate":7599674.627178285,"standard_error":2352265.71648189}}