{"mean":{"confidence_interval":{"confidence_level":0.95,"lower_bound":38168267.43178769,"upper_bound":38309326.83585979},"point_estimate":38239431.33863756,"standard_error":36016.86809549838},"median":{"confidence_interval":{"confidence_level":0.95,"lower_bound":38172995.166666664,"upper_bound":38307914.96666667},"point_estimate":38248978.275132276,"standard_error":29732.713563935402},"median_abs_dev":{"confidence_interval":{"confidence_level":0.95,"lower_bound":4549.0089414672475,"upper_bound":204806.97811395113},"point_estimate":78250.7308732755,"standard_error":56575.58900220485},"slope":{"confidence_interval":{"confidence_level":0.95,"lower_bound":38188017.27225131,"upper_bound":38260771.92275399},"point_estimate":38226201.48051948,"standard_error":19147.34443040618},"std_dev":{"confidence_interval":{"confidence_level":0.95,"lower_bound":52584.88432357054,"upper_bound":161584.97149249548},"point_estimate":119678.94607262767,"standard_error":27473.74421453179}}