{"mean":{"confidence_interval":{"confidence_level":0.95,"lower_bound":4022978721.2,"upper_bound":4561756924.195},"point_estimate":4287017709.7,"standard_error":137719062.84208688},"median":{"confidence_interval":{"confidence_level":0.95,"lower_bound":4025981544.5,"upper_bound":4633848369.0},"point_estimate":4120522706.5,"standard_error":191174077.0842166},"median_abs_dev":{"confidence_interval":{"confidence_level":0.95,"lower_bound":31905777.53005922,"upper_bound":790328594.6419626},"point_estimate":375303878.44352424,"standard_error":220286649.90179032},"slope":null,"std_dev":{"confidence_interval":{"confidence_level":0.95,"lower_bound":242824953.18020245,"upper_bound":594216821.5134448},"point_estimate":460314566.1368508,"standard_error":91312388.58747825}}