{"mean":{"confidence_interval":{"confidence_level":0.95,"lower_bound":391278009.155,"upper_bound":400158479.95},"point_estimate":395557368.0,"standard_error":2267881.028022759},"median":{"confidence_interval":{"confidence_level":0.95,"lower_bound":390415210.5,"upper_bound":400178416.0},"point_estimate":395792587.75,"standard_error":2282514.7488057646},"median_abs_dev":{"confidence_interval":{"confidence_level":0.95,"lower_bound":997616.6887387633,"upper_bound":12991552.843853831},"point_estimate":5953854.255647957,"standard_error":3184988.4889299297},"slope":null,"std_dev":{"confidence_interval":{"confidence_level":0.95,"lower_bound":3684797.8176440164,"upper_bound":10020280.806014601},"point_estimate":7581652.280137684,"standard_error":1645619.059448499}}