{"mean":{"confidence_interval":{"confidence_level":0.95,"lower_bound":11996423.54263889,"upper_bound":12904045.133063367},"point_estimate":12483430.532534722,"standard_error":233488.661076253},"median":{"confidence_interval":{"confidence_level":0.95,"lower_bound":12057591.671875,"upper_bound":13066006.891666666},"point_estimate":12599771.9609375,"standard_error":309425.26594648324},"median_abs_dev":{"confidence_interval":{"confidence_level":0.95,"lower_bound":128583.69884374598,"upper_bound":1259814.0493038285},"point_estimate":654757.9597548894,"standard_error":284071.55835037783},"slope":{"confidence_interval":{"confidence_level":0.95,"lower_bound":12353058.165742792,"upper_bound":13171623.520393252},"point_estimate":12785859.446753247,"standard_error":216036.97567916196},"std_dev":{"confidence_interval":{"confidence_level":0.95,"lower_bound":379077.91367690655,"upper_bound":1047276.9257225676},"point_estimate":778465.834926851,"standard_error":188280.27165657855}}