{"mean":{"confidence_interval":{"confidence_level":0.95,"lower_bound":146057097.63087502,"upper_bound":149135728.3823988},"point_estimate":147554263.815873,"standard_error":790011.336007439},"median":{"confidence_interval":{"confidence_level":0.95,"lower_bound":144921332.66666666,"upper_bound":149349738.4388889},"point_estimate":147700960.125,"standard_error":1078814.8284219943},"median_abs_dev":{"confidence_interval":{"confidence_level":0.95,"lower_bound":686816.5505115644,"upper_bound":4682805.854463592},"point_estimate":3042138.381632924,"standard_error":1048431.6985914962},"slope":{"confidence_interval":{"confidence_level":0.95,"lower_bound":145852843.0959596,"upper_bound":149912828.90325618},"point_estimate":148087430.64935064,"standard_error":1019550.3728972902},"std_dev":{"confidence_interval":{"confidence_level":0.95,"lower_bound":1503124.992033838,"upper_bound":3316750.8239079267},"point_estimate":2622624.286897786,"standard_error":473374.8879270592}}