{"mean":{"confidence_interval":{"confidence_level":0.95,"lower_bound":51991970.29800843,"upper_bound":52140829.57268601},"point_estimate":52064310.50823413,"standard_error":38026.76062769683},"median":{"confidence_interval":{"confidence_level":0.95,"lower_bound":51957362.91964286,"upper_bound":52155451.75},"point_estimate":52060837.84375,"standard_error":49239.30744858131},"median_abs_dev":{"confidence_interval":{"confidence_level":0.95,"lower_bound":36344.45575475693,"upper_bound":222773.83059497233},"point_estimate":129085.82019160129,"standard_error":48478.515537209445},"slope":{"confidence_interval":{"confidence_level":0.95,"lower_bound":51974168.19858156,"upper_bound":52122573.13975155},"point_estimate":52044376.12597403,"standard_error":38264.56059067606},"std_dev":{"confidence_interval":{"confidence_level":0.95,"lower_bound":69879.7640720129,"upper_bound":160411.01976951407},"point_estimate":126769.22298604716,"standard_error":23498.546996960453}}