{"mean":{"confidence_interval":{"confidence_level":0.95,"lower_bound":201298307.60333332,"upper_bound":230675444.0325},"point_estimate":215104655.56666666,"standard_error":7476612.283096593},"median":{"confidence_interval":{"confidence_level":0.95,"lower_bound":197723579.1666667,"upper_bound":248529097.66666666},"point_estimate":201977247.6666667,"standard_error":12237268.74348447},"median_abs_dev":{"confidence_interval":{"confidence_level":0.95,"lower_bound":1650204.688403003,"upper_bound":38257326.25589669},"point_estimate":8777948.121160269,"standard_error":9641262.264176572},"slope":null,"std_dev":{"confidence_interval":{"confidence_level":0.95,"lower_bound":5073638.839680476,"upper_bound":28337319.97536574},"point_estimate":25066330.197404,"standard_error":4671869.336510239}}