{"mean":{"confidence_interval":{"confidence_level":0.95,"lower_bound":3573021557.9525,"upper_bound":3950889671.7},"point_estimate":3761874088.1,"standard_error":99033553.01092343},"median":{"confidence_interval":{"confidence_level":0.95,"lower_bound":3447951963.5,"upper_bound":4077849214.0},"point_estimate":3759181538.5,"standard_error":266522291.6452767},"median_abs_dev":{"confidence_interval":{"confidence_level":0.95,"lower_bound":3887228.870987892,"upper_bound":471547973.61525},"point_estimate":469754525.05939007,"standard_error":191910015.8978531},"slope":null,"std_dev":{"confidence_interval":{"confidence_level":0.95,"lower_bound":258782665.59860352,"upper_bound":333278281.06152153},"point_estimate":329810822.82877153,"standard_error":28467701.485784777}}