{"mean":{"confidence_interval":{"confidence_level":0.95,"lower_bound":327532991.95,"upper_bound":408416325.29499996},"point_estimate":370781896.25,"standard_error":20794835.062197942},"median":{"confidence_interval":{"confidence_level":0.95,"lower_bound":318887810.75,"upper_bound":425394060.5},"point_estimate":406587252.0,"standard_error":28778161.769032516},"median_abs_dev":{"confidence_interval":{"confidence_level":0.95,"lower_bound":2806858.640818298,"upper_bound":111827473.69206548},"point_estimate":31592167.605426908,"standard_error":28754908.506330464},"slope":null,"std_dev":{"confidence_interval":{"confidence_level":0.95,"lower_bound":22678653.097945366,"upper_bound":84442254.9654885},"point_estimate":69225974.07449459,"standard_error":14640516.863426605}}