{"mean":{"confidence_interval":{"confidence_level":0.95,"lower_bound":25037904854.9,"upper_bound":29340886615.58},"point_estimate":27188549762.7,"standard_error":1092323394.701391},"median":{"confidence_interval":{"confidence_level":0.95,"lower_bound":24232597361.0,"upper_bound":31407679695.0},"point_estimate":24662389101.5,"standard_error":2666629560.4130654},"median_abs_dev":{"confidence_interval":{"confidence_level":0.95,"lower_bound":6791760.827422142,"upper_bound":5324670443.263203},"point_estimate":657061178.2374322,"standard_error":1916496113.4705725},"slope":null,"std_dev":{"confidence_interval":{"confidence_level":0.95,"lower_bound":2246848348.8594675,"upper_bound":3788191925.4446387},"point_estimate":3644718272.120395,"standard_error":423471115.6748427}}