{"mean":{"confidence_interval":{"confidence_level":0.95,"lower_bound":271596390.7725,"upper_bound":298761262.66375},"point_estimate":285200823.05,"standard_error":6982702.268306287},"median":{"confidence_interval":{"confidence_level":0.95,"lower_bound":265610666.5,"upper_bound":307405130.0},"point_estimate":285746023.25,"standard_error":17240290.215233445},"median_abs_dev":{"confidence_interval":{"confidence_level":0.95,"lower_bound":562357.5830161572,"upper_bound":31751149.395154417},"point_estimate":31035782.676404715,"standard_error":11965799.082582312},"slope":null,"std_dev":{"confidence_interval":{"confidence_level":0.95,"lower_bound":16898238.062698703,"upper_bound":25395204.75449642},"point_estimate":23228910.874224424,"standard_error":2367972.098243296}}