{"mean":{"confidence_interval":{"confidence_level":0.95,"lower_bound":388206845.72875005,"upper_bound":541988667.6612498},"point_estimate":460499835.7,"standard_error":39550928.54245124},"median":{"confidence_interval":{"confidence_level":0.95,"lower_bound":361062508.0,"upper_bound":565804466.0},"point_estimate":414245527.25,"standard_error":57273291.263438374},"median_abs_dev":{"confidence_interval":{"confidence_level":0.95,"lower_bound":7732789.640365541,"upper_bound":215507327.38308012},"point_estimate":81566229.41130996,"standard_error":54485461.326030314},"slope":null,"std_dev":{"confidence_interval":{"confidence_level":0.95,"lower_bound":46115843.91836511,"upper_bound":158481405.66446626},"point_estimate":131771326.51936053,"standard_error":25781717.97566131}}