{"mean":{"confidence_interval":{"confidence_level":0.95,"lower_bound":17582927397.4,"upper_bound":19199948937.1875},"point_estimate":18368987372.0,"standard_error":414983998.83868086},"median":{"confidence_interval":{"confidence_level":0.95,"lower_bound":17139156275.0,"upper_bound":19466684929.0},"point_estimate":18385390452.0,"standard_error":582295414.5983241},"median_abs_dev":{"confidence_interval":{"confidence_level":0.95,"lower_bound":343272075.4679024,"upper_bound":2495459464.002138},"point_estimate":1574734071.1789818,"standard_error":578297678.3429006},"slope":null,"std_dev":{"confidence_interval":{"confidence_level":0.95,"lower_bound":777143887.2184995,"upper_bound":1723276884.240654},"point_estimate":1383754683.445646,"standard_error":244313634.81846285}}