{"mean":{"confidence_interval":{"confidence_level":0.95,"lower_bound":897481302.3675,"upper_bound":923893452.6},"point_estimate":910606868.8,"standard_error":6745249.8130650325},"median":{"confidence_interval":{"confidence_level":0.95,"lower_bound":895324704.5,"upper_bound":921618282.0},"point_estimate":914245476.5,"standard_error":6374078.422600414},"median_abs_dev":{"confidence_interval":{"confidence_level":0.95,"lower_bound":2823565.6892716885,"upper_bound":38516932.476487756},"point_estimate":15158620.299580693,"standard_error":8709508.678049915},"slope":null,"std_dev":{"confidence_interval":{"confidence_level":0.95,"lower_bound":8944227.014297139,"upper_bound":30639576.35376541},"point_estimate":22544515.723756906,"standard_error":5439314.794446913}}