{"mean":{"confidence_interval":{"confidence_level":0.95,"lower_bound":997068233.1,"upper_bound":1028621080.8925},"point_estimate":1013083578.9,"standard_error":8058399.354234397},"median":{"confidence_interval":{"confidence_level":0.95,"lower_bound":989193549.5,"upper_bound":1038649751.5},"point_estimate":1016129127.5,"standard_error":14305137.896190995},"median_abs_dev":{"confidence_interval":{"confidence_level":0.95,"lower_bound":5531371.455198526,"upper_bound":44970355.83561659},"point_estimate":35726636.330625415,"standard_error":10791579.611713313},"slope":null,"std_dev":{"confidence_interval":{"confidence_level":0.95,"lower_bound":16574277.979666803,"upper_bound":31898219.17903979},"point_estimate":26947400.2851919,"standard_error":3875996.822571245}}