{"mean":{"confidence_interval":{"confidence_level":0.95,"lower_bound":3697732646.0899997,"upper_bound":4008554724.2},"point_estimate":3883104454.0,"standard_error":78784597.6412471},"median":{"confidence_interval":{"confidence_level":0.95,"lower_bound":3698723849.5,"upper_bound":4011394077.0},"point_estimate":4005750501.5,"standard_error":69422952.34953316},"median_abs_dev":{"confidence_interval":{"confidence_level":0.95,"lower_bound":1167198.3269780874,"upper_bound":451317821.361807},"point_estimate":8541409.673559666,"standard_error":72358084.37026179},"slope":null,"std_dev":{"confidence_interval":{"confidence_level":0.95,"lower_bound":3769376.829038575,"upper_bound":325674739.64964646},"point_estimate":262333192.30542377,"standard_error":90500862.71892676}}