{"mean":{"confidence_interval":{"confidence_level":0.95,"lower_bound":80806108.24207589,"upper_bound":81959943.04321428},"point_estimate":81422873.43751983,"standard_error":295885.49065193627},"median":{"confidence_interval":{"confidence_level":0.95,"lower_bound":80919952.15625,"upper_bound":82141685.575},"point_estimate":81464129.9563492,"standard_error":292692.8206065477},"median_abs_dev":{"confidence_interval":{"confidence_level":0.95,"lower_bound":95478.69921117793,"upper_bound":1543805.0311469932},"point_estimate":644940.5542617093,"standard_error":355035.55385796627},"slope":{"confidence_interval":{"confidence_level":0.95,"lower_bound":80984909.08241758,"upper_bound":81703597.58269916},"point_estimate":81438987.58831169,"standard_error":184037.31413230932},"std_dev":{"confidence_interval":{"confidence_level":0.95,"lower_bound":432783.9762488133,"upper_bound":1354087.5267086106},"point_estimate":986172.8608694142,"standard_error":252952.8465112458}}