{"mean":{"confidence_interval":{"confidence_level":0.95,"lower_bound":289306214.7,"upper_bound":299757315.75},"point_estimate":294760907.85,"standard_error":2685991.968157673},"median":{"confidence_interval":{"confidence_level":0.95,"lower_bound":286812356.5,"upper_bound":300932290.0},"point_estimate":297400381.0,"standard_error":3195558.212329995},"median_abs_dev":{"confidence_interval":{"confidence_level":0.95,"lower_bound":1362520.8659604192,"upper_bound":15880548.26451391},"point_estimate":7491182.924754918,"standard_error":3706595.147723494},"slope":null,"std_dev":{"confidence_interval":{"confidence_level":0.95,"lower_bound":4100895.040372974,"upper_bound":11334010.20755642},"point_estimate":8982095.163730832,"standard_error":1792904.9228684832}}