{"mean":{"confidence_interval":{"confidence_level":0.95,"lower_bound":50327362.57776587,"upper_bound":50685514.02222223},"point_estimate":50471503.83007936,"standard_error":96267.76054531975},"median":{"confidence_interval":{"confidence_level":0.95,"lower_bound":50300052.0,"upper_bound":50541142.3},"point_estimate":50360143.047619045,"standard_error":68818.91065235056},"median_abs_dev":{"confidence_interval":{"confidence_level":0.95,"lower_bound":10140.160153314413,"upper_bound":274827.24261750764},"point_estimate":90770.95671348917,"standard_error":73788.23420366153},"slope":{"confidence_interval":{"confidence_level":0.95,"lower_bound":50299353.83959658,"upper_bound":50426229.59218291},"point_estimate":50359465.54285714,"standard_error":32478.862206478825},"std_dev":{"confidence_interval":{"confidence_level":0.95,"lower_bound":68421.50120420734,"upper_bound":483204.9895249755},"point_estimate":321116.9843477859,"standard_error":132563.09335334713}}