{"mean":{"confidence_interval":{"confidence_level":0.95,"lower_bound":593154107.7125,"upper_bound":607460238.01},"point_estimate":599829267.8,"standard_error":3676573.7818650343},"median":{"confidence_interval":{"confidence_level":0.95,"lower_bound":590427597.0,"upper_bound":609257957.0},"point_estimate":595523035.5,"standard_error":4842278.677589076},"median_abs_dev":{"confidence_interval":{"confidence_level":0.95,"lower_bound":2094799.6026098728,"upper_bound":20550338.250258565},"point_estimate":8958058.813762665,"standard_error":4704026.0832720315},"slope":null,"std_dev":{"confidence_interval":{"confidence_level":0.95,"lower_bound":4373103.92615171,"upper_bound":14959138.500382084},"point_estimate":12259972.97903638,"standard_error":2456486.8718245164}}