{"mean":{"confidence_interval":{"confidence_level":0.95,"lower_bound":386278287.6,"upper_bound":476012184.45},"point_estimate":433526585.45,"standard_error":22955978.151548006},"median":{"confidence_interval":{"confidence_level":0.95,"lower_bound":357416933.5,"upper_bound":491789586.0},"point_estimate":468808686.5,"standard_error":34625704.156195186},"median_abs_dev":{"confidence_interval":{"confidence_level":0.95,"lower_bound":10449991.012975574,"upper_bound":123109861.19401306},"point_estimate":52455969.37357038,"standard_error":30301044.795477197},"slope":null,"std_dev":{"confidence_interval":{"confidence_level":0.95,"lower_bound":29581821.967306547,"upper_bound":92993522.61500737},"point_estimate":76287609.02933933,"standard_error":14730234.764528569}}