{"mean":{"confidence_interval":{"confidence_level":0.95,"lower_bound":-0.012797639078837082,"upper_bound":0.010947795954736765},"point_estimate":-0.0005730562732750855,"standard_error":0.006018753304018488},"median":{"confidence_interval":{"confidence_level":0.95,"lower_bound":-0.011135992961741614,"upper_bound":0.011481481842902319},"point_estimate":0.00018199930139273235,"standard_error":0.005999719767448991}}