{"mean":{"confidence_interval":{"confidence_level":0.95,"lower_bound":1.0577466048255335,"upper_bound":1.2142561384314223},"point_estimate":1.1276864279086203,"standard_error":0.04076605421779385},"median":{"confidence_interval":{"confidence_level":0.95,"lower_bound":1.0487054700745273,"upper_bound":1.2220889060333002},"point_estimate":1.0884033671383841,"standard_error":0.03768389174449306}}