{"mean":{"confidence_interval":{"confidence_level":0.95,"lower_bound":-0.013078290495962538,"upper_bound":0.01744062180058827},"point_estimate":0.0008624199738871408,"standard_error":0.007761710011395019},"median":{"confidence_interval":{"confidence_level":0.95,"lower_bound":-0.011811627784462764,"upper_bound":0.011599472451002013},"point_estimate":-0.0007225833538396786,"standard_error":0.006357873592779609}}