{"mean":{"confidence_interval":{"confidence_level":0.95,"lower_bound":240586613.6666667,"upper_bound":243739860.00166664},"point_estimate":242034803.16666666,"standard_error":809309.0787509241},"median":{"confidence_interval":{"confidence_level":0.95,"lower_bound":240015279.6666667,"upper_bound":244453442.8333333},"point_estimate":240902171.33333334,"standard_error":1084091.5296925234},"median_abs_dev":{"confidence_interval":{"confidence_level":0.95,"lower_bound":235852.25091281498,"upper_bound":4303049.237805605},"point_estimate":1684170.8066999987,"standard_error":1068007.6734010899},"slope":null,"std_dev":{"confidence_interval":{"confidence_level":0.95,"lower_bound":1006120.6585867556,"upper_bound":3337668.06824027},"point_estimate":2703864.3075183462,"standard_error":602478.0469570542}}