{"mean":{"confidence_interval":{"confidence_level":0.95,"lower_bound":0.1272880890687438,"upper_bound":0.577714442540775},"point_estimate":0.3341459947125971,"standard_error":0.1109834776539427},"median":{"confidence_interval":{"confidence_level":0.95,"lower_bound":0.08120089726506219,"upper_bound":0.7706254021368233},"point_estimate":0.10572412039061119,"standard_error":0.1808194499867868}}