{"mean":{"confidence_interval":{"confidence_level":0.95,"lower_bound":342335205.75,"upper_bound":428502976.25624996},"point_estimate":389182423.65,"standard_error":22144411.612665374},"median":{"confidence_interval":{"confidence_level":0.95,"lower_bound":342989068.5,"upper_bound":440933580.75},"point_estimate":422936530.75,"standard_error":26714474.975915026},"median_abs_dev":{"confidence_interval":{"confidence_level":0.95,"lower_bound":8358447.570557892,"upper_bound":117814609.72257257},"point_estimate":42074193.52668375,"standard_error":28313648.753682926},"slope":null,"std_dev":{"confidence_interval":{"confidence_level":0.95,"lower_bound":24098180.250389986,"upper_bound":97024358.86041811},"point_estimate":73959931.94299616,"standard_error":18257722.37885135}}