{"mean":{"confidence_interval":{"confidence_level":0.95,"lower_bound":14530273757.039999,"upper_bound":14977142150.7},"point_estimate":14744348476.3,"standard_error":114661695.06498635},"median":{"confidence_interval":{"confidence_level":0.95,"lower_bound":14389745837.0,"upper_bound":15047336301.0},"point_estimate":14728778486.0,"standard_error":137438146.69664615},"median_abs_dev":{"confidence_interval":{"confidence_level":0.95,"lower_bound":51166146.31471932,"upper_bound":673676132.0282578},"point_estimate":362836021.42317295,"standard_error":168461233.24769336},"slope":null,"std_dev":{"confidence_interval":{"confidence_level":0.95,"lower_bound":182854026.1319964,"upper_bound":482445289.4804138},"point_estimate":381931736.4473169,"standard_error":77374740.21149328}}