{"mean":{"confidence_interval":{"confidence_level":0.95,"lower_bound":329603.9841727826,"upper_bound":332763.00877398014},"point_estimate":331017.34555071965,"standard_error":812.1301901562663},"median":{"confidence_interval":{"confidence_level":0.95,"lower_bound":329108.87041019514,"upper_bound":332109.6487455197},"point_estimate":330484.5306152927,"standard_error":836.3723534478963},"median_abs_dev":{"confidence_interval":{"confidence_level":0.95,"lower_bound":595.2291123955595,"upper_bound":3824.7738452208514},"point_estimate":2172.193356489589,"standard_error":851.0839127829213},"slope":{"confidence_interval":{"confidence_level":0.95,"lower_bound":329217.21320961963,"upper_bound":331504.7633473013},"point_estimate":330168.8571614765,"standard_error":586.8215413890262},"std_dev":{"confidence_interval":{"confidence_level":0.95,"lower_bound":1059.430451779481,"upper_bound":3781.2156384284094},"point_estimate":2715.535345284586,"standard_error":776.0362279784034}}