{"mean":{"confidence_interval":{"confidence_level":0.95,"lower_bound":5257073481.3525,"upper_bound":6296456755.2},"point_estimate":5808508627.7,"standard_error":267217508.76429304},"median":{"confidence_interval":{"confidence_level":0.95,"lower_bound":5145461712.5,"upper_bound":6513891845.0},"point_estimate":6078530350.5,"standard_error":362613712.12936276},"median_abs_dev":{"confidence_interval":{"confidence_level":0.95,"lower_bound":125096598.90299141,"upper_bound":1476873372.7175565},"point_estimate":660857404.3807358,"standard_error":346836214.9404805},"slope":null,"std_dev":{"confidence_interval":{"confidence_level":0.95,"lower_bound":349237717.4585314,"upper_bound":1086069253.9749718},"point_estimate":888877229.2788626,"standard_error":176551477.06221572}}