{"mean":{"confidence_interval":{"confidence_level":0.95,"lower_bound":633144648.9,"upper_bound":705281085.1},"point_estimate":677127982.6,"standard_error":19806078.423289422},"median":{"confidence_interval":{"confidence_level":0.95,"lower_bound":673266484.0,"upper_bound":711686578.5},"point_estimate":699335205.5,"standard_error":12001185.985496424},"median_abs_dev":{"confidence_interval":{"confidence_level":0.95,"lower_bound":4151357.02149868,"upper_bound":48207300.04954934},"point_estimate":26978902.85562873,"standard_error":11058248.951130742},"slope":null,"std_dev":{"confidence_interval":{"confidence_level":0.95,"lower_bound":13237037.22417166,"upper_bound":100106872.81266193},"point_estimate":65706858.90272857,"standard_error":29391412.97076861}}