{"mean":{"confidence_interval":{"confidence_level":0.95,"lower_bound":475344057.36249995,"upper_bound":477432735.29},"point_estimate":476323050.8,"standard_error":537682.5584016779},"median":{"confidence_interval":{"confidence_level":0.95,"lower_bound":474820384.5,"upper_bound":477636849.75},"point_estimate":475949673.75,"standard_error":623539.1429897599},"median_abs_dev":{"confidence_interval":{"confidence_level":0.95,"lower_bound":379352.85526514053,"upper_bound":3025432.4245378375},"point_estimate":1645478.777436912,"standard_error":668702.6230815811},"slope":null,"std_dev":{"confidence_interval":{"confidence_level":0.95,"lower_bound":737109.4324757688,"upper_bound":2275283.9068596214},"point_estimate":1795710.493711723,"standard_error":391698.14268565347}}