{"mean":{"confidence_interval":{"confidence_level":0.95,"lower_bound":6732869407.2,"upper_bound":7594719383.9},"point_estimate":7099547683.6,"standard_error":225384180.55328673},"median":{"confidence_interval":{"confidence_level":0.95,"lower_bound":6620258022.0,"upper_bound":7394756356.0},"point_estimate":6834517113.5,"standard_error":160697624.07458225},"median_abs_dev":{"confidence_interval":{"confidence_level":0.95,"lower_bound":46352620.85607648,"upper_bound":815523633.9505613},"point_estimate":317154270.38348615,"standard_error":197186632.77414435},"slope":null,"std_dev":{"confidence_interval":{"confidence_level":0.95,"lower_bound":130774392.98746994,"upper_bound":1061215239.9627542},"point_estimate":754102164.5466863,"standard_error":258806210.1646003}}