{"mean":{"confidence_interval":{"confidence_level":0.95,"lower_bound":6556043269.1025,"upper_bound":7480805566.4},"point_estimate":7012603731.3,"standard_error":235898623.93565047},"median":{"confidence_interval":{"confidence_level":0.95,"lower_bound":6383713396.5,"upper_bound":7918896295.5},"point_estimate":6515688755.5,"standard_error":532496436.6486552},"median_abs_dev":{"confidence_interval":{"confidence_level":0.95,"lower_bound":49761115.23036361,"upper_bound":1170186471.6426373},"point_estimate":348021060.3844911,"standard_error":376634285.8924638},"slope":null,"std_dev":{"confidence_interval":{"confidence_level":0.95,"lower_bound":483020171.80763084,"upper_bound":845208543.0638585},"point_estimate":788096975.0524172,"standard_error":93629351.95549951}}