{"mean":{"confidence_interval":{"confidence_level":0.95,"lower_bound":2317670368.7775,"upper_bound":2417091905.1},"point_estimate":2360390101.1,"standard_error":26038156.088961065},"median":{"confidence_interval":{"confidence_level":0.95,"lower_bound":2320987769.0,"upper_bound":2392120949.0},"point_estimate":2334386475.0,"standard_error":14003816.297544973},"median_abs_dev":{"confidence_interval":{"confidence_level":0.95,"lower_bound":736994.5165157318,"upper_bound":104517964.4909352},"point_estimate":4332111.162489653,"standard_error":29189253.970263124},"slope":null,"std_dev":{"confidence_interval":{"confidence_level":0.95,"lower_bound":12699570.539138762,"upper_bound":123620966.7893933},"point_estimate":87530973.05049035,"standard_error":29636732.450813815}}