{"mean":{"confidence_interval":{"confidence_level":0.95,"lower_bound":3053888.845632868,"upper_bound":3155242.9516657777},"point_estimate":3105554.4738683635,"standard_error":25895.68625922212},"median":{"confidence_interval":{"confidence_level":0.95,"lower_bound":3033690.632183908,"upper_bound":3181171.2167487685},"point_estimate":3115077.2461685822,"standard_error":38044.721647382},"median_abs_dev":{"confidence_interval":{"confidence_level":0.95,"lower_bound":26640.093518854257,"upper_bound":149350.55168375696},"point_estimate":101911.72604380878,"standard_error":31784.810954351382},"slope":{"confidence_interval":{"confidence_level":0.95,"lower_bound":3101181.293466751,"upper_bound":3191931.7208361626},"point_estimate":3155206.9520824,"standard_error":23426.537585149563},"std_dev":{"confidence_interval":{"confidence_level":0.95,"lower_bound":50364.15311633024,"upper_bound":104921.42082122336},"point_estimate":86413.03849850092,"standard_error":13857.32869677672}}