{"mean":{"confidence_interval":{"confidence_level":0.95,"lower_bound":475319123.02625,"upper_bound":484385063.9},"point_estimate":479752527.5,"standard_error":2305712.2863410213},"median":{"confidence_interval":{"confidence_level":0.95,"lower_bound":474968570.0,"upper_bound":482544560.5},"point_estimate":480461698.25,"standard_error":1910935.994818056},"median_abs_dev":{"confidence_interval":{"confidence_level":0.95,"lower_bound":544283.9480370283,"upper_bound":12454870.556531847},"point_estimate":3498831.785233319,"standard_error":3270763.609166295},"slope":null,"std_dev":{"confidence_interval":{"confidence_level":0.95,"lower_bound":2992999.48528145,"upper_bound":10703902.895264473},"point_estimate":7679901.573843258,"standard_error":1979581.3792596408}}