{"mean":{"confidence_interval":{"confidence_level":0.95,"lower_bound":271562962.45,"upper_bound":297686958.50374997},"point_estimate":284940769.45,"standard_error":6638871.335355939},"median":{"confidence_interval":{"confidence_level":0.95,"lower_bound":261839532.0,"upper_bound":301732422.25},"point_estimate":299966792.25,"standard_error":14163550.934077077},"median_abs_dev":{"confidence_interval":{"confidence_level":0.95,"lower_bound":751155.5701643229,"upper_bound":31139014.62997198},"point_estimate":6510350.379668176,"standard_error":10422253.516086215},"slope":null,"std_dev":{"confidence_interval":{"confidence_level":0.95,"lower_bound":12872753.291830108,"upper_bound":24664341.53660317},"point_estimate":22071264.032850992,"standard_error":2961076.7513910616}}