{"mean":{"confidence_interval":{"confidence_level":0.95,"lower_bound":11263584.054453703,"upper_bound":11968140.888271604},"point_estimate":11618404.035828926,"standard_error":180624.3702369094},"median":{"confidence_interval":{"confidence_level":0.95,"lower_bound":11001258.981481481,"upper_bound":12197457.64197531},"point_estimate":11642033.152777776,"standard_error":384457.1213993346},"median_abs_dev":{"confidence_interval":{"confidence_level":0.95,"lower_bound":33063.43181189652,"upper_bound":920764.7312248221},"point_estimate":897220.4592970791,"standard_error":266671.792758686},"slope":{"confidence_interval":{"confidence_level":0.95,"lower_bound":11097555.135706019,"upper_bound":12074611.617952684},"point_estimate":11569053.772294372,"standard_error":251478.02612627635},"std_dev":{"confidence_interval":{"confidence_level":0.95,"lower_bound":412080.2607063289,"upper_bound":680122.501200847},"point_estimate":602809.932187459,"standard_error":69813.31083078944}}