{"mean":{"confidence_interval":{"confidence_level":0.95,"lower_bound":3447853315.5,"upper_bound":3648471530.7},"point_estimate":3566962684.5,"standard_error":54036229.48809456},"median":{"confidence_interval":{"confidence_level":0.95,"lower_bound":3522698098.0,"upper_bound":3668567113.0},"point_estimate":3634093477.5,"standard_error":38768533.907858945},"median_abs_dev":{"confidence_interval":{"confidence_level":0.95,"lower_bound":10066644.77468133,"upper_bound":164796701.7559737},"point_estimate":55411365.25795162,"standard_error":40332722.79678867},"slope":null,"std_dev":{"confidence_interval":{"confidence_level":0.95,"lower_bound":30952363.299878165,"upper_bound":271897783.7588338},"point_estimate":181204476.82469308,"standard_error":74632494.05099541}}