{"mean":{"confidence_interval":{"confidence_level":0.95,"lower_bound":3647730924.9,"upper_bound":3932963370.5074997},"point_estimate":3815341751.2,"standard_error":72989840.13100715},"median":{"confidence_interval":{"confidence_level":0.95,"lower_bound":3657529587.0,"upper_bound":3932162870.0},"point_estimate":3927672753.5,"standard_error":60954812.3138068},"median_abs_dev":{"confidence_interval":{"confidence_level":0.95,"lower_bound":1633632.4329972267,"upper_bound":386134084.44364965},"point_estimate":8073895.493459702,"standard_error":63658483.546636134},"slope":null,"std_dev":{"confidence_interval":{"confidence_level":0.95,"lower_bound":7821693.766379906,"upper_bound":307946002.79897165},"point_estimate":243535664.11500913,"standard_error":82862064.62774895}}