{"mean":{"confidence_interval":{"confidence_level":0.95,"lower_bound":291920957.27625,"upper_bound":301182957.67625},"point_estimate":296734272.1,"standard_error":2380225.0796402865},"median":{"confidence_interval":{"confidence_level":0.95,"lower_bound":289226324.0,"upper_bound":303768427.0},"point_estimate":298411576.0,"standard_error":4138618.9315459724},"median_abs_dev":{"confidence_interval":{"confidence_level":0.95,"lower_bound":536356.4859777689,"upper_bound":13160663.756601512},"point_estimate":7989014.791716635,"standard_error":3472985.6093307845},"slope":null,"std_dev":{"confidence_interval":{"confidence_level":0.95,"lower_bound":4519437.48878721,"upper_bound":9636109.85748314},"point_estimate":7955765.891959439,"standard_error":1298206.378450238}}