{"mean":{"confidence_interval":{"confidence_level":0.95,"lower_bound":1.1756859970696238,"upper_bound":1.387190081414537},"point_estimate":1.3099780116803714,"standard_error":0.05873203247402253},"median":{"confidence_interval":{"confidence_level":0.95,"lower_bound":1.3222669827673177,"upper_bound":1.3955175194278664},"point_estimate":1.3843675569859615,"standard_error":0.02705843744059971}}