{"mean":{"confidence_interval":{"confidence_level":0.95,"lower_bound":413891336.65,"upper_bound":444512595.25},"point_estimate":429076352.55,"standard_error":7876517.541773066},"median":{"confidence_interval":{"confidence_level":0.95,"lower_bound":404550544.25,"upper_bound":457136223.75},"point_estimate":423275122.0,"standard_error":16627113.56968189},"median_abs_dev":{"confidence_interval":{"confidence_level":0.95,"lower_bound":2489730.1357984543,"upper_bound":41241422.31056839},"point_estimate":35744350.43511093,"standard_error":11288497.665987106},"slope":null,"std_dev":{"confidence_interval":{"confidence_level":0.95,"lower_bound":17722920.35628015,"upper_bound":29285819.697703514},"point_estimate":26208452.06030825,"standard_error":3034632.078427942}}