{"mean":{"confidence_interval":{"confidence_level":0.95,"lower_bound":0.6152465362591318,"upper_bound":0.6499017778724385},"point_estimate":0.6346179308461974,"standard_error":0.00855598554835235},"median":{"confidence_interval":{"confidence_level":0.95,"lower_bound":0.6283089390002676,"upper_bound":0.6607722788499051},"point_estimate":0.6423642910084684,"standard_error":0.007508270598301825}}