{"mean":{"confidence_interval":{"confidence_level":0.95,"lower_bound":2393570360.0225,"upper_bound":2432109401.87},"point_estimate":2414029268.1,"standard_error":9895527.629324133},"median":{"confidence_interval":{"confidence_level":0.95,"lower_bound":2389514964.0,"upper_bound":2442640680.0},"point_estimate":2423345727.5,"standard_error":14074257.999006594},"median_abs_dev":{"confidence_interval":{"confidence_level":0.95,"lower_bound":6083470.187696815,"upper_bound":53047092.731925845},"point_estimate":29254981.439620256,"standard_error":12701588.435921077},"slope":null,"std_dev":{"confidence_interval":{"confidence_level":0.95,"lower_bound":15688688.49132862,"upper_bound":41656537.693567894},"point_estimate":32878100.474658053,"standard_error":6686236.873103358}}