{"mean":{"confidence_interval":{"confidence_level":0.95,"lower_bound":99052636.83552976,"upper_bound":100388287.71953176},"point_estimate":99623164.6834127,"standard_error":347174.9749927517},"median":{"confidence_interval":{"confidence_level":0.95,"lower_bound":98960596.33333334,"upper_bound":99878119.16666666},"point_estimate":99466657.41428572,"standard_error":217418.12254879196},"median_abs_dev":{"confidence_interval":{"confidence_level":0.95,"lower_bound":101412.19270956589,"upper_bound":1327167.8000980453},"point_estimate":505413.8461621128,"standard_error":345208.64624676097},"slope":{"confidence_interval":{"confidence_level":0.95,"lower_bound":98811545.99303944,"upper_bound":99578210.64605555},"point_estimate":99191701.82077922,"standard_error":199867.82190269016},"std_dev":{"confidence_interval":{"confidence_level":0.95,"lower_bound":354336.2847297242,"upper_bound":1691215.5969137773},"point_estimate":1157442.2721833976,"standard_error":408468.5202833627}}