{"mean":{"confidence_interval":{"confidence_level":0.95,"lower_bound":1841691940.135,"upper_bound":1882626564.9},"point_estimate":1859412404.3,"standard_error":10602995.067511056},"median":{"confidence_interval":{"confidence_level":0.95,"lower_bound":1831963979.0,"upper_bound":1869529153.0},"point_estimate":1857443876.0,"standard_error":11516142.175792301},"median_abs_dev":{"confidence_interval":{"confidence_level":0.95,"lower_bound":2541584.81117785,"upper_bound":47862771.24376595},"point_estimate":29216313.00840676,"standard_error":11680923.781508397},"slope":null,"std_dev":{"confidence_interval":{"confidence_level":0.95,"lower_bound":13766322.665359119,"upper_bound":51441379.06617798},"point_estimate":35401496.39328197,"standard_error":11818912.02046753}}