{"mean":{"confidence_interval":{"confidence_level":0.95,"lower_bound":2871420.397886905,"upper_bound":3329105.0210345984},"point_estimate":3100011.2513306052,"standard_error":117338.91991327601},"median":{"confidence_interval":{"confidence_level":0.95,"lower_bound":2755186.876519097,"upper_bound":3465022.221875},"point_estimate":3133594.533854167,"standard_error":220043.17174493047},"median_abs_dev":{"confidence_interval":{"confidence_level":0.95,"lower_bound":22696.25196956112,"upper_bound":653868.7433941138},"point_estimate":508211.03656221647,"standard_error":151435.44952562085},"slope":{"confidence_interval":{"confidence_level":0.95,"lower_bound":2680242.0628535068,"upper_bound":3097301.671534912},"point_estimate":2817943.5824675323,"standard_error":107091.19235006023},"std_dev":{"confidence_interval":{"confidence_level":0.95,"lower_bound":256891.8409570754,"upper_bound":462181.33246549196},"point_estimate":392140.2044828524,"standard_error":52700.05423521231}}