{"mean":{"confidence_interval":{"confidence_level":0.95,"lower_bound":1656669890.3000002,"upper_bound":1796777292.61},"point_estimate":1731006251.5,"standard_error":35980860.69107168},"median":{"confidence_interval":{"confidence_level":0.95,"lower_bound":1665950667.0,"upper_bound":1828815096.0},"point_estimate":1748580554.0,"standard_error":41163756.75232946},"median_abs_dev":{"confidence_interval":{"confidence_level":0.95,"lower_bound":33481177.142590284,"upper_bound":198843315.84172547},"point_estimate":105241777.21108496,"standard_error":41930886.616703525},"slope":null,"std_dev":{"confidence_interval":{"confidence_level":0.95,"lower_bound":57513658.80368799,"upper_bound":161810652.6425653},"point_estimate":120230343.90237063,"standard_error":28748652.886807278}}