{"mean":{"confidence_interval":{"confidence_level":0.95,"lower_bound":969449349.3975,"upper_bound":1004292096.055},"point_estimate":987504568.4,"standard_error":8874384.344335122},"median":{"confidence_interval":{"confidence_level":0.95,"lower_bound":972408044.0,"upper_bound":1010104470.5},"point_estimate":985944025.5,"standard_error":9052013.919829395},"median_abs_dev":{"confidence_interval":{"confidence_level":0.95,"lower_bound":3139302.4035662413,"upper_bound":49677419.4966495},"point_estimate":24219341.748520732,"standard_error":11197117.809057532},"slope":null,"std_dev":{"confidence_interval":{"confidence_level":0.95,"lower_bound":13722979.380814178,"upper_bound":39878403.07460262},"point_estimate":29580386.052205235,"standard_error":6870764.388320731}}