{"mean":{"confidence_interval":{"confidence_level":0.95,"lower_bound":467523052.4,"upper_bound":480163556.95},"point_estimate":473366638.0,"standard_error":3244317.250687439},"median":{"confidence_interval":{"confidence_level":0.95,"lower_bound":466145842.5,"upper_bound":480519386.0},"point_estimate":469476800.25,"standard_error":3787828.4506417955},"median_abs_dev":{"confidence_interval":{"confidence_level":0.95,"lower_bound":972847.632278502,"upper_bound":17563389.673237503},"point_estimate":9014726.749956608,"standard_error":4137325.70506832},"slope":null,"std_dev":{"confidence_interval":{"confidence_level":0.95,"lower_bound":4895618.707722316,"upper_bound":14569723.653404603},"point_estimate":10831847.8838011,"standard_error":2651756.751468664}}