{"mean":{"confidence_interval":{"confidence_level":0.95,"lower_bound":1442155172.3425002,"upper_bound":1751153048.24},"point_estimate":1606973421.5,"standard_error":79245219.75379303},"median":{"confidence_interval":{"confidence_level":0.95,"lower_bound":1489632703.0,"upper_bound":1818412948.0},"point_estimate":1574188946.0,"standard_error":100869157.2165601},"median_abs_dev":{"confidence_interval":{"confidence_level":0.95,"lower_bound":14223972.226274014,"upper_bound":441570826.62405074},"point_estimate":267668949.14152622,"standard_error":106935608.68287848},"slope":null,"std_dev":{"confidence_interval":{"confidence_level":0.95,"lower_bound":131601770.41475692,"upper_bound":360408112.2385257},"point_estimate":264193204.55251825,"standard_error":64873798.54154847}}