{"mean":{"confidence_interval":{"confidence_level":0.95,"lower_bound":0.643757575140654,"upper_bound":0.7123396659621357},"point_estimate":0.6733997480396232,"standard_error":0.016845445616869667},"median":{"confidence_interval":{"confidence_level":0.95,"lower_bound":0.6313063837869803,"upper_bound":0.6963459331227555},"point_estimate":0.6574840202789705,"standard_error":0.017302509725120735}}