{"mean":{"confidence_interval":{"confidence_level":0.95,"lower_bound":855300171.7,"upper_bound":950051887.3},"point_estimate":897842948.6,"standard_error":24443564.863791052},"median":{"confidence_interval":{"confidence_level":0.95,"lower_bound":834594664.0,"upper_bound":937496479.0},"point_estimate":886310036.0,"standard_error":27578254.19684071},"median_abs_dev":{"confidence_interval":{"confidence_level":0.95,"lower_bound":7865652.466356754,"upper_bound":116062411.30485587},"point_estimate":69711057.57138133,"standard_error":24759373.902647547},"slope":null,"std_dev":{"confidence_interval":{"confidence_level":0.95,"lower_bound":33844640.21288369,"upper_bound":114418009.23543769},"point_estimate":81394358.15689546,"standard_error":24071148.404055715}}