{"mean":{"confidence_interval":{"confidence_level":0.95,"lower_bound":0.038644110442805364,"upper_bound":0.13005400229917582},"point_estimate":0.0825386399305792,"standard_error":0.023284821527642646},"median":{"confidence_interval":{"confidence_level":0.95,"lower_bound":0.0307726239851005,"upper_bound":0.15376063945169616},"point_estimate":0.11068214902405416,"standard_error":0.03191704851681348}}