{"mean":{"confidence_interval":{"confidence_level":0.95,"lower_bound":504826935.7325,"upper_bound":526923176.75},"point_estimate":516503943.45,"standard_error":5671585.270269047},"median":{"confidence_interval":{"confidence_level":0.95,"lower_bound":506255175.5,"upper_bound":531827033.25},"point_estimate":518704836.25,"standard_error":6188562.624651024},"median_abs_dev":{"confidence_interval":{"confidence_level":0.95,"lower_bound":3709560.391192138,"upper_bound":31072366.57205522},"point_estimate":14143638.288000226,"standard_error":6914140.091139769},"slope":null,"std_dev":{"confidence_interval":{"confidence_level":0.95,"lower_bound":9041022.193118408,"upper_bound":25369273.536579322},"point_estimate":18965370.245400548,"standard_error":4387601.8283113465}}