{"mean":{"confidence_interval":{"confidence_level":0.95,"lower_bound":3098387159.33,"upper_bound":3132014222.8},"point_estimate":3115125264.4,"standard_error":8618350.371863415},"median":{"confidence_interval":{"confidence_level":0.95,"lower_bound":3099883815.0,"upper_bound":3132427962.5},"point_estimate":3113706071.0,"standard_error":6488611.933973645},"median_abs_dev":{"confidence_interval":{"confidence_level":0.95,"lower_bound":3431909.0756714344,"upper_bound":48012187.66911328},"point_estimate":11439241.760712862,"standard_error":12714920.831914043},"slope":null,"std_dev":{"confidence_interval":{"confidence_level":0.95,"lower_bound":11359910.587044701,"upper_bound":39018364.01653029},"point_estimate":28671843.503722828,"standard_error":6886428.360602901}}