{"mean":{"confidence_interval":{"confidence_level":0.95,"lower_bound":6631610658.915,"upper_bound":7559854553.7},"point_estimate":7093300737.9,"standard_error":239205702.86765033},"median":{"confidence_interval":{"confidence_level":0.95,"lower_bound":6473484693.5,"upper_bound":8032102961.0},"point_estimate":6490716829.0,"standard_error":577440372.6935546},"median_abs_dev":{"confidence_interval":{"confidence_level":0.95,"lower_bound":2192230.883780122,"upper_bound":1139929525.4192054},"point_estimate":36105919.50369179,"standard_error":439591681.54112804},"slope":null,"std_dev":{"confidence_interval":{"confidence_level":0.95,"lower_bound":491212241.2472494,"upper_bound":819942992.7975686},"point_estimate":794710155.3992907,"standard_error":95254537.53478867}}