{"mean":{"confidence_interval":{"confidence_level":0.95,"lower_bound":1587812553.9,"upper_bound":1756512922.905},"point_estimate":1657609660.7,"standard_error":44787153.97658229},"median":{"confidence_interval":{"confidence_level":0.95,"lower_bound":1572212010.5,"upper_bound":1687405823.0},"point_estimate":1611520302.5,"standard_error":29913809.07511109},"median_abs_dev":{"confidence_interval":{"confidence_level":0.95,"lower_bound":10915898.796004057,"upper_bound":147485688.03390563},"point_estimate":77857673.11095,"standard_error":37216820.40644975},"slope":null,"std_dev":{"confidence_interval":{"confidence_level":0.95,"lower_bound":35988496.33173476,"upper_bound":220777387.08331427},"point_estimate":148847734.30725566,"standard_error":56957699.69976753}}