{"mean":{"confidence_interval":{"confidence_level":0.95,"lower_bound":1.2973045006511241,"upper_bound":1.4115365986252078},"point_estimate":1.3615994906843545,"standard_error":0.028587922243538746},"median":{"confidence_interval":{"confidence_level":0.95,"lower_bound":1.3362798408342123,"upper_bound":1.4361898196408815},"point_estimate":1.400737000994647,"standard_error":0.02272926372608772}}