{"mean":{"confidence_interval":{"confidence_level":0.95,"lower_bound":-0.02580403793987079,"upper_bound":-0.007010787632906911},"point_estimate":-0.015847295678081186,"standard_error":0.00483731919063617},"median":{"confidence_interval":{"confidence_level":0.95,"lower_bound":-0.031449806320444695,"upper_bound":-0.00545454862813155},"point_estimate":-0.01022729039295489,"standard_error":0.006232643650932972}}