{"mean":{"confidence_interval":{"confidence_level":0.95,"lower_bound":-0.08074326855895171,"upper_bound":0.04460693029759114},"point_estimate":-0.017282069403382172,"standard_error":0.03168552298285913},"median":{"confidence_interval":{"confidence_level":0.95,"lower_bound":-0.050260288202813364,"upper_bound":0.027635339951586957},"point_estimate":-0.015235922764290422,"standard_error":0.01667993399869087}}