{"mean":{"confidence_interval":{"confidence_level":0.95,"lower_bound":22067390510.870003,"upper_bound":27681939516.76749},"point_estimate":24883128325.0,"standard_error":1433510045.004268},"median":{"confidence_interval":{"confidence_level":0.95,"lower_bound":20455595105.5,"upper_bound":29097691618.0},"point_estimate":24715004090.5,"standard_error":2744488416.6039586},"median_abs_dev":{"confidence_interval":{"confidence_level":0.95,"lower_bound":293009974.1391331,"upper_bound":7193843096.711755},"point_estimate":6257813400.350404,"standard_error":1934284249.2305632},"slope":null,"std_dev":{"confidence_interval":{"confidence_level":0.95,"lower_bound":3132944875.1591187,"upper_bound":5603000226.698616},"point_estimate":4761074964.1022215,"standard_error":636285699.2589253}}