{"mean":{"confidence_interval":{"confidence_level":0.95,"lower_bound":406519918.17249995,"upper_bound":422888284.95},"point_estimate":414886082.5,"standard_error":4183854.16130922},"median":{"confidence_interval":{"confidence_level":0.95,"lower_bound":400261902.5,"upper_bound":427794393.5},"point_estimate":419635835.5,"standard_error":7428218.216596063},"median_abs_dev":{"confidence_interval":{"confidence_level":0.95,"lower_bound":1572534.488081932,"upper_bound":21881685.598522425},"point_estimate":16361327.63722837,"standard_error":5390416.837615501},"slope":null,"std_dev":{"confidence_interval":{"confidence_level":0.95,"lower_bound":8859729.613789,"upper_bound":16217025.959406992},"point_estimate":13910800.346800677,"standard_error":1897475.840113535}}