{"mean":{"confidence_interval":{"confidence_level":0.95,"lower_bound":4427656.551512896,"upper_bound":4524856.757411706},"point_estimate":4479078.74845238,"standard_error":24914.78489239699},"median":{"confidence_interval":{"confidence_level":0.95,"lower_bound":4421917.232142857,"upper_bound":4545810.761904762},"point_estimate":4492507.157936508,"standard_error":33853.722947982045},"median_abs_dev":{"confidence_interval":{"confidence_level":0.95,"lower_bound":14779.939120936018,"upper_bound":142862.15885618926},"point_estimate":81620.3714442821,"standard_error":30134.015843893456},"slope":{"confidence_interval":{"confidence_level":0.95,"lower_bound":4459476.725277118,"upper_bound":4523995.499690957},"point_estimate":4492431.051082251,"standard_error":16342.087791652002},"std_dev":{"confidence_interval":{"confidence_level":0.95,"lower_bound":42005.85805169732,"upper_bound":108207.94707368352},"point_estimate":82844.98021033895,"standard_error":17714.946407298386}}