{"mean":{"confidence_interval":{"confidence_level":0.95,"lower_bound":-0.011304039122349015,"upper_bound":-0.002972060698719612},"point_estimate":-0.007188872513797517,"standard_error":0.00213274531859081},"median":{"confidence_interval":{"confidence_level":0.95,"lower_bound":-0.012435903477744481,"upper_bound":-0.0019021741328743014},"point_estimate":-0.00930377742592714,"standard_error":0.002738333453485712}}