{"mean":{"confidence_interval":{"confidence_level":0.95,"lower_bound":0.5199772186995958,"upper_bound":0.8334347066465928},"point_estimate":0.6943310067682116,"standard_error":0.08101381979299818},"median":{"confidence_interval":{"confidence_level":0.95,"lower_bound":0.5033488277067697,"upper_bound":0.9019017993463354},"point_estimate":0.7744874566179667,"standard_error":0.11101986336205297}}