{"mean":{"confidence_interval":{"confidence_level":0.95,"lower_bound":15802505.372128967,"upper_bound":16145701.233222222},"point_estimate":15946987.40253307,"standard_error":89574.55276859023},"median":{"confidence_interval":{"confidence_level":0.95,"lower_bound":15779099.242063493,"upper_bound":16087576.25462963},"point_estimate":15811000.86388889,"standard_error":65954.4824221958},"median_abs_dev":{"confidence_interval":{"confidence_level":0.95,"lower_bound":8839.89467806001,"upper_bound":353284.773536277},"point_estimate":85580.24594898093,"standard_error":78008.44793158348},"slope":{"confidence_interval":{"confidence_level":0.95,"lower_bound":15809156.628106568,"upper_bound":16085773.375577698},"point_estimate":15899058.696969697,"standard_error":72338.63000101682},"std_dev":{"confidence_interval":{"confidence_level":0.95,"lower_bound":44355.98140465512,"upper_bound":419473.7683678962},"point_estimate":298009.5013845957,"standard_error":104497.64338811337}}