{"mean":{"confidence_interval":{"confidence_level":0.95,"lower_bound":223326920.3541667,"upper_bound":227608683.98666665},"point_estimate":225444785.46666664,"standard_error":1095606.4132843516},"median":{"confidence_interval":{"confidence_level":0.95,"lower_bound":222889103.5,"upper_bound":229756534.33333334},"point_estimate":224835504.33333334,"standard_error":1538605.7392904244},"median_abs_dev":{"confidence_interval":{"confidence_level":0.95,"lower_bound":485559.3985796122,"upper_bound":7209946.435397834},"point_estimate":3293410.2694302946,"standard_error":1762984.58677099},"slope":null,"std_dev":{"confidence_interval":{"confidence_level":0.95,"lower_bound":2042067.001635601,"upper_bound":4493693.304371302},"point_estimate":3645078.106638034,"standard_error":616202.930606508}}