{"mean":{"confidence_interval":{"confidence_level":0.95,"lower_bound":904208048.4,"upper_bound":1014308406.2325},"point_estimate":958171896.1,"standard_error":28115198.90663322},"median":{"confidence_interval":{"confidence_level":0.95,"lower_bound":888372964.5,"upper_bound":1062969459.0},"point_estimate":912315687.0,"standard_error":60111810.94116477},"median_abs_dev":{"confidence_interval":{"confidence_level":0.95,"lower_bound":370701.88441872597,"upper_bound":122783660.65975428},"point_estimate":88363625.60123205,"standard_error":44013560.84165344},"slope":null,"std_dev":{"confidence_interval":{"confidence_level":0.95,"lower_bound":60117466.21913409,"upper_bound":106674428.84288603},"point_estimate":93546431.1269451,"standard_error":11703737.712652698}}