{"mean":{"confidence_interval":{"confidence_level":0.95,"lower_bound":414839485.55,"upper_bound":432083764.6},"point_estimate":422629882.75,"standard_error":4429932.14342702},"median":{"confidence_interval":{"confidence_level":0.95,"lower_bound":413383955.75,"upper_bound":431301899.75},"point_estimate":415567700.0,"standard_error":4672791.047559101},"median_abs_dev":{"confidence_interval":{"confidence_level":0.95,"lower_bound":766325.5330950022,"upper_bound":21944859.18340087},"point_estimate":4914742.929495871,"standard_error":5328112.559606805},"slope":null,"std_dev":{"confidence_interval":{"confidence_level":0.95,"lower_bound":3233861.9542362974,"upper_bound":19067814.20720968},"point_estimate":14758624.722841596,"standard_error":3901245.0467185895}}