{"mean":{"confidence_interval":{"confidence_level":0.95,"lower_bound":264094128.65,"upper_bound":289175650.34374994},"point_estimate":273074720.55,"standard_error":7466446.596450524},"median":{"confidence_interval":{"confidence_level":0.95,"lower_bound":263458765.5,"upper_bound":269107482.5},"point_estimate":263937272.5,"standard_error":2367495.2708898033},"median_abs_dev":{"confidence_interval":{"confidence_level":0.95,"lower_bound":172013.4728461504,"upper_bound":5907997.067812085},"point_estimate":998732.3452189565,"standard_error":2749416.229260917},"slope":null,"std_dev":{"confidence_interval":{"confidence_level":0.95,"lower_bound":1304469.3982807694,"upper_bound":38152792.15915463},"point_estimate":24840820.67850184,"standard_error":13140954.296861293}}