{"mean":{"confidence_interval":{"confidence_level":0.95,"lower_bound":1190728559.2,"upper_bound":1249742959.2325},"point_estimate":1222047459.1,"standard_error":15185841.52662148},"median":{"confidence_interval":{"confidence_level":0.95,"lower_bound":1193461457.0,"upper_bound":1270399642.0},"point_estimate":1226202901.5,"standard_error":23068525.944177832},"median_abs_dev":{"confidence_interval":{"confidence_level":0.95,"lower_bound":5894394.954353571,"upper_bound":95807608.10257494},"point_estimate":52899754.911741614,"standard_error":21226998.25113683},"slope":null,"std_dev":{"confidence_interval":{"confidence_level":0.95,"lower_bound":27476070.934458673,"upper_bound":66879750.49571054},"point_estimate":50663551.44766189,"standard_error":11241495.118829861}}