{"mean":{"confidence_interval":{"confidence_level":0.95,"lower_bound":-0.06430229316905214,"upper_bound":0.02838819952762764},"point_estimate":-0.018836842664757603,"standard_error":0.023582309692406767},"median":{"confidence_interval":{"confidence_level":0.95,"lower_bound":-0.07764872717835658,"upper_bound":0.057003820211557255},"point_estimate":-0.004504755830396445,"standard_error":0.03679434599743932}}