{"mean":{"confidence_interval":{"confidence_level":0.95,"lower_bound":19859784.468019046,"upper_bound":19996780.819282737},"point_estimate":19927071.02923016,"standard_error":35095.90762012232},"median":{"confidence_interval":{"confidence_level":0.95,"lower_bound":19804750.125,"upper_bound":20023421.5},"point_estimate":19923015.1,"standard_error":49635.25916875433},"median_abs_dev":{"confidence_interval":{"confidence_level":0.95,"lower_bound":25676.366460822494,"upper_bound":195767.91201442812},"point_estimate":162101.08740963042,"standard_error":48119.90059362642},"slope":{"confidence_interval":{"confidence_level":0.95,"lower_bound":19825489.866991628,"upper_bound":19982370.83358632},"point_estimate":19914724.394805193,"standard_error":40513.670776951534},"std_dev":{"confidence_interval":{"confidence_level":0.95,"lower_bound":68685.9849196817,"upper_bound":144471.5898024108},"point_estimate":116872.89733858201,"standard_error":19446.740092118096}}