{"mean":{"confidence_interval":{"confidence_level":0.95,"lower_bound":1307075652.2949998,"upper_bound":1309568252.5},"point_estimate":1308243958.9,"standard_error":637262.9186488991},"median":{"confidence_interval":{"confidence_level":0.95,"lower_bound":1306526496.0,"upper_bound":1309376232.0},"point_estimate":1307983426.5,"standard_error":713383.7513746794},"median_abs_dev":{"confidence_interval":{"confidence_level":0.95,"lower_bound":558035.0627928972,"upper_bound":3399414.932048321},"point_estimate":1918445.8183407784,"standard_error":716920.4362754938},"slope":null,"std_dev":{"confidence_interval":{"confidence_level":0.95,"lower_bound":999394.3370278988,"upper_bound":2880447.8829672323},"point_estimate":2125175.4617444575,"standard_error":519150.28684993036}}