{"mean":{"confidence_interval":{"confidence_level":0.95,"lower_bound":257336264.835,"upper_bound":259525450.52875},"point_estimate":258516045.65,"standard_error":564083.7265994654},"median":{"confidence_interval":{"confidence_level":0.95,"lower_bound":257487321.25,"upper_bound":260051916.0},"point_estimate":258855198.5,"standard_error":664954.6471766352},"median_abs_dev":{"confidence_interval":{"confidence_level":0.95,"lower_bound":393708.12951028347,"upper_bound":2885707.7552184463},"point_estimate":1625114.8961484432,"standard_error":676458.823744387},"slope":null,"std_dev":{"confidence_interval":{"confidence_level":0.95,"lower_bound":781427.4386874525,"upper_bound":2491973.724830866},"point_estimate":1882735.8997710699,"standard_error":454577.1793554679}}