{"mean":{"confidence_interval":{"confidence_level":0.95,"lower_bound":264430096.56375,"upper_bound":272042561.45},"point_estimate":267950529.75,"standard_error":1958761.1984487795},"median":{"confidence_interval":{"confidence_level":0.95,"lower_bound":264834523.5,"upper_bound":271039084.5},"point_estimate":266045822.25,"standard_error":1618734.8037684078},"median_abs_dev":{"confidence_interval":{"confidence_level":0.95,"lower_bound":311603.96686792374,"upper_bound":10530756.387841702},"point_estimate":2743327.378696203,"standard_error":2560722.744567658},"slope":null,"std_dev":{"confidence_interval":{"confidence_level":0.95,"lower_bound":2153241.8597184164,"upper_bound":9024547.675548032},"point_estimate":6514282.713076604,"standard_error":1822363.7072077137}}