{"mean":{"confidence_interval":{"confidence_level":0.95,"lower_bound":209602411.13333333,"upper_bound":235412029.47916663},"point_estimate":220035627.3666667,"standard_error":6791290.44672913},"median":{"confidence_interval":{"confidence_level":0.95,"lower_bound":209121900.0,"upper_bound":228915340.83333334},"point_estimate":210149522.3333333,"standard_error":4548596.918989874},"median_abs_dev":{"confidence_interval":{"confidence_level":0.95,"lower_bound":307017.04964934307,"upper_bound":27822202.0141572},"point_estimate":1554613.808000051,"standard_error":5418090.89566989},"slope":null,"std_dev":{"confidence_interval":{"confidence_level":0.95,"lower_bound":754760.4513468572,"upper_bound":31278936.940433413},"point_estimate":22491997.057249844,"standard_error":8527892.270372083}}