{"mean":{"confidence_interval":{"confidence_level":0.95,"lower_bound":796908640.9,"upper_bound":814936523.2700001},"point_estimate":805903151.6,"standard_error":4604173.09815721},"median":{"confidence_interval":{"confidence_level":0.95,"lower_bound":792968745.0,"upper_bound":813373255.5},"point_estimate":808660996.5,"standard_error":4921984.855005349},"median_abs_dev":{"confidence_interval":{"confidence_level":0.95,"lower_bound":1207065.4402703047,"upper_bound":30859614.21713233},"point_estimate":7796008.073893189,"standard_error":7985232.731652769},"slope":null,"std_dev":{"confidence_interval":{"confidence_level":0.95,"lower_bound":7970901.798839467,"upper_bound":20307074.012449995},"point_estimate":15378589.130780974,"standard_error":3241014.6001988784}}