{"mean":{"confidence_interval":{"confidence_level":0.95,"lower_bound":401742053.02875,"upper_bound":413036932.75},"point_estimate":407026044.4,"standard_error":2876880.824990371},"median":{"confidence_interval":{"confidence_level":0.95,"lower_bound":401165795.0,"upper_bound":411071536.5},"point_estimate":404750102.0,"standard_error":2715332.753110089},"median_abs_dev":{"confidence_interval":{"confidence_level":0.95,"lower_bound":236516.57925099134,"upper_bound":14264796.35784924},"point_estimate":9161430.758652091,"standard_error":3963040.79290791},"slope":null,"std_dev":{"confidence_interval":{"confidence_level":0.95,"lower_bound":3431157.9405922983,"upper_bound":13378184.457865166},"point_estimate":9557128.869199371,"standard_error":2630555.3004653775}}