{"mean":{"confidence_interval":{"confidence_level":0.95,"lower_bound":0.33288729082378365,"upper_bound":0.7088345036775984},"point_estimate":0.5157818296296164,"standard_error":0.09542737691781976},"median":{"confidence_interval":{"confidence_level":0.95,"lower_bound":0.30501479402297016,"upper_bound":0.8831755338396341},"point_estimate":0.5995320739870822,"standard_error":0.17562568988606564}}