{"mean":{"confidence_interval":{"confidence_level":0.95,"lower_bound":3237574.1661244854,"upper_bound":3487761.859088772},"point_estimate":3370941.4178542034,"standard_error":64112.7306719542},"median":{"confidence_interval":{"confidence_level":0.95,"lower_bound":3195727.3209876544,"upper_bound":3552101.634920635},"point_estimate":3445009.986419753,"standard_error":82292.47273069115},"median_abs_dev":{"confidence_interval":{"confidence_level":0.95,"lower_bound":9252.905520543036,"upper_bound":357305.84255099745},"point_estimate":174500.63523384606,"standard_error":87056.71669342392},"slope":{"confidence_interval":{"confidence_level":0.95,"lower_bound":3372677.392451856,"upper_bound":3529694.8603148605},"point_estimate":3463613.167195767,"standard_error":40046.00095701267},"std_dev":{"confidence_interval":{"confidence_level":0.95,"lower_bound":76323.59531313949,"upper_bound":263854.7807917623},"point_estimate":213816.08814016735,"standard_error":42603.235391568734}}