{"mean":{"confidence_interval":{"confidence_level":0.95,"lower_bound":266203081.0,"upper_bound":274495234.16},"point_estimate":270323843.7,"standard_error":2124132.926056456},"median":{"confidence_interval":{"confidence_level":0.95,"lower_bound":264198893.5,"upper_bound":276351269.0},"point_estimate":270046388.25,"standard_error":3035465.345578442},"median_abs_dev":{"confidence_interval":{"confidence_level":0.95,"lower_bound":1624534.458258748,"upper_bound":11924219.85655278},"point_estimate":9008555.798216164,"standard_error":2592969.485634075},"slope":null,"std_dev":{"confidence_interval":{"confidence_level":0.95,"lower_bound":4099718.7603472825,"upper_bound":8876336.911645325},"point_estimate":7060595.310543632,"standard_error":1222826.5380899475}}