{"mean":{"confidence_interval":{"confidence_level":0.95,"lower_bound":256021545.3,"upper_bound":265145545.1},"point_estimate":260626407.45,"standard_error":2330695.566123455},"median":{"confidence_interval":{"confidence_level":0.95,"lower_bound":255604636.5,"upper_bound":265543426.25},"point_estimate":261151938.75,"standard_error":2023654.891600767},"median_abs_dev":{"confidence_interval":{"confidence_level":0.95,"lower_bound":870248.0076000094,"upper_bound":13138461.451345682},"point_estimate":4340326.619593799,"standard_error":3571807.428924824},"slope":null,"std_dev":{"confidence_interval":{"confidence_level":0.95,"lower_bound":3592017.5469553713,"upper_bound":10341895.576230275},"point_estimate":7782352.465472846,"standard_error":1705287.1011912061}}