{"mean":{"confidence_interval":{"confidence_level":0.95,"lower_bound":0.7442907785145495,"upper_bound":1.0394860297966462},"point_estimate":0.918079422990927,"standard_error":0.080746676192073},"median":{"confidence_interval":{"confidence_level":0.95,"lower_bound":0.9085810243812331,"upper_bound":1.0673885480529028},"point_estimate":1.039548248835156,"standard_error":0.05018656934446583}}