{"mean":{"confidence_interval":{"confidence_level":0.95,"lower_bound":-0.010509937323669635,"upper_bound":-0.00492549502505836},"point_estimate":-0.0076856334501852475,"standard_error":0.0014336809693292658},"median":{"confidence_interval":{"confidence_level":0.95,"lower_bound":-0.011503781393548018,"upper_bound":-0.002694833444248035},"point_estimate":-0.00806753979223318,"standard_error":0.002626702904974071}}