{"mean":{"confidence_interval":{"confidence_level":0.95,"lower_bound":42534681225.2675,"upper_bound":42664033043.57},"point_estimate":42602282625.0,"standard_error":32937869.678374812},"median":{"confidence_interval":{"confidence_level":0.95,"lower_bound":42536645760.0,"upper_bound":42660098222.5},"point_estimate":42621761882.0,"standard_error":29257510.706817735},"median_abs_dev":{"confidence_interval":{"confidence_level":0.95,"lower_bound":4742439.237704873,"upper_bound":183030617.65305698},"point_estimate":77720566.71318412,"standard_error":49076424.10020943},"slope":null,"std_dev":{"confidence_interval":{"confidence_level":0.95,"lower_bound":47835471.60323563,"upper_bound":147727108.6554805},"point_estimate":109308471.90352485,"standard_error":26370041.73534805}}