{"mean":{"confidence_interval":{"confidence_level":0.95,"lower_bound":17895502.05064815,"upper_bound":18369330.462344907},"point_estimate":18077689.516574074,"standard_error":132062.66756029343},"median":{"confidence_interval":{"confidence_level":0.95,"lower_bound":17875754.96666667,"upper_bound":18086620.166666668},"point_estimate":17952070.618055552,"standard_error":51649.505006430874},"median_abs_dev":{"confidence_interval":{"confidence_level":0.95,"lower_bound":18328.5495121032,"upper_bound":271440.47085874714},"point_estimate":69970.16909777989,"standard_error":73818.09889637007},"slope":{"confidence_interval":{"confidence_level":0.95,"lower_bound":17839731.320261437,"upper_bound":17971688.593220513},"point_estimate":17897563.193939395,"standard_error":33300.321198197},"std_dev":{"confidence_interval":{"confidence_level":0.95,"lower_bound":59185.080739960424,"upper_bound":667544.7333818247},"point_estimate":437740.4887317117,"standard_error":202529.1879282161}}