{"mean":{"confidence_interval":{"confidence_level":0.95,"lower_bound":40081817.21387037,"upper_bound":40873340.28388889},"point_estimate":40463205.7812037,"standard_error":202726.2022118448},"median":{"confidence_interval":{"confidence_level":0.95,"lower_bound":39894743.32222222,"upper_bound":40941024.2199074},"point_estimate":40266428.00740741,"standard_error":326603.7424236973},"median_abs_dev":{"confidence_interval":{"confidence_level":0.95,"lower_bound":133883.12658309974,"upper_bound":1134039.4534792732},"point_estimate":751191.004303697,"standard_error":276060.853521649},"slope":{"confidence_interval":{"confidence_level":0.95,"lower_bound":39885316.61122324,"upper_bound":40892517.43832021},"point_estimate":40315607.1004329,"standard_error":260901.84308054662},"std_dev":{"confidence_interval":{"confidence_level":0.95,"lower_bound":368967.6021378329,"upper_bound":817323.5091472066},"point_estimate":678417.9289212556,"standard_error":113044.09123287308}}