{"mean":{"confidence_interval":{"confidence_level":0.95,"lower_bound":803332728.7,"upper_bound":817257215.2775},"point_estimate":810099426.2,"standard_error":3662028.6177753992},"median":{"confidence_interval":{"confidence_level":0.95,"lower_bound":801327739.5,"upper_bound":813185318.0},"point_estimate":810541641.0,"standard_error":2396700.3800192312},"median_abs_dev":{"confidence_interval":{"confidence_level":0.95,"lower_bound":414170.2330470085,"upper_bound":25633934.861406684},"point_estimate":3404566.225656867,"standard_error":5750790.390568841},"slope":null,"std_dev":{"confidence_interval":{"confidence_level":0.95,"lower_bound":1736261.0675619417,"upper_bound":17093596.32539593},"point_estimate":12237779.050743453,"standard_error":3352358.264495082}}