{"mean":{"confidence_interval":{"confidence_level":0.95,"lower_bound":789169799.9625,"upper_bound":808683348.7874999},"point_estimate":799016514.1,"standard_error":5047422.244798724},"median":{"confidence_interval":{"confidence_level":0.95,"lower_bound":786172781.5,"upper_bound":811137050.0},"point_estimate":799698970.0,"standard_error":5677844.4282145165},"median_abs_dev":{"confidence_interval":{"confidence_level":0.95,"lower_bound":915714.5303428173,"upper_bound":34102042.56836772},"point_estimate":16374281.1131984,"standard_error":8956467.257942965},"slope":null,"std_dev":{"confidence_interval":{"confidence_level":0.95,"lower_bound":9473866.53415824,"upper_bound":21085714.390396625},"point_estimate":16819287.306654107,"standard_error":3001427.531829115}}