{"mean":{"confidence_interval":{"confidence_level":0.95,"lower_bound":291116448.96,"upper_bound":297898868.79375},"point_estimate":294385959.5,"standard_error":1739315.8558242663},"median":{"confidence_interval":{"confidence_level":0.95,"lower_bound":289309845.25,"upper_bound":299486397.25},"point_estimate":293355132.25,"standard_error":2747134.546466969},"median_abs_dev":{"confidence_interval":{"confidence_level":0.95,"lower_bound":1356760.9650626779,"upper_bound":10125021.407344937},"point_estimate":6087753.789670765,"standard_error":2241096.1700290088},"slope":null,"std_dev":{"confidence_interval":{"confidence_level":0.95,"lower_bound":3302630.5210394016,"upper_bound":7100355.158673997},"point_estimate":5782965.171673236,"standard_error":974049.8605005858}}