{"mean":{"confidence_interval":{"confidence_level":0.95,"lower_bound":75615590770.4,"upper_bound":76772669029.8},"point_estimate":76229687029.4,"standard_error":297121209.3330686},"median":{"confidence_interval":{"confidence_level":0.95,"lower_bound":75541527619.5,"upper_bound":76879373919.0},"point_estimate":76448424133.0,"standard_error":310795507.42230827},"median_abs_dev":{"confidence_interval":{"confidence_level":0.95,"lower_bound":140424159.9869728,"upper_bound":1554984975.173798},"point_estimate":664680367.7319646,"standard_error":381865153.07404965},"slope":null,"std_dev":{"confidence_interval":{"confidence_level":0.95,"lower_bound":390968436.6824444,"upper_bound":1282662182.9340146},"point_estimate":988660741.4553958,"standard_error":222460146.72289652}}