{"mean":{"confidence_interval":{"confidence_level":0.95,"lower_bound":231383774.3441667,"upper_bound":239258934.43333334},"point_estimate":235335457.4333333,"standard_error":2013728.729401097},"median":{"confidence_interval":{"confidence_level":0.95,"lower_bound":229058241.66666666,"upper_bound":241603959.33333334},"point_estimate":235378780.0,"standard_error":3429304.9960462847},"median_abs_dev":{"confidence_interval":{"confidence_level":0.95,"lower_bound":2171196.496653557,"upper_bound":11213625.380018368},"point_estimate":9300140.341189519,"standard_error":2427527.5067276447},"slope":null,"std_dev":{"confidence_interval":{"confidence_level":0.95,"lower_bound":4236414.748917446,"upper_bound":7939128.504063896},"point_estimate":6721669.456584788,"standard_error":938027.824117017}}