{"mean":{"confidence_interval":{"confidence_level":0.95,"lower_bound":-0.03146634030617927,"upper_bound":0.016119454015267574},"point_estimate":-0.010022102003369837,"standard_error":0.012136276353337173},"median":{"confidence_interval":{"confidence_level":0.95,"lower_bound":-0.037078034346587074,"upper_bound":0.013019872784827857},"point_estimate":-0.00580960994933466,"standard_error":0.014448050820767394}}