{"mean":{"confidence_interval":{"confidence_level":0.95,"lower_bound":288263565.0,"upper_bound":296686974.4},"point_estimate":292635198.85,"standard_error":2152411.2103936085},"median":{"confidence_interval":{"confidence_level":0.95,"lower_bound":286794005.5,"upper_bound":297267358.0},"point_estimate":293712487.0,"standard_error":2343128.680949455},"median_abs_dev":{"confidence_interval":{"confidence_level":0.95,"lower_bound":868682.0113778114,"upper_bound":12719488.335683942},"point_estimate":4601753.102302551,"standard_error":3025232.3356884453},"slope":null,"std_dev":{"confidence_interval":{"confidence_level":0.95,"lower_bound":3190887.087155922,"upper_bound":9289774.09863358},"point_estimate":7179791.449844031,"standard_error":1490070.3962981426}}