{"mean":{"confidence_interval":{"confidence_level":0.95,"lower_bound":409003049.6,"upper_bound":430007184.83750004},"point_estimate":418712484.25,"standard_error":5388050.286790338},"median":{"confidence_interval":{"confidence_level":0.95,"lower_bound":406408373.75,"upper_bound":430159926.0},"point_estimate":411900624.5,"standard_error":5909246.336004525},"median_abs_dev":{"confidence_interval":{"confidence_level":0.95,"lower_bound":1196531.5674573183,"upper_bound":28054251.14903748},"point_estimate":8772392.077758908,"standard_error":7526297.321850651},"slope":null,"std_dev":{"confidence_interval":{"confidence_level":0.95,"lower_bound":5873344.017103939,"upper_bound":22513621.185236633},"point_estimate":17964596.505774133,"standard_error":4041141.297958846}}