{"mean":{"confidence_interval":{"confidence_level":0.95,"lower_bound":3537115989.2,"upper_bound":4135540483.52},"point_estimate":3794622011.9,"standard_error":155739387.19296598},"median":{"confidence_interval":{"confidence_level":0.95,"lower_bound":3476276262.0,"upper_bound":3976738316.5},"point_estimate":3614650453.5,"standard_error":126506833.07378082},"median_abs_dev":{"confidence_interval":{"confidence_level":0.95,"lower_bound":52918025.73251724,"upper_bound":626906924.3011773},"point_estimate":209174748.52390587,"standard_error":153259348.93623215},"slope":null,"std_dev":{"confidence_interval":{"confidence_level":0.95,"lower_bound":118118743.69865872,"upper_bound":734635994.0959051},"point_estimate":519269454.2385062,"standard_error":172157087.13058206}}