{"mean":{"confidence_interval":{"confidence_level":0.95,"lower_bound":2690743.5434841276,"upper_bound":3836097.0888386243},"point_estimate":3260724.3072804236,"standard_error":300583.690914047},"median":{"confidence_interval":{"confidence_level":0.95,"lower_bound":2314336.1833333336,"upper_bound":4213332.125},"point_estimate":3218518.186111111,"standard_error":802829.4612829036},"median_abs_dev":{"confidence_interval":{"confidence_level":0.95,"lower_bound":5881.597645580999,"upper_bound":1409080.2697022685},"point_estimate":1348821.384395967,"standard_error":558883.5604478169},"slope":{"confidence_interval":{"confidence_level":0.95,"lower_bound":3357968.3495238097,"upper_bound":4174920.5579752373},"point_estimate":3940821.4827705626,"standard_error":216180.79417214502},"std_dev":{"confidence_interval":{"confidence_level":0.95,"lower_bound":773930.8545430294,"upper_bound":1013987.2225769222},"point_estimate":997347.9513990555,"standard_error":87335.32286734856}}