{"mean":{"confidence_interval":{"confidence_level":0.95,"lower_bound":421439060.5,"upper_bound":435509597.7},"point_estimate":428406609.85,"standard_error":3605196.3417706424},"median":{"confidence_interval":{"confidence_level":0.95,"lower_bound":418034901.0,"upper_bound":440039615.5},"point_estimate":425601244.0,"standard_error":6657607.4453259315},"median_abs_dev":{"confidence_interval":{"confidence_level":0.95,"lower_bound":121531.31439238787,"upper_bound":19852246.04510218},"point_estimate":18994106.06083721,"standard_error":5380909.515836852},"slope":null,"std_dev":{"confidence_interval":{"confidence_level":0.95,"lower_bound":7823747.011820092,"upper_bound":14154900.054765426},"point_estimate":12017214.295188328,"standard_error":1636451.9677223961}}