{"mean":{"confidence_interval":{"confidence_level":0.95,"lower_bound":98714044.1638889,"upper_bound":103008294.11999997},"point_estimate":100558373.9613889,"standard_error":1116863.7420748181},"median":{"confidence_interval":{"confidence_level":0.95,"lower_bound":98402586.5,"upper_bound":101406424.8},"point_estimate":99816881.66666666,"standard_error":795863.1057411287},"median_abs_dev":{"confidence_interval":{"confidence_level":0.95,"lower_bound":220206.84288055956,"upper_bound":4325681.311728805},"point_estimate":2162840.6558644027,"standard_error":1010090.5510984418},"slope":{"confidence_interval":{"confidence_level":0.95,"lower_bound":98674245.71923743,"upper_bound":101741705.26579925},"point_estimate":100302544.54545455,"standard_error":818399.3795537651},"std_dev":{"confidence_interval":{"confidence_level":0.95,"lower_bound":1118617.731292142,"upper_bound":5430654.754361176},"point_estimate":3734574.393456687,"standard_error":1292019.5006508364}}