{"mean":{"confidence_interval":{"confidence_level":0.95,"lower_bound":-0.012087290543547131,"upper_bound":0.00682006846655441},"point_estimate":-0.0038524969048601143,"standard_error":0.0047558093651269995},"median":{"confidence_interval":{"confidence_level":0.95,"lower_bound":-0.014269863258069115,"upper_bound":0.0020400628059524806},"point_estimate":-0.005113120517533543,"standard_error":0.003821303684725038}}