{"mean":{"confidence_interval":{"confidence_level":0.95,"lower_bound":331458361.52875,"upper_bound":336262873.75},"point_estimate":334013174.85,"standard_error":1237999.9931576187},"median":{"confidence_interval":{"confidence_level":0.95,"lower_bound":330297233.0,"upper_bound":337507599.5},"point_estimate":335192157.75,"standard_error":1778980.5684441458},"median_abs_dev":{"confidence_interval":{"confidence_level":0.95,"lower_bound":264308.2864075899,"upper_bound":7136178.808857501},"point_estimate":3594499.1430848837,"standard_error":1789020.147631656},"slope":null,"std_dev":{"confidence_interval":{"confidence_level":0.95,"lower_bound":1790622.120118307,"upper_bound":5065004.51376785},"point_estimate":4126844.380776404,"standard_error":843587.83663699}}