{"mean":{"confidence_interval":{"confidence_level":0.95,"lower_bound":0.7219205113075114,"upper_bound":0.7718009971817117},"point_estimate":0.7473987908738693,"standard_error":0.012646474991411319},"median":{"confidence_interval":{"confidence_level":0.95,"lower_bound":0.7185802331053686,"upper_bound":0.7916204352876968},"point_estimate":0.7668527543630257,"standard_error":0.02185453481313059}}