{"mean":{"confidence_interval":{"confidence_level":0.95,"lower_bound":1027984781.73,"upper_bound":1207549771.9},"point_estimate":1113967978.4,"standard_error":44940495.64607273},"median":{"confidence_interval":{"confidence_level":0.95,"lower_bound":1012428760.0,"upper_bound":1328990273.0},"point_estimate":1031219557.0,"standard_error":75575530.32435499},"median_abs_dev":{"confidence_interval":{"confidence_level":0.95,"lower_bound":1956180.211570859,"upper_bound":223152381.57545328},"point_estimate":34814687.60421574,"standard_error":60616042.24671619},"slope":null,"std_dev":{"confidence_interval":{"confidence_level":0.95,"lower_bound":20377693.21296078,"upper_bound":167029965.19922602},"point_estimate":149775671.68429372,"standard_error":28956306.34548446}}