{"mean":{"confidence_interval":{"confidence_level":0.95,"lower_bound":410130164.8,"upper_bound":451487646.5},"point_estimate":427491550.15,"standard_error":10881594.163416442},"median":{"confidence_interval":{"confidence_level":0.95,"lower_bound":405770811.25,"upper_bound":438367089.0},"point_estimate":418390525.25,"standard_error":6490644.11461439},"median_abs_dev":{"confidence_interval":{"confidence_level":0.95,"lower_bound":355209.08534377813,"upper_bound":36531189.221441746},"point_estimate":9495379.360373318,"standard_error":10068332.303252803},"slope":null,"std_dev":{"confidence_interval":{"confidence_level":0.95,"lower_bound":7970876.720503073,"upper_bound":53009749.40390767},"point_estimate":36354919.502843946,"standard_error":13339003.116563795}}