{"mean":{"confidence_interval":{"confidence_level":0.95,"lower_bound":-0.01791245215481661,"upper_bound":0.025553103456826015},"point_estimate":0.004430030883610492,"standard_error":0.011153347562170226},"median":{"confidence_interval":{"confidence_level":0.95,"lower_bound":-0.01585879337996421,"upper_bound":0.0332818647259705},"point_estimate":0.004062271661109174,"standard_error":0.01202521322753388}}