{"mean":{"confidence_interval":{"confidence_level":0.95,"lower_bound":0.2799323484750113,"upper_bound":0.6655703832031931},"point_estimate":0.4707326941928016,"standard_error":0.0973301485352134},"median":{"confidence_interval":{"confidence_level":0.95,"lower_bound":0.1387209687088904,"upper_bound":0.7363749223639358},"point_estimate":0.38347063060437536,"standard_error":0.15305119091959732}}