{"mean":{"confidence_interval":{"confidence_level":0.95,"lower_bound":1064122593.1,"upper_bound":1089921809.0},"point_estimate":1074618599.6,"standard_error":6938319.888040329},"median":{"confidence_interval":{"confidence_level":0.95,"lower_bound":1062624521.0,"upper_bound":1079413853.5},"point_estimate":1064530204.5,"standard_error":4841122.046331086},"median_abs_dev":{"confidence_interval":{"confidence_level":0.95,"lower_bound":887660.773640871,"upper_bound":18303091.787955165},"point_estimate":6907965.530759096,"standard_error":5602285.215109045},"slope":null,"std_dev":{"confidence_interval":{"confidence_level":0.95,"lower_bound":4782141.862390812,"upper_bound":34720527.16556174},"point_estimate":23211034.976760738,"standard_error":9458426.677801045}}